client_id,default
CC_0012A082B7B7,0.1522813974625733
CC_0012BC27DFB6,0.13710441528508832
CC_001563B2143D,0.12614552673699625
CC_001B46930B6F,0.0985510252596127
CC_001D771E1C9F,0.055853111321288236
CC_0028BD91E759,0.06248744261508321
CC_0029971D7EF4,0.2439761389012026
CC_002B8C00B239,0.04273760973562495
CC_0035DFA86185,0.7605818458575196
CC_0042D11A6D0F,0.06028019857633346
CC_004D21A4ABB6,0.11856637037865837
CC_004EE05FC2EF,0.5933999968799717
CC_0050E546EDCE,0.738644186777091
CC_005D7F31F785,0.07162084930601884
CC_0079996ED779,0.17718061206571029
CC_0082B4E1D9CE,0.04889514136488193
CC_00B01C73CEB8,0.16333978743681576
CC_00B74FFEEA53,0.1826339404706438
CC_00BF6791C18C,0.12451259203672531
CC_00C5E30B288C,0.31833703572171174
CC_00C68CE1CC12,0.38524329022050396
CC_00CC4148959F,0.17850706699259403
CC_00D428772D30,0.3839331601577789
CC_00D5806C7783,0.09108798246683464
CC_00D5C677C2AE,0.4565266713451343
CC_00DA781C4D66,0.09795932488170903
CC_00E7E2D6B548,0.20782596957115745
CC_012BC0A68DC1,0.08865433324377946
CC_014911033882,0.15028747004682227
CC_014F7EF4E595,0.6471984709358329
CC_016501B25F2B,0.06293186285696484
CC_016767D9B049,0.043304503653589815
CC_017598512EA2,0.12856584135903182
CC_01941532C804,0.14835717350482472
CC_01A66C6E22FF,0.7584155743853622
CC_01A684355200,0.1807981342419156
CC_01AC62740827,0.12279607368399936
CC_01B0EFE5DB79,0.24253587236879554
CC_01B876B2988F,0.21320256652064926
CC_01CBB64C1DB1,0.3518802325478069
CC_01DBD993A1FC,0.06399285346068942
CC_01DC49D55C2D,0.043173454023022306
CC_01EF18A3ADBC,0.4989804060266217
CC_020252D37557,0.18741895596121655
CC_020BCDBCA8CA,0.3470477115197761
CC_021A6DD97ED4,0.13652876067473435
CC_022054506F33,0.0747409687796533
CC_0225D6231EAA,0.07227979968712678
CC_024B524B0176,0.03620041691745802
CC_0256303A6DC0,0.2191691584080479
CC_02589E6E4714,0.07006035508337413
CC_025927626E10,0.7441694667477352
CC_0283023DB294,0.0429907185182949
CC_02903C6FC0C0,0.1810923466923453
CC_0296E572CF21,0.048918242026584735
CC_02999E509460,0.5820956768946283
CC_029E835D91BB,0.08394923965492235
CC_02A32EC3526B,0.10624154718707296
CC_02A393632CD3,0.2513878579404467
CC_02A3E21B28BC,0.753909241956662
CC_02A4B4644529,0.09578605096278088
CC_02B43865B30E,0.06337634934021814
CC_02B5A1A178A2,0.1782287733922115
CC_02BC4785773C,0.260786139657498
CC_02BEDD9627DD,0.6983741508268289
CC_02CD2C1EFBB0,0.11336243485636949
CC_02D4430492D3,0.34022365390573395
CC_02F79A06858B,0.10513909187914089
CC_02FA254C9D43,0.04487613800831161
CC_03062402B4EE,0.06263925530342909
CC_03072CF2EC63,0.3236372148740584
CC_0315369B079D,0.1010083973513122
CC_03199242A810,0.17198066311319601
CC_03214BA76DB4,0.22579578218956303
CC_032735A44CC6,0.06697789354788537
CC_0330340F2FE5,0.1805404788867952
CC_033236FAAFDB,0.160803556600232
CC_0337298F948C,0.05451051255159164
CC_0341CAE5E2E8,0.2090266924750277
CC_03434E2371CD,0.3616767364337379
CC_03547AAB948A,0.23307041594055977
CC_0354D0453D8E,0.10555891346948942
CC_03592E51F427,0.7789997259821022
CC_0365DEB525A3,0.1000806694727846
CC_036782052BC9,0.3224855381643492
CC_036977A50F1A,0.14119635875656783
CC_03720D08B8C2,0.22796170995048468
CC_038AE599BCA8,0.35461786725062305
CC_039E67CDFE1E,0.3481294011345446
CC_03AC962FC717,0.18466690965662744
CC_03B00DFA3A85,0.8071225090350875
CC_03BC6380E968,0.4655066938750529
CC_03BC730E0B02,0.02465122951491877
CC_03BD4F22DA3D,0.1396067337860518
CC_03C7E1EF6F69,0.8159967835692963
CC_03C9FA383477,0.09869387966043337
CC_03D1AAE90CA6,0.05915855748346255
CC_03DBB9598F39,0.13867920424787994
CC_03F18B43797C,0.09645898071868086
CC_03F80118E46D,0.05370223131260621
CC_0405E0151A6D,0.16669686821401264
CC_041FEE6C805E,0.34491930555131023
CC_042F88EE269B,0.1915455266839296
CC_043D98ED7F98,0.1883479606025798
CC_044C3537B769,0.1566070865368158
CC_045932C46685,0.13335142140414113
CC_04629624AA8D,0.20565000621335539
CC_04690B4A6AF1,0.23962220012552155
CC_046CF40369FB,0.11420879706315654
CC_046D6EC816AB,0.40540627486136627
CC_0475CD95EDC9,0.1063842227899841
CC_04796F06B82B,0.12746923466547389
CC_04AC7C1CE736,0.3460569089739318
CC_04AEDD051B96,0.3094489666503015
CC_04B42AD0E01A,0.3274882794038576
CC_04BBD1DB360C,0.3199350503631713
CC_04C767FFDA0F,0.45449514501189403
CC_04C7B819B9B9,0.08890952225010167
CC_04D127A775DE,0.08394070846171606
CC_04D9ED00053F,0.06475828399779664
CC_04E0EFC4F548,0.2677073494118443
CC_04E6848903E8,0.04002854340135461
CC_04F69D03ECE1,0.2760347726611214
CC_04FA1CFA1DEB,0.23152273870501938
CC_04FA6842AC62,0.0384740095887183
CC_0502F3791166,0.264994118601545
CC_050B514E15FD,0.1632459661743326
CC_051ADBD6D835,0.10983129863239408
CC_051B4644216C,0.06957764908460572
CC_051C0A644DD3,0.028645873484844632
CC_051CBF566856,0.03830840796817187
CC_051EEA9AE819,0.14565254792359997
CC_0520E27BE904,0.15937346755942394
CC_05224448D290,0.11888145885291308
CC_0525DE4744C0,0.042042051786953374
CC_052F5CD81EFE,0.19391655310176328
CC_05368FAD2E6D,0.07604438898830546
CC_053788B82006,0.10086978353962514
CC_05471A48C6F5,0.1635933143726347
CC_056DBA1A87BA,0.08429709434218355
CC_05901F3E7A0D,0.15524119933418878
CC_05906BC8ED3F,0.13522539944065637
CC_059D55E32C78,0.09185188186282166
CC_05A12EF84A86,0.45596361952561226
CC_05A42D035609,0.12643000973316448
CC_05AD75A5CE38,0.06085753072879414
CC_05BBD4B92613,0.5822113762806659
CC_05C8EF6500D7,0.7908590771421883
CC_05DDB7B07497,0.08855208028554774
CC_05ECAE6E0774,0.23996204709283714
CC_05F11F14DF9E,0.3263038907314374
CC_05FA9192590F,0.1430016904777915
CC_05FD764FB154,0.7564501177520022
CC_0608DBB4DF03,0.23297875228528991
CC_06198383F6D4,0.10807567634078119
CC_06199EBE2B05,0.17616165465967293
CC_062A8881A331,0.06505711639710106
CC_062F74350907,0.05719099039160379
CC_0635AD30F004,0.7982362681132205
CC_0639F539946C,0.2530880637837339
CC_063DDB42CF5C,0.07583577320293347
CC_06405C00E240,0.2741360198481357
CC_064920FC9DAC,0.07122693223480489
CC_0650AB329174,0.781699833958115
CC_066941B109B9,0.19886083888959888
CC_066AA16F5874,0.31856981036854076
CC_06732311FB8B,0.1517968043488758
CC_06780061F889,0.10678766727984687
CC_068A81B06B74,0.41790937437729203
CC_06A1C5FE269B,0.30441259052971376
CC_06AA7138DAF8,0.041868313851591815
CC_06C0DD0D066E,0.7619724070771188
CC_06C97CFBD476,0.14936868868169992
CC_06D15F523C05,0.21348515627457354
CC_06D35787AD65,0.043635380675045396
CC_06DA375201A2,0.08809627606245855
CC_06DB455FF19B,0.6330005288459244
CC_06F3674E7313,0.4769546613950282
CC_070232DF9996,0.12624355953181615
CC_07141FA77DBF,0.10610369253866367
CC_0715F11CC8CA,0.2256841439388032
CC_07168A9C843C,0.18697145298031875
CC_072AB9F855DD,0.04337266395477035
CC_07337AF6AC2A,0.12012661470560651
CC_07434E4E5C28,0.07795769968513326
CC_074381358A2C,0.03350741265977162
CC_074E7CA75E8A,0.26006765627188755
CC_075D0C618BAB,0.22523831400200897
CC_075D804F7851,0.09837740350937903
CC_0765961D818F,0.401998702813673
CC_07698F10563E,0.06057896333105832
CC_0773B9BA9E18,0.3595238053492188
CC_0784ABDA7F8C,0.22946907187770768
CC_0790C9F9EC9C,0.0846891206897327
CC_07A996E6CA6C,0.315506629392783
CC_07B588ED677A,0.15958229923294628
CC_07B730FD7F82,0.13439609033548922
CC_07BE6961D039,0.08516460906413521
CC_07D23A6BAF5C,0.12866108671778112
CC_07E08196A3DB,0.053932763127706534
CC_07E4850039B3,0.0935631018421548
CC_07FAAF8B2D23,0.0554638084094763
CC_07FB3FD9BE0B,0.11488712714824376
CC_080CB94A724F,0.3189562425538202
CC_0837C56711FE,0.09599104136403142
CC_084100A049EE,0.05743100452138476
CC_084113D0951B,0.2814300555840696
CC_0843DDCDD601,0.6559830376616473
CC_0846C14EAAFE,0.0509762543396467
CC_085091ADED2C,0.17769672080124602
CC_087943B4A5D2,0.15672847204042262
CC_08A97B98C405,0.1603991264857454
CC_08AA321BC4AD,0.15067150017965875
CC_08AA44ECBDD5,0.07137257818093368
CC_08AE2EE9D798,0.18349831785744908
CC_08B149462891,0.16955477564378962
CC_08C71A8D2D58,0.05224810855482981
CC_08D645F7B257,0.06182383192846332
CC_08D80BF0B273,0.05886084301728241
CC_08F52B1BE431,0.2036205544136212
CC_0903571AC7E7,0.1569728389378097
CC_090D528C09D0,0.43982674411669653
CC_09106BA6CFC9,0.09660970784242821
CC_0915905A5D48,0.10339371418628454
CC_0918F67CDF01,0.15149835972530012
CC_0925D0B6276C,0.15420863517027694
CC_092A2830E36A,0.7931281880470579
CC_0951489C8F79,0.04158054116508094
CC_0951FA4D5513,0.0964583500425765
CC_095C712064EA,0.07503975899047213
CC_0969AA7BEC71,0.08544327723047862
CC_0974840BED49,0.7613802018334674
CC_097BD371F652,0.08547859879928432
CC_097C8139DBD1,0.05995086276022925
CC_0981CA4DBCE0,0.027632027949985403
CC_09A5D2F129A4,0.23792827892820165
CC_09A9BE38080D,0.09473440317235782
CC_09CDC42E000B,0.16761605705983715
CC_09D8DBAB2A42,0.13304350009366786
CC_09EBB1960580,0.05108235170613673
CC_09EBF206FEE6,0.17609245900574721
CC_09F2AE996181,0.07550132509661828
CC_09F45833F53F,0.14071500111480323
CC_09F4F5C5B4EA,0.7870066152005023
CC_0A04BF4005F8,0.20665365502981642
CC_0A0E563D1060,0.08047074890647544
CC_0A0F781A999D,0.19105367797049433
CC_0A1138C37BC0,0.15527298042339016
CC_0A334A16524B,0.05954624536149418
CC_0A359CD5D73A,0.06162015004832433
CC_0A3E2C273DB5,0.08541451368463107
CC_0A4705B1E08B,0.05850785256160862
CC_0A67EB7C5282,0.13494036121099207
CC_0A6CD64871E5,0.37363409739350517
CC_0A75643FDC7B,0.06507812665475686
CC_0A8066F501AC,0.046904765709813015
CC_0A83017D027D,0.1666505162127378
CC_0A9AB7441D5B,0.3355555017429485
CC_0AAA72FA148E,0.33874117816337296
CC_0AAC488C8AE4,0.4217846700957915
CC_0AC2DB82398C,0.3260495647250378
CC_0ACA2C49A497,0.11398174026020982
CC_0AD4BBEA75ED,0.050595446059358104
CC_0ADCD6553B8C,0.06241265721824933
CC_0ADE56B56C41,0.03860148773099816
CC_0AF4B5B4162F,0.7487942140990662
CC_0AF9BD814AC7,0.11382143570931783
CC_0B083BE0FEA3,0.1131866287219192
CC_0B1384331163,0.06541404578042699
CC_0B216C6AF0F2,0.02961630247121461
CC_0B3465DB0684,0.5692622043473173
CC_0B442B91679E,0.1401593020951723
CC_0B455175F494,0.10738468466694509
CC_0B4C01B4002C,0.24526666536619318
CC_0B544A526D6C,0.05855646466396712
CC_0B5B19AFCD18,0.05472758598220598
CC_0B5BD2D224BF,0.06085695006850311
CC_0B6407C2C9BD,0.13775776335466672
CC_0B73F59991EE,0.08274972712923769
CC_0B7579216681,0.08117869753485799
CC_0B7F3B4B32C1,0.2358873184562916
CC_0B830A67900A,0.12848261061296443
CC_0B84250F96B8,0.1902817539714061
CC_0B92212B8E27,0.314975985541606
CC_0BB43BC4B3BC,0.11754189080963044
CC_0BB992973640,0.059824765231806756
CC_0BBC41297846,0.09814228659993224
CC_0BDDB468A1E0,0.3048477960138428
CC_0C00A631C2B4,0.08067791597310398
CC_0C011AF6C857,0.31867838758470074
CC_0C0459AB67DE,0.14632034929635993
CC_0C18B07E451D,0.12496189771896624
CC_0C19EB845CA2,0.2669945742041863
CC_0C1A736F37CC,0.07651089829875349
CC_0C335C9D86F7,0.7782762001005031
CC_0C4C24D066E9,0.17319155539502623
CC_0C5499989AF4,0.1715403860008247
CC_0C95548CC1BD,0.14299792502016678
CC_0CA2DE660B41,0.23687814045488959
CC_0CA6D8CFCF2B,0.22887058630293206
CC_0CA9DF9C5C15,0.07330518098548018
CC_0CA9F52C92A8,0.19617776340223975
CC_0CAFB6C41CE7,0.10960224252333127
CC_0CB27D5313F1,0.5775052212689941
CC_0CC9DDDB8B44,0.05230797547508802
CC_0CCA18595BA5,0.19407980475382358
CC_0CD90568D3E6,0.19239043633106312
CC_0CE0D56B0584,0.09659314206059262
CC_0CEA028BF961,0.2654213187732281
CC_0CF67D68AF16,0.3721471007361813
CC_0CFAA0FB0691,0.07003095954338104
CC_0CFFD2785D2D,0.1116140895159613
CC_0D28AF91CE97,0.13833699692694496
CC_0D34E55A580B,0.10793870458499115
CC_0D3663B6524E,0.7591593193872095
CC_0D3C2864ACD2,0.3598526517973666
CC_0D5F4BE8132C,0.16025046432563372
CC_0D6D5ACB0889,0.27835687853094565
CC_0D7BFE8CC0D5,0.1378285378262623
CC_0D8852AAB481,0.21820587013246617
CC_0D97EF394C79,0.44669234321712636
CC_0DA8FDDE6DD0,0.06958787668253771
CC_0DABB89E37CE,0.07844892910535736
CC_0DAF0F2FAA86,0.12145275931838001
CC_0DB9E5F8EDAD,0.08132773025284329
CC_0DBC64F88C05,0.16018009530220345
CC_0DBDF018E822,0.08434299324096783
CC_0DC31A5A1096,0.05068428540489053
CC_0DC3870F23D0,0.0488085990116349
CC_0DD39F5D7C0D,0.0675662715293781
CC_0DDC2C18BBDE,0.05794286891393529
CC_0DE09CAA93E5,0.13660723354035237
CC_0DEA4477FDC1,0.14740008462497664
CC_0DED63EF6639,0.20289262644977696
CC_0DED7DBF26F6,0.24002401954263686
CC_0DF01CD21B9D,0.17944037730426302
CC_0DF6A478C01B,0.22053637397035575
CC_0DFE1A3FA5AE,0.16818633366488694
CC_0E07D5FB24B2,0.11382442123109868
CC_0E0CD9F23A5F,0.7548450426323841
CC_0E121FCB1D47,0.08757027445244592
CC_0E1423A4C263,0.19715580710375
CC_0E16883EE8E6,0.3830494714835475
CC_0E1A2BA1C545,0.22024308278553456
CC_0E2B52BBA69B,0.07781543678310357
CC_0E40BAFC3530,0.17298188569445289
CC_0E48EE235179,0.06658041593397414
CC_0E4FA0FB9797,0.601768058398249
CC_0E5162F59924,0.7407121504355757
CC_0E5E2FCAC8C2,0.2564679409703451
CC_0E68C2BE2A75,0.1316904410021948
CC_0E6C5A8D8CE4,0.11387694640610235
CC_0E6E9B0E674E,0.09321064911955405
CC_0E746EAD6CE9,0.07980072421111833
CC_0E968E7C22C1,0.35222561231584015
CC_0EA1483F50A9,0.18529937365150026
CC_0EA81362C7D1,0.1670916575138489
CC_0EAE97520873,0.3043151689735132
CC_0EBCF4228FF2,0.5093556615393653
CC_0EBDEFD0BDC2,0.07521196857258947
CC_0EC6AEDA63EC,0.3445864680377645
CC_0ED61DD76795,0.09357700948070445
CC_0EE33B1B71D5,0.12957598135474654
CC_0EE7EFF13EBA,0.059175632054368106
CC_0F0F136B0991,0.1291243966930416
CC_0F0FAF218BCB,0.0634177400488887
CC_0F125B48F175,0.10227012016496412
CC_0F292A238627,0.1172548471753294
CC_0F2949A1746E,0.08721646542777664
CC_0F2B71163121,0.08120675270216367
CC_0F393F1DE2EB,0.06773094043223792
CC_0F41B187053C,0.4084229616266849
CC_0F52EDC9D383,0.11820833486510651
CC_0F62C4F36236,0.10069058341475497
CC_0F6A29CE5D45,0.1823190426514134
CC_0F7C0515A6CF,0.1781302392479395
CC_0F8D6C89202F,0.18392728719102983
CC_0F933684CC08,0.1634125923837972
CC_0F9BA54F2AF6,0.06290477677189324
CC_0FA06CE7FAE8,0.0498798028950513
CC_0FD25AA655DA,0.15292474695365949
CC_0FF5570E06EC,0.7309182665090532
CC_10197FE0E34B,0.6612594551843164
CC_10355B5718CD,0.10782336276715
CC_103A9D18EC12,0.155469782790984
CC_1040DB6A21EA,0.12086555704113353
CC_104D2B84FC4F,0.04368971368101077
CC_104EA2802A11,0.10324424184806683
CC_105777B1BF91,0.05858048251607642
CC_1059F1B6C0C3,0.13009044822839336
CC_1061947FDD14,0.06309248459212186
CC_10689257E68C,0.354176761619446
CC_106BFCFA7D7B,0.037209918947096986
CC_108FA04AC10D,0.07520592627698651
CC_1092915D0093,0.11451554192201166
CC_10A30F88E157,0.16458428346115067
CC_10A657027AC9,0.7525259921264353
CC_10A6EAF27BF3,0.04857566721945217
CC_10B148BED568,0.38417871200046494
CC_10BB7101F191,0.031570595571722405
CC_10BC5BC3A9AD,0.34197022427709556
CC_10F27C70AB99,0.12067711810215136
CC_10FADDF63CDC,0.16014864020450453
CC_1107D9301AA0,0.08898506210746576
CC_111A6DE5D9C7,0.7194495188300307
CC_111DC3B1756E,0.2486696022279135
CC_1131156CC6F6,0.14707142241284538
CC_113B66D5D5D9,0.1308299716868815
CC_1143254EFF36,0.05387327265205769
CC_1145E5277FA7,0.3013525667023812
CC_11521077BBB0,0.127830251589003
CC_1154861ABCCB,0.563064980451566
CC_115BCAEAE2A0,0.0972497890365141
CC_115BF13E8BFC,0.2610234270929802
CC_115EBE5044BD,0.34432516329530183
CC_1165AA07FC47,0.6917094172681
CC_116EE8219753,0.05433489762096966
CC_1176FA3233B3,0.05868779991654293
CC_117C2A1587ED,0.08786757548709084
CC_118C0A1D14B2,0.2484900824691706
CC_118ECB589F3C,0.1078546056045104
CC_1190F13FB1FC,0.1117204313953219
CC_1192EEC65A1E,0.21052671302608042
CC_119B1FEC4D83,0.2080788411047103
CC_119C413C2580,0.10933710165729159
CC_11AB74142A2E,0.8005663030512749
CC_11C8A291FD11,0.1686276857636244
CC_11D1E9C39E41,0.0623007502540821
CC_11D600EE1BD6,0.17026590727174543
CC_11D7539AC69D,0.19282629973660448
CC_11D78BB50016,0.11966849317623943
CC_11E0C583685C,0.10507145437465147
CC_11E0D2F15AA1,0.03855024872639986
CC_11EDFE67C719,0.6775467011541008
CC_11EE85F284B8,0.2418693781045702
CC_11F700202C6D,0.16187149447604282
CC_11FB668DF543,0.10793954777360053
CC_1209FA26609D,0.03840546138647865
CC_120CA1B916D0,0.12331577396364668
CC_1210186F4D33,0.06712855201850897
CC_121F621374FC,0.2199196239648501
CC_122532C1FBCB,0.13486128848543616
CC_122B19CBC88C,0.6852720735519504
CC_123C7F0111C7,0.6341205265687593
CC_1241EE42F174,0.14558901640249522
CC_125B7100F1DD,0.12653466183029558
CC_1263B255B3B5,0.1728899365842712
CC_12878596E940,0.08629048329046246
CC_1298ED71A9E0,0.06427830518274137
CC_12B555C6F086,0.11869861525214245
CC_12D22C629874,0.1749226076826602
CC_12DD89EA0C14,0.16536237502114293
CC_12E24CDE2684,0.19178309012415323
CC_12F3B7309455,0.5887993814063335
CC_12F8E7A4BBE5,0.3470064761932099
CC_12FDEAE4873F,0.20326318178603664
CC_130F7B067939,0.3610658879807361
CC_13209EDC85EE,0.6738595534145925
CC_1332B6F0E543,0.2154149693924078
CC_1334E256AEBC,0.6561756867584635
CC_1337726B2AE6,0.09899410212524125
CC_1338237BF402,0.20921134703197306
CC_1341DF38D9C1,0.16831698365109796
CC_1342F868176B,0.6463211546203165
CC_134651CCD2F8,0.1536744275174763
CC_1363E3090578,0.0686439314414911
CC_13736493B695,0.05374626432577224
CC_1392DE633D4C,0.23645209370821343
CC_139ED2E0AD76,0.10035312466314308
CC_13A5383EA098,0.6177795636394166
CC_13AA272C6861,0.07533463789813195
CC_13B74E4EE3EF,0.17457347338549192
CC_13C437E86B81,0.4880272985381031
CC_13D61B077E7C,0.07130242974104711
CC_13D7115A8FCC,0.22509137423886588
CC_13DFE319B21E,0.7852477622928778
CC_13E0F0B3FAE6,0.22448288706403105
CC_13FD88C2920A,0.7521202979077207
CC_1401CB818627,0.22056888445478884
CC_140B86E74F74,0.7978802250099596
CC_1452A0B69085,0.05105831144460016
CC_1458CA7329A7,0.24929607967591833
CC_1459E7125AFB,0.09809265776445861
CC_14633EC7F622,0.3913734686073965
CC_147B1B30DE7F,0.11009721252785774
CC_1484511F54C5,0.3138997477231924
CC_1489A941A69B,0.29272347477508326
CC_14A8B16706E9,0.0839393357832723
CC_14BE52BADB77,0.09666646328417267
CC_14D53413FBCE,0.31759387565757347
CC_14D59B58E51E,0.16795238817706518
CC_14D964327B1D,0.06792607611146488
CC_14F5D06CF093,0.1293027922021251
CC_1501D63D5A80,0.3523186377140995
CC_150E3A0E5084,0.18161762829860412
CC_15152312AC56,0.05965763758945748
CC_1522BA0411C3,0.06513115147886125
CC_1534B0241A1B,0.057504167993104004
CC_153BE2BEB74C,0.15019040581119988
CC_154BBCD4DCEA,0.26007719105988764
CC_1552EC27FC0C,0.7114757702551481
CC_1566BFF4BCDC,0.3658355728374342
CC_1579BD86A63D,0.29173991125133714
CC_1583CFD90530,0.2547618629449577
CC_1584385F38C8,0.06893869302564534
CC_159656F13BE8,0.10105907009104244
CC_159B6F6AAF1E,0.10534275007827582
CC_15A4934FD96E,0.09845700654746523
CC_15B2140CE869,0.08905391687749116
CC_15C0972DE384,0.6217464723292537
CC_15C0E30FF2DC,0.12256031885037899
CC_15D617FAB434,0.05636036224909249
CC_15DA0F4FFF0E,0.31140643507076754
CC_15DAE76D15DF,0.04885778791549736
CC_15DC7C139EBC,0.3733954895313095
CC_15EB741857ED,0.07938197660211312
CC_15EC51F4C521,0.33209491577117334
CC_15F6259C7C53,0.06318851462356274
CC_15F7C012E10D,0.4515525990997137
CC_15F7C1BEC28F,0.18976823866499784
CC_15FF58854AEA,0.2930490159266763
CC_16035CDDC2F6,0.13658270971224168
CC_16095572722B,0.059989469953694696
CC_16109F1CE0A6,0.34692961206923945
CC_16150E74E4DA,0.155681407978004
CC_1629E47AFBA5,0.07974364778842485
CC_162F4582D06D,0.5994125768127159
CC_163194DFEDDA,0.05510013289226744
CC_1640F01B7730,0.09312232772693152
CC_16460554039F,0.03407310630956019
CC_164D308CDE41,0.24157685488979327
CC_1661041F819B,0.7970804900762551
CC_166829780A76,0.1169650898067053
CC_16798666E855,0.10923099492742341
CC_1684B5493414,0.22375554859806995
CC_168A8907C8F4,0.06599728403826188
CC_1690EC56D088,0.05911252120655612
CC_169853EEAB4A,0.0858282928317158
CC_169B7FD839BA,0.14515681808365916
CC_16AED1A3008A,0.12389805319484068
CC_16BAC7837C73,0.13384397887841354
CC_16D57E1EEA01,0.14561206144141475
CC_16D833E56D7A,0.16374967910723137
CC_1702487A047B,0.17943711052044212
CC_17029F78E70E,0.06761403511235202
CC_1702F3E986AE,0.0790350559596565
CC_1707181BB559,0.04794762947922192
CC_17117BF03935,0.2810796056994641
CC_1723E40C3D40,0.17749739538884274
CC_174FBBE9ADD9,0.1913709017579751
CC_176E6E58FD1E,0.11433545378611214
CC_1783F37259BE,0.09448311552338257
CC_178B135605CA,0.09914254145127092
CC_179AA5165026,0.30633488548373605
CC_179DBA1C4CDB,0.31283355293049125
CC_17A1090B69C9,0.0915537559737172
CC_17AA1A4C904D,0.1810753323890819
CC_17B06C06FDC1,0.17551859127928832
CC_17B89AC1FD03,0.17773408791749487
CC_17DC33AA73F3,0.07037732528625325
CC_17DE4D267831,0.0958883386325745
CC_17E929BE0344,0.3432106606314628
CC_17EB83DECE5E,0.4741722507650822
CC_17EC9982E5A6,0.202683865661388
CC_17ED5555B4FD,0.22546769310109865
CC_17F4292DAF8D,0.11732913017743193
CC_1807B0980C86,0.08409070130605725
CC_181354A58B53,0.10557482374098362
CC_181E7266E018,0.0922446281184744
CC_182AAE7CC3CA,0.5129367610763637
CC_183EDEDC5DA7,0.10107108756564356
CC_184C47552665,0.25957484424427163
CC_185A7392A475,0.2713308382104147
CC_185FEFD3233A,0.45851435765205906
CC_18676FE5FC07,0.07695874646148634
CC_18776C4FDE28,0.08120433979964853
CC_187A8AECEFBC,0.15630116420161974
CC_187E7D0B4E82,0.7312733635326687
CC_18839D393105,0.13475794633677124
CC_1888476F6CF3,0.09489527840649586
CC_188B1ED2AAA5,0.3298939322680238
CC_18A4257C3172,0.28418926937983024
CC_18A7929D9FC9,0.22299395148866324
CC_18A8695F185E,0.1080771275159525
CC_18ACE64E8F74,0.18692300493055103
CC_18BF4A29BB38,0.1131657732524216
CC_18DE36F7D294,0.16354433219785708
CC_190EB07AC1FC,0.1412336225392819
CC_19219F2C60B7,0.14596116121097627
CC_192262DB0B0F,0.09251562581137973
CC_1929746E06CD,0.6358090944934496
CC_193356E72D61,0.7032732286476301
CC_193938E8EA40,0.17772391920473263
CC_193C60092202,0.5810145994994619
CC_193F669537D1,0.17408264209329202
CC_194E13150BE5,0.0603797456249139
CC_19556DDCCDB3,0.04403114932696761
CC_195A6E9B48A2,0.15697065951048647
CC_196DEC616B33,0.07775544998122959
CC_1978B23D64A8,0.12879603299091213
CC_198562A4BD86,0.14179065239386077
CC_19864C9572BC,0.16414966669161732
CC_19868B6887C9,0.12247147188507368
CC_19969E05AB2B,0.1713790811496057
CC_199FC89885C7,0.11664154128984963
CC_19A40411B404,0.23299744326495517
CC_19A6D9B60B29,0.5748621247803513
CC_19AAB010550E,0.06480185214676566
CC_19B4743DFEEC,0.0634217837387628
CC_19B95A61D757,0.18654658075501498
CC_19E6A00F6A5B,0.08648649097424999
CC_19E8DEC29F47,0.567584987024519
CC_19EA54976042,0.1680056833416013
CC_19FBBEA75B7F,0.1529551358133872
CC_1A039E58840A,0.05738856626202577
CC_1A075331756B,0.10993427889013106
CC_1A1E1302C432,0.1746789952150924
CC_1A37690EAEDB,0.1570150707662623
CC_1A3BF9F5BD42,0.14280690514409786
CC_1A4268FEB02E,0.1795685021039409
CC_1A5F8618A912,0.2867492891746145
CC_1A659D4D521E,0.47933601712706686
CC_1A879655902A,0.0737225411929828
CC_1A9F6DA46BC2,0.14524592182637888
CC_1AAB15E81743,0.034232155612124344
CC_1AAC389EF8A2,0.24507478622591222
CC_1AAD0CE365D9,0.10451973201615902
CC_1AAD9152C90B,0.04720803210601677
CC_1AB15BDA9296,0.06952542911190368
CC_1AB8BDA3041B,0.18291719106253315
CC_1ABB9CB074E2,0.7525657648759788
CC_1AC1B1A3978D,0.06932000986870346
CC_1AD20D1F9C08,0.659574188213025
CC_1AD881A90D1A,0.3368970969957392
CC_1AE9811724DD,0.599712866181237
CC_1AF1AAAB9D12,0.7844823814353259
CC_1AFCC4D0ABD4,0.15500888662156975
CC_1B08ADAFD1C4,0.1561848104207202
CC_1B10139C7917,0.11145879217239323
CC_1B127133B948,0.12166066594472381
CC_1B25964EA376,0.13756004771007704
CC_1B27A85C7244,0.2016229478087974
CC_1B29F4378A34,0.1251777268503816
CC_1B2EC0BD0677,0.3243181464436149
CC_1B4AAF37FB97,0.0888586409657518
CC_1B5E792F6E6C,0.30863464911559535
CC_1B7166DAA790,0.13281651849316597
CC_1B89FD901C95,0.09334581119847243
CC_1B91E3A70338,0.0680340326318143
CC_1B9D9B7184F7,0.169232088663807
CC_1BA3FDD92B1B,0.05640479237292381
CC_1BA9B3D67170,0.13291690415234805
CC_1BAF97E2BCF2,0.09809020533539982
CC_1BB7D8A54021,0.09527993924257072
CC_1BD548A5FEF3,0.12904123194849854
CC_1BDF1893ECEB,0.20967043865636548
CC_1BF117A8AF9A,0.07029248562690271
CC_1BFA7E407428,0.6809913762717893
CC_1C0066F472E4,0.7236925093543232
CC_1C09CC2385AF,0.0651997477390658
CC_1C11467AB472,0.6941673438800238
CC_1C1627B7EE6E,0.04410849693342944
CC_1C3259B85E28,0.16973847237141323
CC_1C334ED885FA,0.05158914297063227
CC_1C376760FE39,0.07458033518776265
CC_1C39A1ADF3F2,0.15695935898038302
CC_1C450FC77478,0.12111803194980596
CC_1C48409023DF,0.422028315133792
CC_1C4D03324C60,0.34637044313763377
CC_1C5F1E1028DB,0.04773400353824139
CC_1C6681C0AA7A,0.8013062371122743
CC_1C84CFE19CDC,0.2680151689602139
CC_1C8B3F689C6D,0.20307448223501615
CC_1C95674B902D,0.04622686000254851
CC_1C9A4C11F28F,0.17019561971908342
CC_1CA3F50BABEA,0.0916647550819359
CC_1CBF42D35AED,0.6382195540982558
CC_1CC11BEADBD5,0.13276584369821198
CC_1CC3CE396A8A,0.22799494248472074
CC_1CD2B13C2E6B,0.07960743307520786
CC_1CE0B37CA670,0.09579565131433729
CC_1CF5A99FC068,0.13581013191081498
CC_1CF71AEB6671,0.08429773201497351
CC_1CFE066F5EE4,0.20115214098725603
CC_1D00B360809D,0.07586421787966544
CC_1D1173F82F2F,0.10073097546635211
CC_1D1E06E0B393,0.17492674632687816
CC_1D2789866B1B,0.07673331827981895
CC_1D2DD7DF781A,0.207019396358059
CC_1D313498A2DF,0.1714237709919499
CC_1D68396533F9,0.3675184255359629
CC_1D7235BA1EAF,0.17023542341381556
CC_1D7ABAF9D080,0.04616296132115873
CC_1D7FA51D0D7D,0.4622194741539851
CC_1D8CFB3589AE,0.06955338048271792
CC_1D9421A6EB19,0.33077587891938814
CC_1DA0AC68719F,0.3425392277186828
CC_1DA366D588B6,0.10404746166144346
CC_1DACBFE0296C,0.09164240732138025
CC_1DBD6A716910,0.6436261371695019
CC_1DCB75B5CBDE,0.3240529690947339
CC_1DCDADBC0E90,0.3981236690273086
CC_1DD11FAF43E8,0.13225101250792148
CC_1DD8064E71C7,0.18592815644206973
CC_1DEC926EE25C,0.11401040548421194
CC_1DECBAE4FC5B,0.04626076591391148
CC_1DFF80E6D4DF,0.06430115842637812
CC_1E025C3597E7,0.3073293463300837
CC_1E082052CCBA,0.6680843108182145
CC_1E0E30441DD1,0.15330130074697365
CC_1E20E200611C,0.1230811352145269
CC_1E354C75EB9B,0.03325066239267539
CC_1E3B2C15EBCD,0.1673940180360813
CC_1E4DF11FAF55,0.1332920920370202
CC_1E4FE60DFD8D,0.7313403806431352
CC_1E5A648D299F,0.2027443103980559
CC_1E6C0A8B3841,0.6693021876987535
CC_1E7FA6E807A3,0.22545835358794214
CC_1E93F760EC93,0.2352789331177057
CC_1E99F40FA03E,0.0778903883233232
CC_1EAD09DBC23F,0.19969943027081488
CC_1EB3D53252DB,0.2339086056231015
CC_1EC889E04D69,0.11009173990216442
CC_1ECCBF6853F6,0.5515426627003596
CC_1EEC4520436C,0.1449677531010093
CC_1F2827DC99C0,0.12748986371557175
CC_1F2C184C5227,0.07884622826867894
CC_1F3FA8091B02,0.12755960225817448
CC_1F4E07BFDC8C,0.05425057613028517
CC_1F4E0E9B54BF,0.07467357170235757
CC_1F55738A6A27,0.35991203417715695
CC_1F65276D0EF8,0.11500959289145851
CC_1F65C797BD40,0.06101835531926582
CC_1F668C0AE868,0.0905544309867061
CC_1F6B19A04BD8,0.052899423518612224
CC_1F945A60367E,0.49303236463611205
CC_1FAB6F11DFCA,0.6936816953832708
CC_1FACCCE95224,0.2761189879885984
CC_1FD010E5EA82,0.06891290704786683
CC_1FD2B7BCCD20,0.6950000671506913
CC_1FDAEC3D5CBB,0.10387123973572612
CC_1FDC65FE3DBE,0.1419869018413201
CC_1FE696D8A81B,0.06715112369210541
CC_20027685F59C,0.7558333990946651
CC_2009F3D77774,0.17631573003590215
CC_200C552C40F3,0.14707116956824623
CC_201459527065,0.12674067486527593
CC_20275029A688,0.07074425685321585
CC_2028DA597C34,0.2140794537631135
CC_204E557E5046,0.4004992927005878
CC_20542CFCFB39,0.04485906369948732
CC_2060F813C9B2,0.23265881690091186
CC_20813A9A7F71,0.11660138222634425
CC_208429A11E2F,0.16088081931419845
CC_208B0FE7CBAD,0.11464045177488762
CC_209A511030A7,0.037000695839637526
CC_209DD60421B5,0.0680485160666734
CC_20B26D646D62,0.1524495796798899
CC_20C47966B174,0.23375453270531985
CC_20CFE9681E4D,0.08415057081162446
CC_20D4DB0F3E3D,0.05640523071192285
CC_20DD84CE3CA0,0.10684422084463988
CC_20E57CA675DA,0.6376610647482747
CC_20F129FFBE00,0.218923974979644
CC_20F4E0F62D2C,0.07870585875244714
CC_20FEE0B2130D,0.5602198201028551
CC_2111B298C212,0.12277633044831185
CC_211315AD7633,0.21274868435880062
CC_211504721E27,0.14697969050236165
CC_2119919BCB4F,0.683045035867636
CC_21375C9ED931,0.20494749456871691
CC_213D2A5355FB,0.2164151589409497
CC_214B50E48E94,0.12071127008966494
CC_215F86D986BA,0.12274764277693226
CC_21600308F496,0.04607953119404455
CC_2166F3F6344B,0.11077089586742789
CC_2168BBB42053,0.15101528137918857
CC_217030CE0127,0.04716079945219468
CC_2179067B405D,0.05212308317305431
CC_219B59B67193,0.1573535581610202
CC_21A9E8DB58FE,0.1762970118538192
CC_21AE679C5E95,0.25814982374778844
CC_21B98D13174C,0.11427966008571522
CC_21C81BC15002,0.15099347971884153
CC_21C9B26CFEA3,0.08510903798278657
CC_21D22081A4CA,0.7820194903649088
CC_21D29CD736D3,0.31927655141897743
CC_21D3CEAF838E,0.19091161730933484
CC_21EF792A3811,0.5709552762971382
CC_21F04E996723,0.41026129543807915
CC_21FB6C8AB8BF,0.4389367334877145
CC_22067686F6C4,0.6606891303881514
CC_2207A39B7BB8,0.1297603543641982
CC_221053121AAB,0.21354151983296785
CC_222423774191,0.06927095893348836
CC_2230EFBC99AE,0.3740366906853511
CC_223BDED2A465,0.2777781473586225
CC_223E3CA7A07F,0.16741557381844124
CC_2250B42E48B2,0.12278988769428731
CC_225935E43583,0.12988963211335522
CC_22781E93CF84,0.2029327975536117
CC_22784AF3CB6B,0.5035827768550969
CC_22831690395E,0.18912908713423024
CC_228E6CBCC935,0.6489004588878391
CC_229338EBBA6C,0.10373016977058974
CC_229A63057E54,0.45800982480335106
CC_22A2D8A4B437,0.06892444416616843
CC_22ADE1EE9BC7,0.13486388347329079
CC_22B69E7C415A,0.047504747836959745
CC_22C590B43FEF,0.3327833744648182
CC_22F06379D8FD,0.041091268206404664
CC_22F282264A1D,0.11312880025251046
CC_22FBF5F0E1C0,0.24022396083380476
CC_2302088175A3,0.30484186466153296
CC_230672EAA654,0.032208101728115696
CC_230870B121F6,0.13300176634323274
CC_230A051B2B3E,0.05968272495035233
CC_2316F57AFB7A,0.0768591160602148
CC_231D091FCD1D,0.07123191399734655
CC_231FDED1781F,0.2568203227229941
CC_2320053D1183,0.058873045790284545
CC_2320AF507566,0.1899498428430741
CC_23321FF41C3D,0.2326178549929248
CC_233470D6BE72,0.6225059290573208
CC_233C8EBC95FC,0.3398086998977659
CC_235F99F13500,0.1305711358615385
CC_235FC02CA52F,0.1972827593540747
CC_236C80CAF53D,0.18277361442303078
CC_236E7222D97C,0.09037566322337234
CC_237B86FDC93C,0.07443945923557502
CC_237E7EB2D7D8,0.09218862846864354
CC_23830081EE1A,0.6127844232933207
CC_23894AAA08DB,0.5147746397822616
CC_238CBFD6E20C,0.41061260956753354
CC_2392A4A79C9E,0.03968342137164117
CC_23A474D43C73,0.20769518422029212
CC_23A9CC59BA0D,0.029131329475094954
CC_23B158D8306A,0.15025637179122997
CC_23D147F1870B,0.1917204088964719
CC_23D2E73DCFCF,0.12849132514685782
CC_23D9103D1EAB,0.03669036532206698
CC_23E142182F2F,0.6672989093034558
CC_23E43713A108,0.04631031757630609
CC_23EF2911610E,0.4999627445003054
CC_24056B76BD7D,0.0519183643718792
CC_2416ECE66177,0.13012414912969736
CC_241E65816FC2,0.054321369590908074
CC_241F7E97FBDD,0.06439796475004285
CC_24217201D7A1,0.3748223277296352
CC_242301FCCE50,0.06437629453542373
CC_242C69CF0B12,0.11072332992269512
CC_243B23702DC1,0.16944350670389968
CC_2456B9C796E4,0.11748169297750133
CC_2457D89CB88B,0.6547306797225316
CC_24667210E2AF,0.23267939608486699
CC_2468D206CAEA,0.06097304846359893
CC_2469630A4F86,0.29863887431735453
CC_2469D83D9594,0.042159297005082204
CC_248C65EF54A5,0.664484167032155
CC_24BCCA7941E8,0.09969450876600991
CC_24BDC1CE2A3A,0.1811637446668924
CC_24BFCCDF957C,0.04852383639312276
CC_24CC8A1B1CB7,0.13610525989722455
CC_24D4B1852554,0.23217627948704195
CC_24E65FA5A32E,0.16907442479577384
CC_24EF3EDB6857,0.06044963683418637
CC_24F15A19D648,0.17516744891636982
CC_24F2410B5A19,0.11185261982873557
CC_24F27E7DE1C6,0.5390140348378317
CC_24FFFD0C983B,0.05045122938733245
CC_2504E9D5D5E4,0.14078091398598033
CC_250F6A0DB62D,0.06909413566276225
CC_2520E13DF0A2,0.7384705284764947
CC_2539C315029D,0.2587102307876627
CC_25519ED78507,0.19128650680864412
CC_255D49296DB6,0.11359685343853344
CC_255DC60FF5BD,0.050257219944004144
CC_2563C9EF9D55,0.07160527906048046
CC_25756EB9651F,0.13761783246794398
CC_257CC46D379B,0.4001292534265274
CC_258D5F80A933,0.7000634325704493
CC_259D87270257,0.18754587664341205
CC_25A41AB21C94,0.24690116727463754
CC_25ABCDCC8B71,0.1256748143575459
CC_25AF0D0569B5,0.09855893971911561
CC_25B61D393144,0.15515682781292897
CC_25B95D7288CB,0.37123818839298406
CC_25CE2F2F13BE,0.2271190641243997
CC_25D1A5971976,0.3302582089071986
CC_25D411B46F00,0.6762815758869392
CC_25E7A2DC5E41,0.059056955432628365
CC_25F4C8E51AC2,0.45877669258409814
CC_260323EFB122,0.6304881214447635
CC_260F10484312,0.05615206142080857
CC_2610D0F1D0A7,0.17622280766586793
CC_2615866F35A2,0.09761521285345798
CC_261DA4E8DBEB,0.12339146518048161
CC_2628F00B0745,0.3604423066613103
CC_26338E9AD15F,0.14398008776202437
CC_26346B99BDBE,0.6446313942649694
CC_26351DBC1AF6,0.14802065317911656
CC_2637397AA3F3,0.5748559049786437
CC_26675C32611C,0.7903912285308978
CC_266E49E49071,0.20279913328803192
CC_2696368A4DC6,0.03624704132097974
CC_2698641B68A5,0.10587738043352898
CC_269C5AE6A1A3,0.6658742915684281
CC_26A06AD1206C,0.775597019646673
CC_26A358B0C10F,0.18904528357839034
CC_26B07CB02EA3,0.5726468927577805
CC_26B638BEA8CE,0.14061360222116048
CC_26C33B649FC9,0.07700642136907025
CC_26D5B969A36F,0.4121445825648886
CC_26E3A1226C2D,0.15689610587088526
CC_26EEA3F0224A,0.2653420227972844
CC_26FA5E5A718C,0.15481691929878186
CC_26FE119D4919,0.07722547460435196
CC_270B462BAEF3,0.037776690411536064
CC_270D929FEA9F,0.07443033428535101
CC_2731AD82BA11,0.17792749063919136
CC_274144AE3E86,0.1673380274583108
CC_274AE6E82879,0.182844339236162
CC_2757A490C5E1,0.08619980008995007
CC_2766F6011BD0,0.37810502667917234
CC_2768E644C697,0.06099070625790964
CC_2770DF70328D,0.06542163979797627
CC_277503968C44,0.4573815237694978
CC_277CE974AA8F,0.30746895518918793
CC_277D246E39B9,0.2135126411925303
CC_27A1CC725B7A,0.07189349740291581
CC_27A798829CA8,0.6468482423593535
CC_27C938FC8DC6,0.4434465324729226
CC_27CA2D819E7A,0.07062959091304945
CC_27E3712F0E38,0.14800765597904444
CC_27F3B3F43FF9,0.04157702628836578
CC_27F9832EAB8A,0.4421319960791902
CC_2809CC131F3A,0.6259275503394331
CC_2812523510C0,0.1512160165314632
CC_28151C75756D,0.04820317983901652
CC_28203CC976F9,0.08751166621416653
CC_282AFAE06F96,0.08514335783098724
CC_282C2404F4C0,0.07166417489656877
CC_2834BA2F19FC,0.1817139945035447
CC_28432E22F47D,0.5665267551954233
CC_2844882CC439,0.051825849632199834
CC_284F79726032,0.40097826819285054
CC_28544783AB15,0.4037367764135086
CC_2856104729EA,0.7320246515302034
CC_28625CD86761,0.170709652118158
CC_2866BDB46FB1,0.07796507496609023
CC_2872415C6B36,0.0743216373384662
CC_28752737647D,0.6289588739001661
CC_2875C281EE88,0.05547361389063221
CC_287E3E9EDAC9,0.06887015040005035
CC_288A2C49D62A,0.05441159282385556
CC_288FA8CD819C,0.17396444917625054
CC_2891894CCED4,0.0625591565897946
CC_2895608A9699,0.11984162671735654
CC_28A2EF7926AE,0.6178742353633346
CC_28A7DBD2B710,0.17774929296401445
CC_28AD81DF2C51,0.13185640530501416
CC_28AEC29CEC25,0.1613857155698061
CC_28C1C3DF7928,0.10666412432404027
CC_28CA76962EC8,0.15199595639567648
CC_28CD47803B6A,0.07681627908529469
CC_28DF569DBBE5,0.07441144352683284
CC_28DFE611C657,0.08319281975361491
CC_28E11E6A6C8D,0.16070631293795187
CC_28F58ADC7CBC,0.11323648907058266
CC_2916479EBC84,0.1498707472305996
CC_2917C6CB0B2C,0.13381311924194123
CC_291C7830D4B5,0.378505626259077
CC_291FE1744E5F,0.08349967435214038
CC_293124F1ACD1,0.14314381755761693
CC_293C2D704AA9,0.2948163850149426
CC_29432A6B2555,0.12476582904798196
CC_2944B427406C,0.17794921929664653
CC_29468B7035D6,0.12967677111588038
CC_294A9A24E473,0.05970687932506027
CC_294B94EB0E07,0.170760357843246
CC_2967C29E4C3A,0.13820228161484024
CC_29716D5835F4,0.21409979049064176
CC_297179FF2BCC,0.43587350585141393
CC_29803690C939,0.21144734714927074
CC_29821539DC4D,0.14512537932265537
CC_2983C1D2A273,0.1426727422727346
CC_298CAC5A1868,0.6157817809527873
CC_299EBE0FB429,0.14392100917900497
CC_29A1C0073882,0.4593061522621271
CC_29B6065F187B,0.35914994594867977
CC_29BC66C10F87,0.599081802807666
CC_29BF3C3D9682,0.20041270816082965
CC_29C4425FB2DA,0.1874173054228373
CC_29C5D0D72D61,0.13985599397500192
CC_29D65E313500,0.13228374743424515
CC_29FD856F47A5,0.7442969143663268
CC_2A097F88615A,0.09490558956444797
CC_2A0CB4CE1A48,0.2523323135023223
CC_2A14C1652D6D,0.22493510793078264
CC_2A1F96F80938,0.12096071754029682
CC_2A23F71805A2,0.13087551839952272
CC_2A2BF2FD0498,0.11862678727768848
CC_2A358A1D3DDF,0.6252467480746629
CC_2A3E371F0DAD,0.21642288749789806
CC_2A423FC8A330,0.3129647058059621
CC_2A43368D54F9,0.4533808918229336
CC_2A47A21C0E07,0.6225526964142755
CC_2A4CB02E7A1E,0.1295265570111226
CC_2A510080BA29,0.16054911546398654
CC_2A5316E550F0,0.08394397065794162
CC_2A59695EF90A,0.5831749546821959
CC_2A606D00CC46,0.05427809779115276
CC_2A6C69145AE0,0.07116317207729098
CC_2A6CD71471A6,0.12783937299722184
CC_2A70D6EF64E1,0.08337246859785782
CC_2A844754AE67,0.5918303798711775
CC_2A85A7B242FD,0.21520258239505477
CC_2A9A51067D7F,0.14427980761141182
CC_2AAAD4020436,0.20030761862890095
CC_2AB62BCF3704,0.07948936811787766
CC_2AC1C8DE5649,0.11695930615415973
CC_2AD10D78793D,0.7248712953569452
CC_2AD26446A7AE,0.03900463287024364
CC_2AD2D35975D1,0.08646770508157392
CC_2ADA07B0211F,0.30372462087961494
CC_2AED2D284351,0.3120554211880065
CC_2B01FDE2552D,0.2444049658622161
CC_2B06DDFD7F8A,0.08355698344221682
CC_2B08FBC0A948,0.1633628472960179
CC_2B1914218468,0.7452417580741069
CC_2B1D93E12DC9,0.1912059382071102
CC_2B248C488918,0.09661722834134721
CC_2B256891C60A,0.5766062260584466
CC_2B2801591A25,0.39379097076593805
CC_2B2B7CF1E40F,0.0892990358355355
CC_2B2F4204834B,0.21179722866784675
CC_2B5443C7AB87,0.07543478623348109
CC_2B5D780AC244,0.6554396738456488
CC_2B64E67CFF13,0.06678502714603626
CC_2B6B872C8D21,0.05165603560765784
CC_2B85D931F011,0.09561253768401966
CC_2B959EF030DD,0.1519357408657044
CC_2B973D1AC16E,0.1138205424016374
CC_2B98983C2687,0.04472680110612502
CC_2BA581E7B8D2,0.09468095951292814
CC_2BB2C432C369,0.08585507292585036
CC_2BBE19587CD5,0.09051755801465586
CC_2BCB838A9581,0.14750386328811455
CC_2BD0E9336EB4,0.09081650368320457
CC_2BD1633FD528,0.0902460587271644
CC_2BD58FC8C2B9,0.03948265040695028
CC_2BD6083CAB0B,0.8028985574106675
CC_2BDD47B177E5,0.8051241083598738
CC_2BDE889EB05C,0.2836569347473514
CC_2BF8DB192A49,0.6586227752734329
CC_2BFDF46F3AC2,0.11548100248761278
CC_2C00CF2FAE22,0.138875755391905
CC_2C06DDBA1073,0.3632475295311024
CC_2C16C7838FAB,0.8100643212354524
CC_2C263A1A732C,0.15265424129132962
CC_2C34105831A6,0.17142654670162016
CC_2C43FFA06F31,0.0979316327842979
CC_2C4DEE4CA1CF,0.06578010189236927
CC_2C56DB55E40E,0.09426678630481854
CC_2C59F565C183,0.15423035764081938
CC_2C7F54E56925,0.19650948420182512
CC_2C8CFCC646BE,0.04214564910796841
CC_2C91AB1DB754,0.05851703570987008
CC_2C93356976AE,0.4153064358809321
CC_2C9DADC294C8,0.0629873821290886
CC_2CA94231028A,0.23590383019481886
CC_2CC8CB17283A,0.201800281993678
CC_2CCD42AA2376,0.1697253159950101
CC_2CCFE560A79E,0.06828822489536503
CC_2CED227E5216,0.10607574916165269
CC_2CF326E90715,0.05949686463911957
CC_2CFEA03CC6A0,0.659884481448122
CC_2D1D032137DA,0.149701877583476
CC_2D258781011B,0.16133754385216154
CC_2D30260A1CEC,0.2181542040614144
CC_2D35C002A9F1,0.14035371818556738
CC_2D45DEA4EB25,0.1600734055084291
CC_2D5494C13FFA,0.08396025475923571
CC_2D5EA2953E81,0.1920449080993493
CC_2D6E7894EA16,0.6325654812691128
CC_2D7DA36360AD,0.20659328858445108
CC_2D7DFEACA38C,0.2983757515744443
CC_2D836654A121,0.1571349815400896
CC_2D9CDFC6C57E,0.693174379630649
CC_2DAC67585B03,0.17906458464454036
CC_2DAE338809DE,0.25451112853836605
CC_2DB062A18C75,0.6182072976694309
CC_2DB2C55CF89E,0.7885954085036759
CC_2DBCBF870292,0.03678784031436059
CC_2DCBC03B4FA3,0.7007289732534435
CC_2DD78131B5A1,0.11727051248344558
CC_2DD7BCA75AB9,0.11527684244447031
CC_2DEB49017220,0.10274560736541612
CC_2DF6C71ED372,0.1625195890893515
CC_2DFBFA1A4FE8,0.16557412670513183
CC_2E12A41F7733,0.07767710195746905
CC_2E1A348EB1E6,0.09849919955504675
CC_2E23CB0F6F7B,0.35416406244822707
CC_2E3634587158,0.052522059442821345
CC_2E3F4B14D8DF,0.3713446985542961
CC_2E3FDDBF4F48,0.1720090763184576
CC_2E61C46BC16A,0.185819182511253
CC_2E62AEB14351,0.23184111376472935
CC_2E6F1C0ADEB8,0.17196418491149434
CC_2E7415FAB62E,0.07256947754834162
CC_2E77F7444FDF,0.04025468507343792
CC_2E78431BE3DB,0.07392655841736155
CC_2E7D44FB8075,0.18668931697252386
CC_2E7D8539BDA6,0.36855550651351976
CC_2E7F248874AA,0.7216104739822893
CC_2E85BB8F3BB5,0.10059611477631114
CC_2E8897E4D9BB,0.29369421533683054
CC_2E8CCDE89E2D,0.28172376002172606
CC_2E927D910813,0.12464955495211244
CC_2E9891F5A2D5,0.1355488197668007
CC_2EA56A7EAC04,0.2712944232171533
CC_2EB45D13B248,0.12864032014631677
CC_2EC924B0EAAE,0.10966064689701277
CC_2ECC248C96B7,0.059571547854724044
CC_2ECF0C98B06D,0.4020932998524392
CC_2ED3F6481454,0.1473855029266693
CC_2EDDF0B40ED8,0.15052687555087657
CC_2EE2A139642B,0.11886906645026146
CC_2EEE072DA301,0.2239836442697764
CC_2EFEBB85DAEB,0.1665260751572895
CC_2F133BEFAA69,0.12556378996440118
CC_2F1AAE3B81F2,0.08258011276245977
CC_2F1BC47CC90E,0.041405730943028324
CC_2F2128FBBDDC,0.17379109458865047
CC_2F3D3342834E,0.06264784165832427
CC_2F42D39F710B,0.6126634005508841
CC_2F4AFE398419,0.7297221708348892
CC_2F4C24B38EE6,0.07455261274305386
CC_2F508C0838A6,0.09336914138379158
CC_2F50EC193942,0.22832449207532524
CC_2F5BD03D4900,0.07310677264671578
CC_2F73AF6728BC,0.057711165719848176
CC_2F7EBEAB9CF2,0.14682786921858992
CC_2F9AD2BC25F5,0.07191126508523395
CC_2FA3172ED3FE,0.6970569523934955
CC_2FBEF8808F48,0.1504481177829569
CC_2FC014F0EA3C,0.07039600978759189
CC_2FC3AD2EC986,0.23943466428104582
CC_2FCC82AC097C,0.23787371644569347
CC_2FE2ED7D464E,0.2601349559697098
CC_2FFCC9802D2A,0.1879984415820411
CC_2FFE32627DF8,0.2080343685768009
CC_300BEA90EF3F,0.169602465319137
CC_3017B64D0364,0.22874087431264284
CC_3017E5E87C94,0.1506726513352696
CC_3028375CC87E,0.7955973751487659
CC_302A48CFCEDA,0.09364521621800892
CC_3031F96196BD,0.35135070181462075
CC_30328ADA0AE8,0.09838115325448062
CC_30451015D913,0.0293761529878908
CC_305D33AC15A9,0.7696451287742545
CC_306015CFB66A,0.1943943071138246
CC_306413849CEA,0.3927649182467283
CC_306EF0BC7CB3,0.037692657015221995
CC_3075C5B861A8,0.1348169689951117
CC_3083D9B76858,0.0678298306648188
CC_3096994A495B,0.2393047852582804
CC_30B106BC1657,0.1923005252375778
CC_30B967417C42,0.15955040492533856
CC_30CABAFF5453,0.10521609642468413
CC_30D68208FB23,0.3479127017102905
CC_30E2A90BACAD,0.1772922060057241
CC_30FFD856443D,0.5769420371100705
CC_311EF26786A8,0.07914839598518739
CC_3129843EADE6,0.6895220926640371
CC_312C34EF683B,0.05768669498841224
CC_31302B64C078,0.10614831775375735
CC_31344A25B569,0.03810214415449528
CC_31397A399AD5,0.08406459356427468
CC_3145B5EAD7AE,0.23849823565734957
CC_3146EE0BF81A,0.1244131295879761
CC_314D02632843,0.254265291972114
CC_315133406E42,0.26007848341473566
CC_3180D1C6FB7E,0.20962018018161832
CC_31827EE8A968,0.30837703011254164
CC_319BE06CC27F,0.04411132247106645
CC_31A0A97AFFCC,0.39347662786868426
CC_31B22116E36C,0.1866777460985739
CC_31C78D9B6494,0.41853247415958084
CC_31D3FA367B41,0.11996721721064346
CC_31DAAB3E6DA7,0.1711550816854942
CC_31E36F666FB7,0.06562275197033098
CC_31E72EA14FE4,0.12011668482434598
CC_31FC6DC9482C,0.30263471795778873
CC_32076DA6AE23,0.1417233615336227
CC_3209FA12D938,0.30711872798679707
CC_320E17F947CD,0.42771247374191657
CC_3223C706DD92,0.23005318902790106
CC_322EFB2E377D,0.09894487276206954
CC_3248EB928073,0.0967563981664068
CC_325D5DC52B1F,0.11590010854612827
CC_32662A6DB78D,0.14774596188503275
CC_328DD3BA068A,0.23533230031716434
CC_328DF7798F91,0.1665675877712675
CC_3295CFEB188B,0.07874264564273897
CC_329DC79286ED,0.6611972673515762
CC_32CB77D55C73,0.1291757464067515
CC_32D129B9E651,0.11492452385588778
CC_32DB12551D37,0.6247143452153979
CC_32F00D77D5CD,0.10922286448837068
CC_32FF5F6892D9,0.1829052618501189
CC_3301EF60877F,0.1491678482061091
CC_330F334BD816,0.10507326294056529
CC_331285B3494C,0.20138369201125736
CC_331364283D5C,0.12878132937152237
CC_331718E0F54F,0.14997907378326225
CC_33194D48FF66,0.0932128974828806
CC_331E8B8BCAB8,0.07828359195450632
CC_33254134ABA9,0.7764713466234496
CC_332E42439579,0.08389216694985843
CC_333102AB964C,0.1325574461180801
CC_3338AC0E8112,0.2513017370514746
CC_33656EEDE6F2,0.5095193377624632
CC_336777D934E0,0.4686604209587453
CC_336DBFE464D1,0.4857491800069497
CC_3382BB2F3152,0.1288998468720946
CC_3387207793E4,0.039839985014983335
CC_33992C973839,0.16605169253535992
CC_339C36703675,0.08229914006237947
CC_339CA5814519,0.11292205506107211
CC_33B157F2A921,0.07717087953158659
CC_33BBD10F239D,0.05958725253408933
CC_33D3B12EE56E,0.09434871475054447
CC_33DB68EA27CB,0.10960828496773377
CC_33F0B95E70CE,0.23276083460980962
CC_33F40275D630,0.05216311871308952
CC_33FD5DE22692,0.07414600403814413
CC_340961106343,0.137774357119485
CC_340BB1F4CEF0,0.13469281555969365
CC_3410B11F1FA3,0.18507988565908934
CC_3424972707B6,0.6260054735104676
CC_34452758A645,0.0391505935329126
CC_344D239879D6,0.12847188125450168
CC_34503B6891CE,0.24053824809353713
CC_3451722A3813,0.09505951253434128
CC_34517B513D8E,0.5534440254359466
CC_346ECB4CF2F8,0.10972151655319266
CC_3478E8B6B56A,0.07511408923701735
CC_347AFDE16722,0.08181918247304246
CC_347B1A01467F,0.04457195132169515
CC_348AA62FF484,0.2704360522849122
CC_348D3F098A4D,0.08092730238081497
CC_349290E4D0C9,0.16314011379300863
CC_349347D553D1,0.2788423602995885
CC_3495CE27BB05,0.2132985542079287
CC_34B10A654721,0.13123847986874343
CC_34BD2C5130C8,0.1413685389654977
CC_34C433439160,0.06822039315978763
CC_34CA271F73E3,0.321121973645337
CC_34CEBEA3B15A,0.0671963380782524
CC_34E58CF793A0,0.1207702094625542
CC_34E6909B6027,0.5940820374899611
CC_34F4292A8B5C,0.1924472244583134
CC_34F6DD223594,0.04479929660968153
CC_3508A7A5E9EB,0.1446920141879564
CC_35094977DD75,0.11693943084796593
CC_350DE157CE6D,0.20807126120275854
CC_351BD5C2EE8B,0.028726252463521403
CC_35486249EDEF,0.21070005003285638
CC_354C9ABE6DDE,0.06865077159906899
CC_35578162927A,0.13055740530192758
CC_357C3E7518D3,0.788288653389824
CC_3584C15BF11F,0.05125680327520792
CC_3588C5166872,0.0852603323593063
CC_35A68306B19E,0.1981295972293037
CC_35BFB3093D02,0.05062041946517595
CC_35C085ED37BD,0.5207591736173165
CC_35C695C13279,0.07683479300316204
CC_35D1668A4C13,0.2168914802923389
CC_35D27495E0CB,0.7681246534061293
CC_35D562E1DBE1,0.6515710026466751
CC_35DCDC74A757,0.5192560753833432
CC_35EC2AB1D1EE,0.11807143020082872
CC_35EEB90317B9,0.5916528838981712
CC_361A9EAF7706,0.2362020517605919
CC_361B968FEB98,0.3034914418602193
CC_361C9FA031A7,0.8058913106881591
CC_3620C5D1B3E2,0.06488731606974575
CC_3622D7221940,0.03881095108508864
CC_363175E92F74,0.31277119531274494
CC_3638C9146BFC,0.127579881299285
CC_3643A4C7EC5C,0.05722424298395078
CC_36690A9AE112,0.6915971849540126
CC_36719170F638,0.09720811029010329
CC_3673466BA7A7,0.08750650236638927
CC_36847054DF52,0.34860171766571385
CC_3691CE792752,0.7150029433095477
CC_36A27FE53743,0.5230309791287516
CC_36A3FB06D1D8,0.7891477895311662
CC_36B0F2AD5413,0.06973952564135268
CC_36B1B7BF5F75,0.16046202039073026
CC_36B68E66951E,0.4045132854071545
CC_36D3F09AD810,0.49653540469781804
CC_36DBD8424220,0.4955830893692621
CC_36E5645D8018,0.0672136534814222
CC_36E6592E4E23,0.1438222896069789
CC_36F143AEC864,0.10039076775489714
CC_36F2A735DF73,0.17389890309279044
CC_36F81C003E8F,0.0437590483825373
CC_36FCD55EE425,0.5340200595863706
CC_3701D5DB7FA1,0.10164185837927785
CC_3706E1EB2587,0.5378324270356818
CC_370E0F8EF86F,0.5477940689813727
CC_371D47444D5B,0.7030181649726464
CC_372CFE308EA4,0.649052304220058
CC_3731D90357A6,0.27496904089055174
CC_37322F66C543,0.03951406842934764
CC_373539DE38C5,0.11308270562955208
CC_375225700242,0.30953102465387916
CC_3762D0B6F3C2,0.13398235575972303
CC_377A277E831A,0.15360939543764549
CC_377B6066B91B,0.18302982634054155
CC_378D71726B5E,0.05853401571779553
CC_37A46BD0DCBF,0.0514929218768308
CC_37B447368F02,0.7325024324732903
CC_37BFDFE369A3,0.22347027356556332
CC_37D09FE492BD,0.07424722715265075
CC_37D3F4C07235,0.27607655363728145
CC_37DDACE48E3C,0.12199117993502034
CC_37DEF85C0A37,0.35543733742622563
CC_38020CED9EEF,0.07328779774502635
CC_382207621EC5,0.7943967666302314
CC_38374AB27F95,0.08096476073339637
CC_383A5544DD5C,0.13834791287437978
CC_383C129A5B96,0.2752471518091539
CC_3847AAA649C7,0.09697569482829214
CC_3849D992C1E3,0.0882978311408704
CC_384BB17F0F0B,0.5424259244045183
CC_3851177E5E76,0.08618862162851942
CC_3862F88850B8,0.28237175234624373
CC_3867CFCFCC94,0.21097842091808705
CC_3872ED018F85,0.2082694568910591
CC_3881A587C072,0.11980058825698096
CC_3882F8EB5EEB,0.6475038208206811
CC_38911341EA6C,0.09190737401991934
CC_389E5B71E254,0.5669781296170138
CC_38A0DBCD3728,0.09712236156239752
CC_38B3E9142747,0.0845556407295757
CC_38C1B8860300,0.06359592387897438
CC_38C8CF250B60,0.033359889371832124
CC_38D32B790B4A,0.13726412340091376
CC_38EB304A9915,0.18307557993143522
CC_38F26461C872,0.6709936264276414
CC_38F942257E28,0.5288052964342426
CC_38FA5D78A8A7,0.04857127141206563
CC_3903D7BCCA95,0.07802931250378854
CC_39043D7ED04D,0.18696011445007382
CC_39098B256732,0.06600128961459793
CC_3909A2E4C679,0.113695055662911
CC_392344DF8D55,0.2884902251054469
CC_392628C8AD47,0.08390683523406228
CC_39285F4C42BF,0.36776054427302984
CC_392A376EA1A2,0.08212610618834475
CC_3932E086F150,0.18146837918212594
CC_393D1D3640D0,0.07481551040344922
CC_3943B3490B49,0.7378492433346726
CC_394DE164DBCD,0.13993703837318994
CC_395600E84A54,0.13344013900970808
CC_395D181A7E1F,0.10514313890250515
CC_395E8CACC437,0.11707117655685065
CC_39635AC6A70E,0.055236750313003236
CC_3969352E3ABC,0.09869263064250691
CC_3985C0DF9CB5,0.48808987432015727
CC_3989F2C6A9F8,0.1885175282550445
CC_39A82672A1B2,0.08620259602162345
CC_39AA15DAE17D,0.6384733742075377
CC_39AA2A3D98CC,0.03890435200130194
CC_39AC257B00C5,0.0854650384776327
CC_39ACC63CDAEE,0.12126170550309108
CC_39CE40784C2C,0.2104762518522052
CC_39E1A306D418,0.1353835747555901
CC_39F2B11C46D7,0.09568828989641395
CC_3A10F5F50A27,0.04464833095617443
CC_3A27CF9D162A,0.5629160753430795
CC_3A297424A7F7,0.11696258883949004
CC_3A39F7930BF3,0.08746454198323793
CC_3A57566F9977,0.5726095421998931
CC_3A61121254E6,0.06079550337478687
CC_3A81C568A7F8,0.1734748569971412
CC_3A82E7050A4D,0.05470596754655581
CC_3A860AADE6CE,0.1404615353372085
CC_3A8B3FC29C9E,0.11044815907170585
CC_3A8E9056A5A2,0.10017693303758318
CC_3A9617A5777D,0.42342157587859447
CC_3A99D25777CD,0.1406302812089178
CC_3AA9E8D01340,0.5480006343968605
CC_3AAEFC09C290,0.7414006689673923
CC_3AB5E579843E,0.2442092571831609
CC_3AB77A30AD40,0.15040639769489914
CC_3AB7BA36A414,0.3448348139090769
CC_3ABA830A5BB2,0.12041155834889908
CC_3ADDDA550A57,0.11590036094335375
CC_3AE7B1151DC9,0.13932499354151628
CC_3AE9A209EE00,0.061195147276497705
CC_3B06FCD75C98,0.05728924793716489
CC_3B0722FB5E8E,0.2527679041933935
CC_3B1C51DD7429,0.1716148083373794
CC_3B1F4696D710,0.6097066950313994
CC_3B224413A072,0.23082328770074234
CC_3B35C3783CCD,0.25220584107922966
CC_3B3626F3DF9F,0.23376668703973078
CC_3B4405C7E486,0.5474356244402939
CC_3B4C4A9C9D99,0.30616620015298357
CC_3B72F0E9E3F8,0.21500523286185436
CC_3BB02A95C6C1,0.7015542167327358
CC_3BB8B675C2BC,0.4282053752061217
CC_3BC51B069218,0.12193576909612241
CC_3BCA5BD201AC,0.17251403808893434
CC_3BCAC9793441,0.272084504444704
CC_3BCBC867AC4A,0.04200259482614553
CC_3BE51412ABE7,0.4191497749359904
CC_3BEA98B401CD,0.6678029457091729
CC_3BED6DF1ABF1,0.13677797059335867
CC_3BF0BF7CF827,0.8257771068640076
CC_3BF110035599,0.6144793837126586
CC_3BF213810DEE,0.6889802583925643
CC_3BF21CA88D3C,0.46831438466202663
CC_3C0E29764C71,0.06723470530997022
CC_3C19509D4636,0.12768876002179613
CC_3C1B038BB068,0.14719033546911653
CC_3C594CADCA2E,0.19898592174589264
CC_3C5D909498F7,0.6504172760609901
CC_3C68D5179A01,0.12266731650929012
CC_3C83955704BA,0.782340039684396
CC_3C93218F41B2,0.2912547649942215
CC_3C9CFC8FB4D1,0.7433353446612834
CC_3CA266EB55BE,0.10396072042884649
CC_3CE49C937F7C,0.09236371148701897
CC_3CEEB9C04F0B,0.3805500851271585
CC_3CF504AD4DD9,0.06257280150313174
CC_3D1092DBC5C2,0.2038550635874707
CC_3D185833E7BB,0.0343751956080862
CC_3D2309981121,0.344029136223001
CC_3D27A0086AA6,0.15213682986096505
CC_3D3BE7D0F4D8,0.11158533730245235
CC_3D412B5EA919,0.10688713966877678
CC_3D47650C6F30,0.07989023309915118
CC_3D55D1FD8457,0.05141758805548885
CC_3D599501BA76,0.07970519806185028
CC_3D6181EE3C87,0.6173320579464061
CC_3D65CC165F44,0.12357933396101727
CC_3D6CF6DB8014,0.47219374020485444
CC_3D7C14801D40,0.20020735596347888
CC_3D836BDBF866,0.5813527840146393
CC_3D8DF3A3DB71,0.7837027990388017
CC_3D9309851089,0.17623817760187807
CC_3D9ECB4274C3,0.13601057449903256
CC_3DC8A9A92802,0.3240321607591862
CC_3DDD3813D1D4,0.09551733602607428
CC_3DF3FFB3CFC7,0.11906062765439668
CC_3DF88701601B,0.15408570228008064
CC_3DF91A482CFD,0.3092151963773764
CC_3DFD6349D046,0.6351875281292395
CC_3E0D54125AE0,0.17649108568480723
CC_3E10CFE1DD57,0.05296291548170068
CC_3E13CB98572B,0.1546065928008225
CC_3E142C8ACA6F,0.09001447206535848
CC_3E1BAC4E5B90,0.05579109212075613
CC_3E2DD0D1E2D8,0.13538108880251623
CC_3E403BF08A45,0.08870892319404965
CC_3E46368104AE,0.08640199073313906
CC_3E48A086B5C7,0.27181188455701727
CC_3E54451B0F6D,0.08992667050498084
CC_3E6335ED3F4F,0.10717955900456418
CC_3E87A65C50A5,0.21278773830570108
CC_3E91109E2090,0.059276555553044535
CC_3E92A1EDA618,0.20234279332773897
CC_3E94684FE270,0.4775506550464208
CC_3E9DB402F352,0.15441528696176196
CC_3EB5A15A6C04,0.7766119693642538
CC_3EB8A9A6C49D,0.10014015044654029
CC_3EC96BC884F2,0.11656964629892251
CC_3ECA9E44B90F,0.23023130481433807
CC_3ECE4EF16A44,0.16546976851075573
CC_3EDDB8E70F57,0.20695290842035635
CC_3EDF137D0E1C,0.12107975224182538
CC_3EEEE844410D,0.3871328392075852
CC_3EF4F348C967,0.1335291509243987
CC_3EF91DD11A81,0.1554060687192188
CC_3F08C55E7A40,0.14538214879176867
CC_3F171CED0CFA,0.033675956717944426
CC_3F2544EFA753,0.12978397741408218
CC_3F28F3286CCA,0.07419301809211655
CC_3F379CB37B0D,0.1521454856606854
CC_3F42D798AB1D,0.6822903086169783
CC_3F48724540D5,0.16109052372136395
CC_3F68068E2D5E,0.11227753340567616
CC_3F7FBE71B77F,0.06223789101026713
CC_3F80017B8599,0.06775012724030038
CC_3F8B17953200,0.07271475662100718
CC_3F964BADC4BC,0.7330835343486926
CC_3F9767602FCB,0.20199316434164422
CC_3FA84F0B23CE,0.06349212094970035
CC_3FB4B189143F,0.15233054534255114
CC_3FB7C976EB26,0.47000796224712904
CC_3FBCEB2F36D5,0.12459091656282026
CC_3FC4FE843245,0.11521219241591651
CC_3FD52E32FE8B,0.6475481367467614
CC_3FDB44EC6254,0.042860024788560894
CC_3FEFBD6DC62F,0.2575606454006608
CC_4005466D00ED,0.3184631018928846
CC_40095FFBC1A2,0.05912749006452745
CC_400F1887A662,0.12285907975089792
CC_40133FF3069C,0.0725861851024268
CC_401C6F0EED5A,0.11523378072922003
CC_4021AD03FA01,0.12899466488565245
CC_402E91F3A56C,0.12798896464643036
CC_403754B6988D,0.09868790609327394
CC_4052DFCB1656,0.22473532161043736
CC_40579C5C13D5,0.8192723820393668
CC_406937FF97E7,0.0876122492061933
CC_406C4233347A,0.1813191232670787
CC_4073E42E11E4,0.18017297309928165
CC_4077BB12A5F4,0.11694842414356439
CC_4077DD5B5C4F,0.15803300120859212
CC_40824D899215,0.09225997944434688
CC_408D79189FBF,0.308179200634562
CC_40A3F1D5EA0F,0.36802188338342323
CC_40A852A592FB,0.1395043082709543
CC_40AADA91D560,0.23518791075791232
CC_40B39CB2CC58,0.04624112921116687
CC_40CE2030F058,0.06018118653733491
CC_40EA2F8481E8,0.16094869113677088
CC_40EFD7778F98,0.15252512885132358
CC_40F278D49681,0.2734040105443942
CC_40FFCF631F19,0.4265320313067581
CC_4101D1B82788,0.14629601371975134
CC_4109B79A4B06,0.03707579888103814
CC_4119348F051A,0.12923152752074676
CC_41206EE45803,0.08616339292261821
CC_412DF740DA62,0.1407876701966555
CC_413AB4CA7451,0.09385494213093942
CC_414C06C60FF7,0.6286531075271582
CC_414F50748A51,0.06695644075209174
CC_415C65EA66AA,0.06490806079962531
CC_415CED95F7CA,0.13365680182824016
CC_416584250060,0.1224428680638973
CC_416B3A1F0F0B,0.07754568541369387
CC_41735021FC7A,0.1728165486532673
CC_417858CD20F4,0.10630118975865924
CC_41902EFB3974,0.05394639496334685
CC_41A27790EFBF,0.1208771208359711
CC_41A4A223F39D,0.1037264769816639
CC_41B464757ED6,0.10937206924792137
CC_41D1A87E1136,0.41433103828707696
CC_420FE297808E,0.044727954482548946
CC_4211096D5588,0.1649950486975539
CC_421F4D78128B,0.47679251665862554
CC_422F2780C85A,0.2960703796950208
CC_423B0296BE24,0.07652991174039572
CC_423E78000AA5,0.1454403214977775
CC_4246081DD359,0.09581577771643154
CC_4249EDF2FDCC,0.7989824562397418
CC_42568C67F412,0.3555606113931191
CC_426A25EA9E21,0.7080400552189816
CC_427ECDDEECE6,0.3310508831897042
CC_4289EEC8F0A2,0.12941545153398643
CC_429A7158AD07,0.12197573315505794
CC_429C51AE729D,0.04853538520080463
CC_42A0DE1E5E80,0.07966639887939113
CC_42A7D0F5388F,0.08833182144978824
CC_42B23C8C9F66,0.18535974397196617
CC_42BD3999AC3E,0.30061857525924396
CC_42C95B199130,0.3890540956644256
CC_42CD6CE97523,0.48979334210279024
CC_42DA114F12A2,0.38344569963675323
CC_42E2736AA331,0.20782336550351843
CC_42EA825C351B,0.4181403312484971
CC_42F1B2B4D258,0.5754466745353557
CC_42F4588EB38D,0.3406536657712462
CC_431F29A12E99,0.15996331798741445
CC_432EB78A198D,0.21765488448816772
CC_43383344BC72,0.19340823122771647
CC_4339187DD10A,0.06241402959068068
CC_4344A2E7EA1F,0.4872663601377679
CC_4347468ABE51,0.5560528506819301
CC_434894BC2577,0.05969791808335397
CC_4362DB93FC92,0.08757470206484277
CC_436850DDC704,0.1333822903435128
CC_43698E2EEA0A,0.10029206865880264
CC_4387F73F131E,0.1542564724605004
CC_43A33C994C70,0.3581540986281778
CC_43ACD82B5514,0.3058010610048911
CC_43B37131B8FA,0.24004279724826594
CC_43BFCAF8BD20,0.20161284471297355
CC_43C060E01266,0.1997101219001911
CC_43C41AF27375,0.06691347863987908
CC_43C5AFA48B93,0.058317606870736255
CC_43C767A44C55,0.1792803377007786
CC_43DECAB53552,0.051837158174421916
CC_43E6D931158D,0.377223505447466
CC_43E9F88019F8,0.07221308256629524
CC_43EBD6EBD675,0.0845483535937884
CC_43F81C577002,0.3272646954880987
CC_443C4E041687,0.10253440635082696
CC_443F63BF238A,0.10387249133035695
CC_4463776F9AA1,0.11247604174608188
CC_446F1EDF03C8,0.07042634441397265
CC_447BAD4F7820,0.8831172278674293
CC_447D02F917B5,0.0677615810189112
CC_447E705746E2,0.16093521664846308
CC_44A017104F93,0.6232698715166338
CC_44A1E58CDBC0,0.05908481168213727
CC_44ABCC04C418,0.08903119660098383
CC_44BF6BCCFC2E,0.04901381345560432
CC_44D0671A3B87,0.11324661785959053
CC_44DBEE3A7D81,0.14959068092267563
CC_44F7DD6A88A1,0.21162939274535153
CC_45080C42280D,0.19635693176313718
CC_4524AD74135F,0.46635672880988865
CC_45262103231F,0.2054129526520455
CC_452D8C5D039C,0.8144953313039204
CC_452DECDBC90F,0.06972979708679325
CC_453C9B3A5992,0.4831242944007579
CC_4542AACA1FE4,0.09533547871783729
CC_455209549D3B,0.8346736877466543
CC_4555C804C4D0,0.07267660809498017
CC_4581E4190B2E,0.09443164832529968
CC_458912F91D6F,0.43845935007118003
CC_45913E1BE65C,0.31556106707579357
CC_4594791FB40D,0.12036750315163464
CC_459B49073E2C,0.3503413630739204
CC_459EA8E0E2EF,0.12614729182163678
CC_45A4A38557E9,0.1402858968254675
CC_45ACE2B1DB6F,0.07803360716174382
CC_45C1A92F0E8D,0.10482668730347408
CC_45D0673EDD20,0.14830463802040483
CC_45D70DC84DA0,0.09999767850464163
CC_45D96479EC1E,0.0550666033170178
CC_45E8597BF74E,0.06965732320819217
CC_45E97246F83A,0.2947392467678756
CC_45EC44761309,0.12198810275104477
CC_4603A6F83E2A,0.05861385284190968
CC_46045CEE8330,0.08386768996693189
CC_464E17187A4E,0.38560905226990716
CC_4659FB4B8536,0.17860108861203614
CC_465EF4F9B68F,0.18184861680273537
CC_4663FDE62E3A,0.2875426595472982
CC_466D54BE0809,0.08925245216533256
CC_466ED9BD34B5,0.0821518793074792
CC_466F7908E13D,0.16939344152476965
CC_4695A5525A11,0.1560746624801723
CC_46BBB8A4854A,0.06379148196216318
CC_46BC61EC8F2E,0.18004830806671812
CC_46C0DFA660B0,0.15128438815095052
CC_46C2DCF84CA0,0.1256388244335609
CC_46C38B9F0D8E,0.09232035822409021
CC_46CAB9AE7C87,0.5731798102413653
CC_46D0D1ADEA59,0.15220969279350666
CC_46DFC1AA0821,0.800256408165426
CC_46ECA5976180,0.14959835656930645
CC_46F5F6D27991,0.083177443836064
CC_46FE9F226120,0.223854121365514
CC_47130CC63FC5,0.16186986356946637
CC_472330768F5F,0.09477253797795723
CC_47292EBB8BD1,0.1553982604396273
CC_4734AB1281DA,0.05851621498928149
CC_473989E6BA47,0.2689920766272345
CC_473AE07014DC,0.16332285892131654
CC_4741EF45C3DB,0.2512557352158891
CC_474586BE49EB,0.13705084253880453
CC_47490BF44944,0.2773877632219631
CC_477213DAED38,0.08710123261880195
CC_4778086276B7,0.11736870842729066
CC_47910B073CF3,0.1850469207949798
CC_47939776FDF6,0.7186917475485772
CC_4796F6A64420,0.058405092800705355
CC_4798549B52ED,0.2657657100914742
CC_47A3714E7D2E,0.3039601440803215
CC_47CE219EBAAD,0.19877609347622935
CC_47CF9074E03E,0.1651014468557066
CC_47E4537A53FD,0.13662164300848342
CC_47E8BC938FA1,0.151009665225559
CC_47F134D17818,0.11992944155051553
CC_4812FBE05C7C,0.37264655123538676
CC_48152725FAB1,0.5583289732421108
CC_482256495FAD,0.6984429699498547
CC_4829FF15D21E,0.15658558068584097
CC_482D26D81935,0.6206399784291757
CC_4838990A8D02,0.08265769090321168
CC_4862EA9CD1DD,0.05227887640640197
CC_4862F8C1B0AC,0.09427089347809765
CC_486CD67D26CF,0.1617821342015227
CC_486D8F9AE549,0.30998797807980105
CC_4877D1BDB737,0.10785563755733192
CC_4885E34F0B26,0.128051397143317
CC_48928CA8082E,0.14257949448985352
CC_48A74FF0E6C5,0.09013895707193782
CC_48E0791DDD62,0.0785794786729903
CC_48F620B6A472,0.09218254434317108
CC_48FDBB1D7493,0.10697276349438253
CC_4910EC928152,0.12613571419453426
CC_491C18C17767,0.06502541517606211
CC_492F65EF8D9D,0.8093421225577765
CC_493DDD53B97E,0.06082529930360827
CC_495F82AA5B9B,0.14898079318094012
CC_49618412FF86,0.0927078229688818
CC_496A7CFA344D,0.725126750857257
CC_4983EBABAE3F,0.08148941119277203
CC_4992C1915957,0.6016176272148892
CC_4993B31028A7,0.07723634464711919
CC_49945441A644,0.19357346812099402
CC_49A80692BC68,0.11232676210536016
CC_49AB67613A58,0.1648305087926217
CC_49B05CADDD95,0.5810554122575149
CC_49C6F9AD111E,0.12713390980052672
CC_49CEB94F0B3B,0.06591795564614869
CC_49D3A79B55CD,0.09347743010293277
CC_49D6671DAE8E,0.1140349683356158
CC_49E6C539B1CF,0.05587619595357893
CC_49EEDF0DA684,0.03361038410656275
CC_49FC290E33A7,0.15660309078005108
CC_4A01CF2F67D2,0.7597074313416128
CC_4A16DC668832,0.5176018372118647
CC_4A212461781C,0.07910858830544953
CC_4A237A8E6706,0.14300676697282835
CC_4A3DFA0E27A4,0.1460961618574264
CC_4A513D39DCE3,0.06693078348193711
CC_4A532B0E6165,0.17785063404215168
CC_4A5FA9F1C804,0.09962034081416321
CC_4A7BDEC665FF,0.06699265309922253
CC_4A7FC9B23222,0.2946917917697863
CC_4A8A7080FA25,0.26857693446316944
CC_4A8EFD589879,0.06264790789542495
CC_4A8F7D2B857C,0.16986477057631563
CC_4A91E8D4289D,0.37623397788727114
CC_4A93163A12F4,0.3124880221875291
CC_4A9FEF48EA65,0.12403206865900264
CC_4AA73D751AA5,0.31771008184540744
CC_4AAED0C85F70,0.13701751739344908
CC_4AB1DEF044AA,0.04622676222889163
CC_4AB5AE299217,0.17174514597102294
CC_4ABA0CDC2270,0.20154778583095395
CC_4ACFFC2F295F,0.675172056578762
CC_4B0490BAB1B9,0.06886927260938519
CC_4B28B03CEFEA,0.09254335151470926
CC_4B420765EB9A,0.1176229253310403
CC_4B47C16D9867,0.1170287629322476
CC_4B494C4D7D03,0.40020187452351863
CC_4B4C84B015C2,0.05493726178629881
CC_4B607295E983,0.04854361032743859
CC_4B6D24E81483,0.0752538904581232
CC_4B77AF6FAF2B,0.6812450403030471
CC_4B7EC3F2FFBA,0.05726587312060148
CC_4B85318DFA50,0.1175489597439183
CC_4B9B36B36DA5,0.7645356001373211
CC_4B9E0AD5D692,0.5188406900721558
CC_4BA041C9678C,0.1066020089094834
CC_4BB40F2129A6,0.0922961559933346
CC_4BB8FD274E2A,0.05006680390074761
CC_4BBB8118FBBB,0.15341419858067926
CC_4BC8CB91719F,0.11706745441655356
CC_4BE447D54BB8,0.1505059700115861
CC_4BE85B1BDB62,0.37634476665880784
CC_4BEF3C7F6395,0.27655991629967175
CC_4BF03FF61B97,0.49389546575349996
CC_4BF4C38EAE8D,0.23566923405865997
CC_4BF95B8140C8,0.0972239461892351
CC_4BFE0CB61B5A,0.39022210643140365
CC_4C2A3F254101,0.3790436849821655
CC_4C351DEB6230,0.24404698322848034
CC_4C38031A2A9E,0.10885514510344142
CC_4C3E35875F03,0.09637177661446364
CC_4C4D79F933B2,0.12992980355767705
CC_4C56497F4AB0,0.7079532737253791
CC_4C827B493CFD,0.1519027223614053
CC_4C849C6073AF,0.1067449577602183
CC_4C869E6F618A,0.1702087045750129
CC_4CA21C15763D,0.10773758490781862
CC_4CB2F1CAE684,0.10037206656724393
CC_4CC0265E0778,0.04973466352854726
CC_4CC5483903E9,0.5655160578008647
CC_4CD7C76FE235,0.4338078089445282
CC_4CE2BFED4F4C,0.07815906137154743
CC_4CE751CB58FA,0.41249924192026144
CC_4CF3E184C500,0.04801718035700782
CC_4CF668E60D64,0.2609141673474507
CC_4D1A1AF53E18,0.050303774941050775
CC_4D29155FCF33,0.18607337116568443
CC_4D2CC7618AC2,0.5048204963344315
CC_4D350FF7402B,0.3099223619241927
CC_4D38AE84E3CB,0.17867287365174966
CC_4D4140E1056D,0.08547247107336767
CC_4D5545FAB130,0.573265802899786
CC_4D55E218946E,0.09631562893052786
CC_4D5E14BD6AFA,0.08846666568869727
CC_4D78935D66E9,0.061145203383389114
CC_4D883AAAC6C9,0.04209266137427709
CC_4D8D8108C51E,0.6069953846509807
CC_4DB40331777A,0.7950780389544866
CC_4DBC8652D26F,0.0792789315798896
CC_4DC0E154EBB0,0.7105802641126807
CC_4DD5B8780C4C,0.08491155332037854
CC_4DE0070FF683,0.1515519057754752
CC_4DE688CDBC27,0.10668620321748415
CC_4DF37857FCEF,0.06374169037983295
CC_4E20F0249BC6,0.7591015499764427
CC_4E2F01B7B9EE,0.18918453055172313
CC_4E41C247B4E5,0.16830174018960684
CC_4E479F6989A1,0.062364413597465015
CC_4E48AF17BC29,0.08412618461241934
CC_4E6BE67E3C4F,0.038702094164553905
CC_4E70939C5933,0.4644575158471985
CC_4E70FB172717,0.17959403390668247
CC_4E726EE8C026,0.26729679225790315
CC_4E76F48DFDEF,0.09545279530734133
CC_4EA180B2B913,0.03954205937181603
CC_4EA67A160C3E,0.5775941525117266
CC_4EE41FC91AD2,0.16293990690712085
CC_4EFECC6C2E36,0.6316486599042164
CC_4F22CB97C34F,0.05374643387613401
CC_4F2444DC6C75,0.8110553233141733
CC_4F2B7F512DD5,0.06949797143662768
CC_4F504A9744FB,0.11729712856925076
CC_4F6FEE589187,0.13379898019953942
CC_4F71AAF96C32,0.08581688833295632
CC_4F76E57C55EF,0.3493642099690699
CC_4F88D3E5AA2E,0.04477202705812587
CC_4F8A4384F6DE,0.13893564381960158
CC_4F8D83DCCF25,0.2152453765689889
CC_4F956AA47816,0.6210542850924736
CC_4F99FCEA10E8,0.09294966884441758
CC_4F9F10A183F6,0.08220071793618605
CC_4FA766935F14,0.10229848389021651
CC_4FB0B9E398F2,0.2714270739211523
CC_4FD0DF6CA3AA,0.06259509844700477
CC_4FD902F7ADEC,0.06680704562288842
CC_4FF1155E3A6B,0.32676669752841314
CC_50103368F241,0.11550825709755652
CC_5012B9991935,0.13125729552373422
CC_50172FF2C2C1,0.13274440229124268
CC_5017C9BA7773,0.0650690843615142
CC_502C3D0EC4CA,0.1028855225411924
CC_504157951119,0.0595537332641456
CC_5042938B5A9A,0.462987309517776
CC_504A57293FE4,0.7984174130976547
CC_505812CFE43B,0.33931993701661767
CC_505A6EB06E39,0.3235853581861455
CC_5064CCE0EF29,0.22236180884587586
CC_507BDF639FB5,0.18341279440755595
CC_507E53684AB6,0.13346949876078376
CC_5087A0D1765D,0.2028444607943501
CC_509229AEC221,0.17766694889773965
CC_5092D3A72B03,0.19120100384015098
CC_5092DF691F74,0.5188796149840874
CC_5094BB59416F,0.2083651107642484
CC_509926B384D8,0.7511798926041813
CC_50A6C96DA7D3,0.06538407343252645
CC_50AE75A10F3B,0.2592699769220304
CC_50D4BB93EB1A,0.06178026159908981
CC_50DF7B02E356,0.1857569954511441
CC_50EB53CFE7F8,0.06209314202764485
CC_50FC7D563CE4,0.13612034276601495
CC_5100E6EAA3FF,0.19982211473272743
CC_510F2944B2A0,0.1323828310885708
CC_5128881AAD54,0.10961886728365682
CC_5138941DB7A2,0.15119712348078945
CC_5139EF8BEAFB,0.16926293868641448
CC_513E5EEC6B04,0.11319825012689586
CC_51427EF15375,0.28694703275025163
CC_5147B281DA64,0.3987193885732127
CC_515D968ED36E,0.08870849289024135
CC_5176FF858154,0.12112717485350882
CC_517CB40FB016,0.0925301289461524
CC_51884D5F3E4D,0.10293690392032268
CC_51AE98263438,0.1529367443410128
CC_51C9CE782368,0.15529800741266034
CC_51CC80D1570F,0.05896669504875428
CC_51D2E3476902,0.0735992222194702
CC_51E05E706D64,0.13717998141494075
CC_51E5A5E9801C,0.059804875923375286
CC_51F5DA44F9A0,0.4837296989869472
CC_51F6BDD355F4,0.06652051455172805
CC_51FE657FE212,0.09904889065617545
CC_520950C9BAA3,0.05752176946345996
CC_520B1D31AB99,0.12262931605198249
CC_522550E1761D,0.7586432667355052
CC_524CD519E76B,0.1016963182575862
CC_524FE9E3DAD3,0.5308785306047153
CC_52629A025048,0.12528534654475856
CC_526765FC100C,0.2579784337412742
CC_526E56249FFA,0.26547822306555274
CC_528B42A34966,0.22859874658506918
CC_5292B36E4882,0.2069405687927003
CC_529A2F110236,0.14634672394834006
CC_529BC4ADAD6A,0.21806288015972553
CC_52C1C5A6F887,0.08006318577892056
CC_52C3B674FDFD,0.22493288817591078
CC_52CCBB8F9964,0.08217620455362373
CC_52D21FFA24DE,0.7670531447785814
CC_52D32EDBAA78,0.21072922017391116
CC_52D7821A8363,0.13928614193427746
CC_52D9087EBCD6,0.7885505769451143
CC_52DD62E1AC2E,0.16889609259060123
CC_52E8B04F0FA0,0.11563387916661497
CC_52E965E9E2C3,0.14973710015482866
CC_530BA492842A,0.3007729347244857
CC_530F6E906D6B,0.05532407748202778
CC_531FCFBE3B13,0.10445577418023885
CC_5320DFEAD897,0.1703520264493243
CC_53319AE7B829,0.6006106989794292
CC_53481151859F,0.04846661624419645
CC_534D4FC05F82,0.21254166502218058
CC_53687DA8C9E5,0.3374587922788387
CC_53795A7B7751,0.050871081624762
CC_538328A6B3BA,0.42413260964949795
CC_5385266461B1,0.16519447867647258
CC_53891CB35BF8,0.16352568298834064
CC_53A6E1083B13,0.07147002371031302
CC_53A77DA726A4,0.07507326854193641
CC_53ADBC2F6E34,0.2038017331723039
CC_53B249809561,0.0839315600808719
CC_53B2DF5B019C,0.06538021668368066
CC_53C1F3E031A3,0.17690494383265531
CC_53CBF2E8AD05,0.4600294792749567
CC_53D04793ED9D,0.08585773726344853
CC_53E23A9B6F74,0.0720053085154398
CC_53EB59C99100,0.3479137151160231
CC_53EB9AC04311,0.09679608495446218
CC_53EC732C9B30,0.03499877755391351
CC_540122E71534,0.13572837684857345
CC_5405C89DF8BD,0.6910241916451789
CC_540D69F5BA23,0.13238180373321895
CC_5414446319CC,0.71348766393175
CC_5418410F95A2,0.07743888063010891
CC_5431A01C30E4,0.07701052736640501
CC_5452437FC605,0.4257028592076984
CC_5452979BF98D,0.07321231034475384
CC_546EE83F84A4,0.49808939014940995
CC_5473268241FC,0.15242750943931002
CC_5474EE64D859,0.32302652845084157
CC_5476E2B2FCA0,0.11351213965051155
CC_54892024F98D,0.22222465945030256
CC_54B33C66DCF7,0.09410936972679115
CC_54CF66B660B4,0.42409737621742355
CC_54D3A35EC69F,0.06465139574133082
CC_54D6AE2665AA,0.11217229878566609
CC_54D93974E62F,0.2914082281881775
CC_54F5F552A0F2,0.13032437001758926
CC_54FC3B361BDA,0.08916331698372779
CC_550135E8FAC6,0.13681238236974444
CC_55020AD0D117,0.12954058343593958
CC_55094AF7EFEF,0.10104429993078592
CC_55126E23462E,0.05601315606216166
CC_554C21CCAF3E,0.08998555434461822
CC_554C912C7DBE,0.08756778843194726
CC_556B02A2B401,0.3794689913928965
CC_557A0B0CD0F4,0.1565673459136581
CC_559A14E729EB,0.30876499997024043
CC_559F0DD4E4A7,0.23134980700687932
CC_55A82B4E57F6,0.1489068065155347
CC_55A98ABE4C75,0.1422853092339169
CC_55A9D45EA466,0.04573336622713706
CC_55CB872FF50B,0.21421229417449653
CC_55D9E3D58435,0.1911123442155836
CC_55DFF3C3BB46,0.06133878735824244
CC_55EDC3996984,0.1277288713587619
CC_56013299D8C5,0.08563030539384833
CC_560B519C1F50,0.07631508681816274
CC_560CABF0F5D0,0.1612746427194889
CC_56178AD87948,0.2591583222887553
CC_5619A7BB54EA,0.10140304554378482
CC_5624319D7B28,0.11291466897198035
CC_5625119D6C37,0.1667860365846343
CC_562BE7245E1B,0.7014313990187275
CC_563684010DF5,0.6362629432132157
CC_563EA9A29338,0.09485732206916075
CC_564590AFB575,0.034248019477713165
CC_565E01191BF6,0.6304219669174411
CC_56612A039382,0.06012632335598982
CC_5665FB827721,0.5237839375900771
CC_566932C3CC97,0.1093305071932704
CC_5671D59B2A51,0.11391854686236146
CC_567E7DD24A97,0.09110968073687375
CC_567F47F37683,0.043762228327530746
CC_56847A91065C,0.09992418647003237
CC_5698480F8634,0.06553698595258732
CC_5698B024CECC,0.5996441694415734
CC_569DC051A2EA,0.11062620695518237
CC_56A322152604,0.3946511114080023
CC_56BFD9A8335D,0.33948646954392847
CC_56C9379BADB6,0.04679638782128859
CC_56D410FD8F56,0.3389260046680626
CC_56D4549919EA,0.16934203163395029
CC_56D918CA6353,0.13817996955595824
CC_56DB30CE666D,0.12960388868947556
CC_56E760C3206D,0.2578464245105826
CC_56F73F905615,0.8374558191716845
CC_570683C088DB,0.11690762100787913
CC_571C6AFD00ED,0.4044690488560752
CC_5725663C3B89,0.09837794160820423
CC_57291D7667C8,0.1797602786116002
CC_57313F6E7927,0.17125345630717634
CC_5735F9B859AF,0.6673462729175877
CC_573B34826B2B,0.6938642477946746
CC_5744447CAF7A,0.0672757351926517
CC_574CC0FC7B05,0.10685274126109712
CC_5759E2982909,0.1263426803496569
CC_575CCCCDD7B6,0.6599820319410912
CC_57603A37D19F,0.04323477259018915
CC_57639D4995CF,0.2560662783562062
CC_576E6676FD55,0.060481296185408734
CC_5775C148E05C,0.11001861289085074
CC_5798E560E9F3,0.7848851367282245
CC_57A486F61065,0.6274291552468918
CC_57A726458B99,0.06581951694279534
CC_57B0D41BD7D3,0.33998861169746836
CC_57B501E60C35,0.08876628524595556
CC_57CA90509CB1,0.7592024814066184
CC_57CB7673547B,0.09544803786067999
CC_57DE479CB61A,0.7356492907755141
CC_57E7F1A6B895,0.05055986426853875
CC_57F13C4115FA,0.3510987288684644
CC_57F480CA9A42,0.08831618364041063
CC_57FDFC6DE726,0.2600664680561947
CC_5810468B76BE,0.14544076346195586
CC_5810F212B2EE,0.3797066676823006
CC_5817759E7007,0.15956773805113897
CC_5818B5089B3C,0.10279238505057434
CC_582C78363EB6,0.10010528841239993
CC_58391600720C,0.16541663955006855
CC_583D7B177F85,0.12031853550457261
CC_584C11014F63,0.13387411869902432
CC_584CDC12578D,0.05480140700952179
CC_5852F443C55D,0.0950767114686023
CC_58565AF0F70A,0.470614308636513
CC_58568DF9AECF,0.23904864639961015
CC_5859EE6309D5,0.43431768506603496
CC_5872B45E1C19,0.7846391875270514
CC_58797A417EEA,0.15652686650082215
CC_587A4844B482,0.2410768369837783
CC_587C0CC3DD82,0.6460955699518175
CC_5881A04052CE,0.09136523037425812
CC_589A4E02EF81,0.13398582009703883
CC_58AB46E5655E,0.15808195779991976
CC_58B0CFC9F3D2,0.0702442422084298
CC_58BEFDA6B4C6,0.11902468906099213
CC_58D95C7247D5,0.061615230632455206
CC_58DBF3409D48,0.06361405648139053
CC_58E35A47B880,0.1762438006413093
CC_58E40EFF57CF,0.43273273244319443
CC_58F551219BD6,0.06173477633677679
CC_58FA76C6C45C,0.6247624285419499
CC_59018149723B,0.055878349253942194
CC_5904459ACECB,0.7856452722686422
CC_59088B2886E8,0.03770315434923698
CC_590D2E0AD18E,0.5806485720016512
CC_59146CA05E8C,0.08899111017614456
CC_592592397DC2,0.48404707119117596
CC_5926F5B4E054,0.15304701380741015
CC_592A5A163624,0.2991827050792079
CC_5941C323917F,0.09478334675238488
CC_594E4E86A1C6,0.18150078872819458
CC_595ADAA76A32,0.08065735620171381
CC_596A20270C3D,0.1715166824611143
CC_5970E93E11DF,0.27052416122732525
CC_597AD111527C,0.10900227314726849
CC_597FDFFA265C,0.12789259122870306
CC_599C287D2BAA,0.37793555706763043
CC_599E345094D2,0.11927486669063117
CC_59A4741B5A92,0.1992341725212991
CC_59BB3A5BA2A3,0.5615922559810153
CC_59BFD1200F6B,0.1884409478448989
CC_59C07CCAF4E0,0.20581029576854776
CC_59C49474B501,0.13554169384882214
CC_59CFBC2CA471,0.6351006015027779
CC_59D62BE0C0C6,0.12979362391438798
CC_59D86F572716,0.11309520200025225
CC_59DF71FBA4B0,0.05034883274604853
CC_59ECB7465DCD,0.06681239788100872
CC_59ED43A803B3,0.035734579584600336
CC_59F5E81F4EA0,0.12689006004561715
CC_5A10371BE7B1,0.7998109502873625
CC_5A2F9A594A05,0.5600550291219897
CC_5A38E46246FC,0.584861921367232
CC_5A3F52B0A07B,0.2092621432074654
CC_5A5507A49F6D,0.0979962346444759
CC_5A58A5E6DE82,0.10183830456850752
CC_5A5BB6DC1018,0.21898856002858752
CC_5A5C0DF50E01,0.1103882087015686
CC_5A633C535360,0.0898435116636152
CC_5A67E62D8D5E,0.6563847607018571
CC_5A6BA0007593,0.11231730770896474
CC_5A7513434C72,0.04384757920985574
CC_5A756D8AE60D,0.20921463752258454
CC_5A7C13841B7A,0.6614508211345409
CC_5A7CBB6E8716,0.1798720542114875
CC_5A83A1E25A2B,0.3500738351331738
CC_5A86EB53A14D,0.7157712690801183
CC_5A89E13CE597,0.23924590974562385
CC_5A9466D0CF9F,0.12193114308225426
CC_5A95331BD0C5,0.11938726993105922
CC_5A9F63C3E428,0.06723350297013146
CC_5ABC76FF707A,0.06270905000798266
CC_5AD0F1B43457,0.0835655325165064
CC_5AD82250C271,0.04532721557575615
CC_5ADD27165E38,0.6541981005967283
CC_5AF32E5C8018,0.04319711723826812
CC_5AF3690FA0B0,0.17546286041272924
CC_5AFDFAA63B45,0.14008132759091893
CC_5B025DA26FE6,0.05905439635250715
CC_5B07C7DE7E7E,0.21863353288841209
CC_5B08171A6880,0.24865202014114612
CC_5B09FB1A0BE2,0.06859704895538253
CC_5B0D6BA12702,0.5628422559252271
CC_5B0EF2D4C3CC,0.15893357507414577
CC_5B195D88C182,0.34640738000459353
CC_5B1F6FE71A38,0.06846053189275532
CC_5B247961602E,0.06648341338558306
CC_5B276421F4CD,0.06546424490524581
CC_5B289AFA1662,0.26997813125536324
CC_5B3A16421A31,0.0528870482280311
CC_5B3E78897EB7,0.05752083447743718
CC_5B480B44A9B1,0.15208365525848028
CC_5B546C3A21F8,0.16478939105736462
CC_5B5BC4023EE7,0.12978642884719904
CC_5B6D63DD34B7,0.08370907956482562
CC_5B6E868912E6,0.09043242499806446
CC_5B818D2581FB,0.11874619238938493
CC_5B82E8BB921F,0.26351959930108565
CC_5B8E8DA14EE6,0.16925500683703804
CC_5B900A135A69,0.07584248188870804
CC_5BB64BDF3C99,0.10055876596076582
CC_5BCB2C79D1CA,0.24998499771733135
CC_5C072DB8586F,0.06439799962392877
CC_5C0BEC2A0850,0.09469041185729576
CC_5C24010127D1,0.2718334124526619
CC_5C2DAF5E0EB7,0.3971433265422638
CC_5C3E8DB90978,0.1758283380603391
CC_5C4A7CE69975,0.2986890443612125
CC_5C5766F933B0,0.46385301351935554
CC_5C5808240054,0.09520507530019413
CC_5C5D6E15EA27,0.2013874172368802
CC_5C60C4545922,0.11186394631360161
CC_5C626D70F6D6,0.14820012861855825
CC_5C670F0622BF,0.0798554284678803
CC_5C799E57EF53,0.052259450327003534
CC_5C7B44735AF4,0.1661895187169763
CC_5C7D8DF047E9,0.19200738463074396
CC_5C80F394EFC3,0.13684390659286855
CC_5C99E6189441,0.10031305408371141
CC_5CA9AB4A6AB4,0.12628905309067257
CC_5CB78ADD2432,0.130969261921378
CC_5CDE37CE08CF,0.055127005609730974
CC_5CE258D12432,0.3458584024169297
CC_5CEEF006ABF9,0.061589413416724206
CC_5CFD2850E277,0.2415304440040555
CC_5D01F71B9FAD,0.10637782388156883
CC_5D065A455A45,0.1789221219645818
CC_5D0AA7D4954A,0.2544065947875591
CC_5D242448B812,0.14131490825984927
CC_5D2C5115BDD2,0.18151821239792956
CC_5D3273E039AF,0.6437905857874057
CC_5D398BB3365B,0.09121339398313755
CC_5D3C1CE64952,0.0980974488782082
CC_5D4B0EBB5CD6,0.0983318001537816
CC_5D5E897588D3,0.09787061439843613
CC_5D65F25FFB8D,0.06239549247141425
CC_5D665A86C465,0.11543669510448096
CC_5D80C353E475,0.1063122927610545
CC_5D8895A0AB4C,0.19548077214680867
CC_5D88A673BF50,0.23091592505736674
CC_5D89688B69A9,0.3829658240273591
CC_5D8AC8E18A8E,0.0722142397688226
CC_5D8E7DC2FA6A,0.5492385014851318
CC_5DA29AD9E85E,0.05452773853870442
CC_5DB286EAC626,0.2837663062980909
CC_5DBC1BB95B84,0.8208702039717208
CC_5DC0A465470D,0.05182689381641588
CC_5DF82CB03C3F,0.10781648935604571
CC_5E001C93F359,0.06159014720418466
CC_5E029094A55C,0.6662792492718359
CC_5E0808121A65,0.15713452028742683
CC_5E1117E4E593,0.14312972643824526
CC_5E1541060A97,0.694596093151187
CC_5E1C11540C0B,0.09439388403096674
CC_5E1DC0E143F2,0.11930702015258804
CC_5E206AC277E4,0.23684383285326388
CC_5E22B4BC8B12,0.09633991566111454
CC_5E22D889B6BF,0.12711894186878056
CC_5E38425EC99F,0.7312369975102702
CC_5E3A70C2077A,0.14234943207192657
CC_5E5607D275CA,0.12850077023162385
CC_5E73C3D2B3EE,0.15310344059564623
CC_5E7F23A07A71,0.09025812004355657
CC_5E80A96974B8,0.1987746599153417
CC_5E8C0453B9B8,0.27162788410990246
CC_5EA599FBA5E0,0.5428106060839023
CC_5EB379BA6C7A,0.11371696731757418
CC_5EBB96F65AFE,0.44435527319600376
CC_5EC41568C2E1,0.0943736429254175
CC_5EDB5C924107,0.31019603726466216
CC_5EEE5D0FF8D3,0.17304713352802809
CC_5EEF07FFC243,0.07844705528222144
CC_5EEFD690759A,0.08620145688998596
CC_5EF2176F01D5,0.1004237007397781
CC_5F17CA33D26B,0.08223715594003213
CC_5F20750D6658,0.13562733467938493
CC_5F2CE32A6EC3,0.13350686767083744
CC_5F328EE757B6,0.05530921372359469
CC_5F35B8D87D06,0.1911950974175058
CC_5F390BA40E83,0.694654731680441
CC_5F59092CA9B2,0.11056745081349072
CC_5F5916E96E19,0.15282906971891647
CC_5F5E835B9E6E,0.0842296040945063
CC_5F648D39D67F,0.5936476932725436
CC_5F6D4104C808,0.1565536515747124
CC_5F72EBE104D4,0.04022943277882337
CC_5F765C41F051,0.06264353414652142
CC_5F8859A6F0DB,0.040802160482172285
CC_5F88ACC7C384,0.14402147207899202
CC_5F89DFA97B7C,0.6152171527297721
CC_5F93A3E31DD6,0.5889086333464069
CC_5F9A44423DD4,0.14190138260810622
CC_5FAA7965BD71,0.1476685716051963
CC_5FAFA265CA02,0.34530108222839817
CC_5FBE1A34704F,0.20123480909016978
CC_5FCAA919577A,0.22617786017918165
CC_5FCD208ADD77,0.17208004382320172
CC_5FECD2BB0094,0.0841487657497206
CC_5FFDE52E6B7A,0.09569058215583359
CC_6002BFD3F26A,0.15083802825365808
CC_600311592F72,0.07093655305486785
CC_600AE12112D6,0.25141842003918313
CC_601C3178E38D,0.19371332411177083
CC_6037EEA42F2C,0.3957387443311192
CC_604C08F76272,0.6497341456357003
CC_604C72AC662C,0.15604147101416838
CC_60510AFA8A87,0.13314160649521328
CC_605E2E26E52A,0.26059746230108644
CC_605E3904CD8E,0.11482002933448787
CC_60611B935106,0.09716676211759354
CC_6061787228F8,0.16139162368282373
CC_607270A72DFD,0.23406297362909545
CC_60738E418DB3,0.1617908238793006
CC_60961DF8A134,0.13315878723848057
CC_609B7A7FA165,0.08029120946079417
CC_60AC5C892D01,0.12694466170668767
CC_60C09FF84412,0.1631718669489567
CC_60C87349D73D,0.3283717542649016
CC_60DA2FBF1FBF,0.1052543862481035
CC_60DA539A39FD,0.1701230120502872
CC_60E974A0B278,0.06667187397547722
CC_60EF7D647EFC,0.04249548661611586
CC_60F525A39898,0.038016441935761126
CC_610009B69EBA,0.6631221124354247
CC_610FDDF5FE54,0.1407103833975275
CC_612C06CB5FF4,0.10500062315969236
CC_61307D82CC26,0.6345041566841636
CC_615030FD33CC,0.7153706588361703
CC_61649241FE59,0.19601714836962578
CC_6170051A606A,0.17834845397180998
CC_6179A630658E,0.07832235548474435
CC_617BD59427E7,0.12007009729200785
CC_617EC8BD5153,0.19492963403980787
CC_6191E14D21BE,0.07810646104495823
CC_61A798B8D222,0.057408516711020936
CC_61B4A983D1A1,0.076834160043966
CC_61C9732AA682,0.7467320327373923
CC_61DC64E37471,0.05849426694272318
CC_61EAF14033DB,0.09918902386167154
CC_61F18E0C218F,0.05274237861798943
CC_61F1A1263F5B,0.1494218927042848
CC_6209EA426553,0.04983700261356297
CC_622BD8CB3807,0.27470465239433284
CC_6234A9617A7F,0.09177406433314705
CC_623AC074EB25,0.1668508905312067
CC_623FAACE8A80,0.05532439012080727
CC_6244E2935407,0.24718036155836842
CC_624535E11F69,0.05279079082232927
CC_624EA2917CDD,0.6366122238587761
CC_62565D08DDDD,0.7639216650786287
CC_6268ACD3F95B,0.5049184572797747
CC_626B61F4789A,0.6085711760185047
CC_629193C2A090,0.2572530057812828
CC_62933641AC43,0.24240393672795946
CC_629480877536,0.3571197723919682
CC_629CB045D9FE,0.11938163543659092
CC_62A84BC400F0,0.290323193314473
CC_62C36DF81797,0.1636755219442447
CC_62CC835CAE4A,0.670586134036794
CC_62D4192F126E,0.7523013365389251
CC_62D7A3C9483D,0.06396386448029946
CC_62DF1B99B4DA,0.09773626027304858
CC_62ED7BA3E620,0.04696906092114194
CC_62FC001AFC78,0.09675734019753143
CC_630412B4AFDA,0.1992017277348679
CC_630903AD39C1,0.04467028685436248
CC_630938DCC1B5,0.06238038771469395
CC_630ACED773E9,0.4739287416810189
CC_631E1690D913,0.07044931957686765
CC_633A7C7FC25F,0.2558739484978401
CC_6342051D8FEA,0.2477067132791159
CC_634CE4E8AE49,0.19313276600619972
CC_6359692F5EF6,0.1344591171888315
CC_637278423A6D,0.25993411879698036
CC_6377AB848081,0.11402311747790123
CC_6381A65E0A3D,0.09951550985709998
CC_63871B4814E2,0.12383738567789404
CC_638AD269F05C,0.0408716139658758
CC_6391AE0FB83F,0.12177959372648003
CC_639703EE2ABD,0.040651882983830476
CC_639750C87A7A,0.7080731217994238
CC_639B1DCECD2F,0.1630887747708498
CC_63A869443AC0,0.4542370358806139
CC_63CCEE26BCAE,0.06012270053450758
CC_63D51CECB6D2,0.25041702168355845
CC_63E53402FC02,0.03537445893758002
CC_63FC6895901C,0.144020732615115
CC_63FC8A97D9C1,0.13650234468852393
CC_64117B93EF73,0.3275735373206476
CC_642D9C325F1D,0.31836000671187736
CC_6436B950E22B,0.18947690056753874
CC_6445BD3DDB6E,0.03560604547217628
CC_645C15569E42,0.1017534162534886
CC_646472AD66EF,0.0897830773497586
CC_646B8254357E,0.1399635762596291
CC_647F4BB4983D,0.6467489699568305
CC_6489ECEEFD0E,0.09641902570244183
CC_64946E57306A,0.03681280089451535
CC_64976830B0B7,0.3110321679450641
CC_64BA10F3FAA1,0.09870261489741644
CC_64BA39A0DFC6,0.08994688956527314
CC_64CF9A79EBFC,0.09927759808192571
CC_64F0E0473D1E,0.07684050131985024
CC_65006C2AB2D4,0.7792760652476685
CC_6500BD19FA06,0.3060649942676859
CC_6504DCAA90E1,0.08146167204003928
CC_6509C7361994,0.16262123248629973
CC_651486189673,0.10066875202143019
CC_65194BAE506A,0.1523240572747338
CC_652539353439,0.1639562090137756
CC_653CE5FA5A76,0.29264938679984454
CC_6560C2F4EDA4,0.19114771983097595
CC_656137F98187,0.6550135006365501
CC_6575B4B39113,0.04074139049523882
CC_657F629D31E2,0.2019216902914302
CC_6580B7583ADE,0.19187354871828574
CC_658477BA75D6,0.05140006325541524
CC_658B7867BE7C,0.10614055982290144
CC_6593FE5349F2,0.09931445671836087
CC_659EE0F05A75,0.3429639925672741
CC_65A0D8134410,0.2667562339988211
CC_65ADD5A19F64,0.11287120753514604
CC_65C3F0F73BB1,0.09363723872799513
CC_65C47521C285,0.04956324210850972
CC_65C4EE0B737C,0.2302405396803318
CC_65CB68404333,0.18539967000341176
CC_65D6DFF1B766,0.12410933427151996
CC_65F1545C35E1,0.16528325436533556
CC_6602547E2FCF,0.23665082619178385
CC_6615D7044816,0.23841203905706482
CC_66244D4B72EA,0.10011429771439302
CC_662E5AAE07A8,0.061466217567836975
CC_66322B339E84,0.05222435921580479
CC_6634FD4B1CD5,0.7731649675265333
CC_663DCEF4923E,0.18334983834520757
CC_663FE5BF918D,0.5579882457180032
CC_6645798E740D,0.10834099297298898
CC_6649736C8321,0.8067043823400294
CC_664E1026C4D9,0.2761620903477379
CC_665603C4A33B,0.07084217119630747
CC_665BDD9C8039,0.38109921852509876
CC_665F2AD58363,0.20278784913550196
CC_666767444BC3,0.24189369291935633
CC_666C0A2A8674,0.0594436095031921
CC_666F2BCDC7D7,0.18869264720275936
CC_66775178B226,0.07477277935060891
CC_667B6F8C846A,0.6755027835869207
CC_667E909835A4,0.21799424384202337
CC_66809C278FCC,0.17831595119257898
CC_669CCC44CFCD,0.06948889173271833
CC_66B0BD3F6516,0.293377997650958
CC_66BF02C05DD8,0.1415329974526279
CC_66C491256BE4,0.07140487422004163
CC_66CEFA65F912,0.35513553980186346
CC_66E025DB3282,0.6310765725078175
CC_66E7B423A32F,0.6721690837506209
CC_66ED26E7BAD9,0.08755343625712927
CC_66F7FF7735C3,0.21606711273045906
CC_66FD0CE6D57B,0.05849186783865772
CC_66FFFE05C2E8,0.09491955649148118
CC_6700012A39B8,0.13610944076553919
CC_670FC6A064F0,0.1837855887542836
CC_672932B65802,0.086459881263201
CC_6742C6478F98,0.19438621476103096
CC_6745321663BF,0.06316702066965985
CC_67579CF57290,0.16326432553477555
CC_675F7483FB90,0.18497617489803247
CC_676ACFAA6131,0.6530509863658808
CC_676B423C495A,0.5916709009391528
CC_6771C0D1CB1F,0.05818979100457511
CC_677EE0369CA7,0.07782722581049804
CC_677FE35855A9,0.2124471313148728
CC_678091614A14,0.11993269825545778
CC_678A43ED0803,0.7008107995296384
CC_67955C210226,0.08419626437681893
CC_6797E0B01112,0.21630143031181315
CC_679D90941842,0.15684988185007348
CC_67C05273700B,0.11874794093925731
CC_67D5172B6450,0.15274908699967332
CC_67E8CF412D93,0.11074283867353829
CC_67F6576A6836,0.24238883527372895
CC_67F985A00A12,0.05140812056947101
CC_6801AD1D4478,0.08067181584829529
CC_6803BFA94B17,0.05494032412264279
CC_680B16E5E240,0.13559973579047252
CC_680F2D0F4F6C,0.07916249210470556
CC_68221E1393E1,0.0954188506799728
CC_6822590B968C,0.19410105503506014
CC_682D8EBCEE94,0.22134208138566208
CC_68429B4AE401,0.4385528681351947
CC_686B26BDD061,0.06591530320060296
CC_687518442359,0.4486950264636143
CC_6875DA61F422,0.20000337802010335
CC_68A3D749608C,0.16593955148098147
CC_68A9C3CE2557,0.09850169271109896
CC_68B9F8C6D9D6,0.6668304318085941
CC_68BC65E3C84A,0.4451604782977461
CC_68CC4D1D898F,0.07331687219628279
CC_68D0ACBD2D0F,0.040589857704752624
CC_68DA8D5488B3,0.08251840527418663
CC_68E675A69AF3,0.16244950995427374
CC_68FC9E6FA27E,0.1712396137180362
CC_69322F7C4CE3,0.11714367255558325
CC_693710EAD59A,0.21870831660572054
CC_69387752F41F,0.5703939998359806
CC_693B71DDFE67,0.13222801859364328
CC_693D4AEDA3A2,0.10177232235015411
CC_6952171BCD2D,0.1338243000561806
CC_69547DEB412A,0.2133485467232229
CC_695E80DBA42A,0.08302744443181088
CC_69717E76CFAF,0.4595406090464763
CC_69741BF89A2D,0.11744096527635567
CC_69825C70EEE9,0.2016570859286246
CC_6985C268DC74,0.4868007728797941
CC_698886C4AD90,0.14670647707778303
CC_6999901A6060,0.1603048443831821
CC_699ABD34646F,0.06584126129641521
CC_69A98DC7A907,0.060311227252828906
CC_69AA6E0DDE10,0.22500078157274872
CC_69AD5A48A78B,0.21134111567890218
CC_69BA7BFF98E2,0.12550837003659562
CC_69BBE365C097,0.057423758568790076
CC_69CD95A00D9C,0.05092911076134088
CC_69D328691680,0.07351680769546762
CC_69D39C9F36F2,0.28169861067079943
CC_69E09390CD64,0.0915346144631583
CC_69FD49E90AC9,0.33802544996326356
CC_6A099AFE73BC,0.15631485442093696
CC_6A099E6C91BA,0.2642096980571518
CC_6A19EB191A81,0.03283511201685982
CC_6A39017046FE,0.1127153369732952
CC_6A4A401F2920,0.34636690100902706
CC_6A5261180031,0.06088735775856911
CC_6A7432494840,0.16240326102061298
CC_6A7963180D20,0.3342018495350145
CC_6A7D7E5F814F,0.5817460624713504
CC_6A8B8BBA749E,0.15342187527542692
CC_6A8DFDB0621D,0.15263420836107688
CC_6A93C436E2FF,0.10946792927090308
CC_6A97F81D9A0A,0.14322098224018712
CC_6A9D1622B4DE,0.3428520690222903
CC_6AA6589445C1,0.6781573119034312
CC_6AA7A87F59FD,0.17071126314765245
CC_6AADD44C0B52,0.09511860894229446
CC_6AB4A5EBA3F6,0.20550471590537236
CC_6ABA7D0ABAC5,0.1276873874932719
CC_6ACF1E52BE8E,0.13165500355572307
CC_6AD3513459CB,0.10024415643546863
CC_6AD4238EE77D,0.16264382657900614
CC_6ADD0FE5DD74,0.644524656942712
CC_6AE2737BD3A8,0.09427952999967998
CC_6AE48C1F2448,0.1507352098578079
CC_6B00A666A420,0.6037562927809875
CC_6B07C3992304,0.0776470062583258
CC_6B0A72BBD800,0.6427904741975434
CC_6B12B975F2EC,0.280688737013055
CC_6B12C9507F32,0.16153656107561226
CC_6B34719D93AC,0.6093946326073973
CC_6B34740DD355,0.1587327816292116
CC_6B41081727AD,0.21606968980112115
CC_6B4902892E70,0.09101262210464073
CC_6B5BC2D89077,0.7631164534668782
CC_6B65242C2CCC,0.14710756266816294
CC_6B823BACBE75,0.32471840327730483
CC_6B83E1A959C2,0.24450616696958855
CC_6B84FB3DE604,0.03686811634396887
CC_6B8AABAA752E,0.17947483959608224
CC_6B8AC0DEE990,0.37081273866385256
CC_6BA45C072D40,0.1366707716784616
CC_6BA72ECB5027,0.11022473182310549
CC_6BB560F020BD,0.07471285517360546
CC_6BDF0B68C126,0.030482655090213535
CC_6BF0A9437728,0.12822590776103085
CC_6BF3B9097199,0.1368571675866917
CC_6BF7A1EF31B9,0.1979024664583237
CC_6C29DF49246A,0.06761952352397323
CC_6C3C86C2125E,0.09132349189776243
CC_6C42FF6D7218,0.61218012890185
CC_6C541A482CF2,0.2024685150270681
CC_6C585A6BFE01,0.8140222363996266
CC_6C5CE36700D0,0.19458651706075475
CC_6C62C2094733,0.0904065224332036
CC_6C66539A9D02,0.24881302653026335
CC_6C684505E498,0.08582182207444292
CC_6C6E40927C35,0.03932336510545287
CC_6C7736F51C12,0.69628269535215
CC_6C781CEB6F52,0.09874444859467857
CC_6C7E39BF4744,0.15735098858399182
CC_6C9EE9BAECEE,0.06596389747812227
CC_6CA0F076091A,0.10393820017164039
CC_6CAD299645B0,0.14414671608722734
CC_6CC3C50BA394,0.09763145558948429
CC_6CC593C5385D,0.04642237674614866
CC_6CDA4B24C602,0.28593508965536363
CC_6CE31AFF7813,0.06514481675823437
CC_6CECB68DE9C1,0.34718640905932996
CC_6CECD3DBA212,0.1847032011847237
CC_6CF17D012682,0.19153245267189944
CC_6CFCDF903310,0.13900135247924925
CC_6D08B5E62654,0.1071706241546812
CC_6D0F60667273,0.29346990147298485
CC_6D127EE83945,0.056844124048161054
CC_6D134DB29068,0.3701069575434446
CC_6D141A49D94E,0.5897414401401124
CC_6D148C0A624D,0.19771390338303174
CC_6D1EFDDE2EED,0.0644751954476278
CC_6D22B938D7B9,0.07161728546669646
CC_6D27409F4956,0.11240987490202334
CC_6D2F0EBBCA4D,0.23726457375079935
CC_6D43BE30E8B8,0.2707878175902706
CC_6D4EDEAF67C7,0.21013404413616527
CC_6D72571304DC,0.48358306285415376
CC_6D7C62C7C161,0.06206273610486631
CC_6D8A18C28AF0,0.06582928283617134
CC_6D8B35007242,0.08213719844743766
CC_6D93A9E49E3B,0.1320981376393171
CC_6D9C644A082B,0.10732049488886178
CC_6D9F52BD4D0E,0.1067769091978722
CC_6DA058F9B631,0.2559980035125793
CC_6DA1F8DF9CDC,0.2430066971243113
CC_6DB000AEF16A,0.10448090244914802
CC_6DB5025899E3,0.19660783370515172
CC_6DD6FA2FA0C6,0.10293122414900638
CC_6DE4E4C1A31D,0.17979725981827305
CC_6E09CBC15C94,0.48856953164443784
CC_6E353816938F,0.05301850437633598
CC_6E3AB992A5C9,0.17463277297223967
CC_6E420A2FE490,0.16828304108478717
CC_6E46D01888D5,0.1671997843235587
CC_6E4702162475,0.055391850021264795
CC_6E548AF15091,0.2522386355644955
CC_6E5C9A2DA27E,0.043822933499182384
CC_6E610F3976CB,0.19156738403924395
CC_6E614FF9BE02,0.6591480784279589
CC_6E68D46447E2,0.09524642690673976
CC_6E712C21215D,0.04620489031509102
CC_6E84DED41B8B,0.1263949445826244
CC_6E8557E30DC9,0.6391531911274055
CC_6E8963475D35,0.21192168605111622
CC_6E9880CA0BF9,0.296438872419836
CC_6E9FCD68ED52,0.7016921675758202
CC_6EB194A93F60,0.1303821945009133
CC_6EB370F511F7,0.06304984355311073
CC_6EC722B2BC2F,0.15919897359057356
CC_6ED1B0EE4B6C,0.2663967495712388
CC_6ED65E7CABA2,0.1088365710276066
CC_6EDA84B653B8,0.34690012536190584
CC_6EEE8E7C1D1C,0.17143262168023735
CC_6EF17801ADD6,0.13898484623255924
CC_6EF337CC4BA9,0.24243561230831578
CC_6EF464EC9FCF,0.10184119729998531
CC_6EF6B8AE7DCD,0.04232201308509272
CC_6EF8C59D8395,0.8649889635168287
CC_6F2146FE362E,0.06606090986889401
CC_6F2408B665A6,0.4097577952925775
CC_6F2B8E925D59,0.035507417073535746
CC_6F3034E96848,0.10378886739082216
CC_6F3559ACC2F5,0.046322183917659465
CC_6F46C5897DA8,0.3731050960683658
CC_6F49ECAE902C,0.07421521165053463
CC_6F4B818665D3,0.11841274828997946
CC_6F4E696A1F88,0.2733543213169465
CC_6F54BD66C0EA,0.17312273881702753
CC_6F786C433998,0.09233508990985276
CC_6F78BF56B0C0,0.0905641768794901
CC_6F8346F138C1,0.45170778626433544
CC_6F86CFDB23D6,0.05929595391824435
CC_6F8E30AE9457,0.17258438684620533
CC_6FC25B27AC26,0.0785032690286733
CC_6FC8BE007FE9,0.12823177498037167
CC_6FC8DA40122A,0.19689707699942585
CC_6FD8BAB1DA3E,0.08197113040744995
CC_6FE4FD09A9D8,0.09672327593320929
CC_6FE78CB02174,0.039385918728048155
CC_6FEB8EDBF2A4,0.17798640023447784
CC_6FFCF2DAD0A4,0.07480324979031938
CC_7002034B0979,0.0858407146757834
CC_7006523D45E4,0.08441759491966641
CC_70097151A773,0.07850017298460658
CC_7011BC95A91B,0.04575014268152364
CC_7020F3C11A3F,0.15846244458763223
CC_70306409A3E8,0.2869946723776865
CC_706B18DA7204,0.11939685113289247
CC_70703A59C070,0.18866516960947874
CC_70749DDFF595,0.14748301070989317
CC_7079CE5127A3,0.042511309603572266
CC_7087A46F0AB7,0.09786459000692288
CC_708B73EBD939,0.12641225181049237
CC_709315667BCA,0.08314842276783838
CC_709970475B6D,0.5814656885823325
CC_70A56ADAC199,0.05148436857755811
CC_70ABB244502D,0.049749225197633494
CC_70B0176647CE,0.11836432501193239
CC_70D3353DA1C3,0.07578718167464583
CC_70D652DF4E91,0.13832925526280818
CC_70E3121BFDC4,0.09637123934382766
CC_70E5FB8B072D,0.045361977388149816
CC_70EFECA3FAEB,0.161387068088072
CC_70F59DA18BCA,0.5173652821254501
CC_7100129A0AFF,0.0967710346146981
CC_7113554E33B9,0.04556414038542589
CC_71260405461D,0.045421093361169104
CC_712677251322,0.1921955098062312
CC_712D31B2785D,0.08217915453076563
CC_713052DB1E2E,0.06521017810390566
CC_7139C2D6F1AC,0.11071818009487129
CC_71427FC8FA49,0.2679523280682002
CC_714912E93A71,0.1397377013727716
CC_717A5C2ED311,0.23310183186140138
CC_717C94F5C8F1,0.06800095430128567
CC_718F067F4DA0,0.04613045308725812
CC_719E714DD38C,0.051336336155168937
CC_71B169C874D0,0.15682864453342732
CC_71BB5070615C,0.11867836055201904
CC_71D37D6D19C6,0.19592354639465287
CC_71DC80205F42,0.14679148017761978
CC_71DEB636B8CD,0.584315394489661
CC_71E4CBAA1211,0.15703092796583118
CC_71E787049755,0.091738685335843
CC_71F1EF5575AC,0.10598944772602124
CC_7201DD8EB33B,0.20983933882446615
CC_7202C8CE2317,0.3008500984011217
CC_720B06583C57,0.03887430842959785
CC_721DEC038BAF,0.06698850988623402
CC_72219BCC83E3,0.14688245625991672
CC_7223DABA7E98,0.08204448439886299
CC_7233459FF7B8,0.18441141871207378
CC_7238A8A6767A,0.20431775861335444
CC_724559551664,0.6363700181751689
CC_7248EB4B76CF,0.053688359943187505
CC_7259B5314D92,0.08881437541067685
CC_725CA03102FE,0.04606474320753139
CC_726E05E5A555,0.11841223603485827
CC_7276AEED6D4A,0.07204198984457437
CC_72A18E8D6670,0.04380884674518948
CC_72CDBC38202A,0.5331541765191751
CC_72D8B2ABA2D1,0.7265250320420893
CC_72E4590D362B,0.3659606400058943
CC_72E8542AE4BA,0.0459909376582837
CC_73010B6E55DD,0.6217964488823405
CC_7309A4693D52,0.14504230185892675
CC_730C2A3FF1BF,0.14583776175499258
CC_731C1BCED024,0.634313775181773
CC_732C325832D8,0.1916528337967922
CC_732DFCAA0A75,0.18794910346939847
CC_73322A6A24B1,0.8235105447701927
CC_7336B19A18AB,0.21655599400596195
CC_733AF1D123B8,0.3102805883576661
CC_7344A0E90AFC,0.10021044608539849
CC_7348C2B475B7,0.10985095779172861
CC_735E1A78B058,0.08288567559314763
CC_735ED2A02DC4,0.13297025181563588
CC_736015DE4E3D,0.36805863103763253
CC_736A42761E55,0.10880636482791917
CC_736C0436B98D,0.1492942381857037
CC_7379212919FD,0.09150072894744513
CC_73859CD59E75,0.551178912212699
CC_738B201B1CF9,0.1670067415421705
CC_738DCB11942F,0.062280466697369724
CC_739198ACE582,0.12500010674830703
CC_739D093D7B69,0.10564343579258872
CC_73A7FC903662,0.16101280517424138
CC_73A8927DCEB9,0.10214044387350704
CC_73B575BBBBE3,0.17955755547044358
CC_73B6B9AD2002,0.06157306862513775
CC_73C28D72A5A3,0.3915769315774198
CC_73C38DBDF9A7,0.11304191542064707
CC_73D44BEF6754,0.341491205214556
CC_73D4C1D7C022,0.07940198078556975
CC_73EF383F3C2E,0.14663346401831892
CC_73F34B1607C1,0.07423649592217248
CC_74137206902D,0.0890868409131584
CC_74198E5EC366,0.07115083763801854
CC_744FB5804A8C,0.6295352395262637
CC_7451E64B6D47,0.15023482579465802
CC_745A64878AF1,0.09175983015754757
CC_746B196CECA1,0.14475107822595212
CC_746C06898D5B,0.6143781041746691
CC_746DE1EED0DD,0.26539378056573065
CC_7476938CF6A0,0.5043155129088449
CC_747CFDB7E305,0.09068524972429531
CC_74845374E870,0.7372470113489294
CC_74AD8D3B192C,0.7260810003885404
CC_74B90A15B270,0.11354760705278302
CC_74BA5D46E909,0.6873739936222885
CC_74BE0AD5E21D,0.2055566507966127
CC_74C33B66F002,0.18932785495396745
CC_74C9C3F17421,0.05766349985900764
CC_74E4BD5C07D2,0.06318766697841455
CC_750D90249EFD,0.09819719604143987
CC_750DA21B7EDD,0.31064010860950486
CC_750E6537383A,0.2337564787322945
CC_75137D6F9DCB,0.12571163107589062
CC_75173A8A11D1,0.3792236290159989
CC_751DDC1FC2AD,0.12027154953118516
CC_75357E0206F5,0.09604022643239515
CC_753D160E3A58,0.1295065974544115
CC_754447632F75,0.04492538559055868
CC_7549363C5D36,0.0762776604948615
CC_754F3894627C,0.11218125727243393
CC_7562CD43897F,0.14505166087328195
CC_756A077EC614,0.4254759823290084
CC_756D3492443F,0.30006149596536513
CC_75783B3E6C6E,0.04363919624654601
CC_7598068A716C,0.05080544661573608
CC_75A37D8C1F6C,0.5921206893145166
CC_75ABDDA24C26,0.11110435704309729
CC_75B287424E59,0.386261343385061
CC_75B2B88876B6,0.114699368673736
CC_75B324FCDD4A,0.22063830786233854
CC_75C1466E61E2,0.2519096395731281
CC_75CCCD9D4568,0.1294091032546697
CC_75D2DAF4491C,0.3200379199301095
CC_75D54090AAD4,0.10036018072811326
CC_75F1927E5941,0.6811352709660994
CC_75F99AD6844A,0.3084280596786084
CC_75FBA505C727,0.27402746884922835
CC_7615CC930B76,0.1318254592171523
CC_76168488EBB0,0.36271388951651795
CC_76197A77D666,0.033843908096697475
CC_761F48F8E962,0.19988716519933303
CC_764C6ADC6D1A,0.08697236546648274
CC_7658A6B0910B,0.04781539566570296
CC_766347951B7B,0.6311976619542248
CC_76857712D8F5,0.28385393509514006
CC_76A0DF2549B7,0.10767217180291762
CC_76A636414AEB,0.23466128938485026
CC_76B01540CDD1,0.16256962464514585
CC_76B420FC66EB,0.0903107572225792
CC_76B6BCD2EBAF,0.06955742599761762
CC_76B7A0029620,0.12518777163642308
CC_76BA435EF2AC,0.13200115725564926
CC_76BCC1AFDA4D,0.07976730348361886
CC_76C35913E797,0.13889418697653177
CC_76DE3DF1DEE3,0.18717005891363908
CC_76DFA4CD068B,0.10245648562682717
CC_76DFE3568C72,0.2750936875167691
CC_76E201F1E036,0.36408207621194544
CC_76E83166FE0A,0.15496238761378744
CC_76FD9E9D9ED0,0.1332361318287233
CC_7720BBD06736,0.30998217205046974
CC_77340228F356,0.7135459357730073
CC_773CBBCBAFFE,0.0985411509790675
CC_773E9B092923,0.11300173667644481
CC_773F22C3E42F,0.04982021056284217
CC_774ED295BF96,0.1308697470091888
CC_7751ED6DF76C,0.05379062135695222
CC_77571749B970,0.13094201577266273
CC_776F8B3BAC08,0.11352910355683257
CC_777889F9694E,0.05073926654132889
CC_777D08513AE8,0.08076789060870546
CC_777E3D988EFD,0.2313040020845522
CC_7795BEDE05E8,0.24571820841997694
CC_77A9EA3A6784,0.0888519698294779
CC_77B1AB7960A9,0.18540800929035134
CC_77B6EA810549,0.3232842973553093
CC_77B9889C9BFD,0.17822272073904238
CC_77BC55DC92B6,0.1441869785550749
CC_77D1DFCB0A8B,0.05779427379329778
CC_77D9AC43DFE1,0.20426106968982582
CC_77E6EF1CF2F7,0.10774761047234394
CC_77FFA8E6B36D,0.10613247418266686
CC_7801661A9DC2,0.12615383456672694
CC_78069B1BD931,0.14902883721815022
CC_780828B48716,0.08395941192388444
CC_782130B98F34,0.10283170349161885
CC_78273789B3C5,0.7478956777623664
CC_78296783E4EA,0.1556958677277052
CC_782B06291D87,0.06262918429560636
CC_783A2D4C89F9,0.3945997461167812
CC_784407E16923,0.1157369576671718
CC_78491B6255F2,0.4234841733578616
CC_784F17AC712F,0.08265814464434022
CC_7852FC3BBADB,0.08563381868246851
CC_7866E4CE528E,0.8178694533116
CC_7867E7C01013,0.18129743991001798
CC_7869F609EC2E,0.17921962684765536
CC_7874F14ABD7F,0.14947162640159
CC_78774E05FF12,0.15411202703561325
CC_78815A352067,0.11510199473753405
CC_788FF4549766,0.3341876114929573
CC_789977501322,0.11092610059969649
CC_789B2BA880E7,0.04582129804229452
CC_789D87F51AA1,0.07706108107601396
CC_789DC3C358CB,0.21288400442706684
CC_78A036DF6320,0.6783813855892447
CC_78A3EA63B7EF,0.04617693618802109
CC_78BF1B8FC1CA,0.11794143981441553
CC_78C96E7015BA,0.6367994212056954
CC_78CC84FA2CE2,0.1679623384400339
CC_78F0087076CF,0.18061668363541708
CC_78FAA95F5B5F,0.14384672446409205
CC_79033EFDE096,0.12168533065680139
CC_79086C18A963,0.12348798322876794
CC_790DA2ED9F5B,0.12873162747382413
CC_7928811F7D86,0.10885121341441312
CC_79345478FCE5,0.18397236539198486
CC_7936C8D65B95,0.12250934417609984
CC_7948C5509411,0.5019568450857421
CC_794ADB0677CD,0.12205309771686124
CC_794FF8E7F876,0.049391657986274845
CC_79500EA652BC,0.5880567342931491
CC_795083A66DB5,0.04428942097891314
CC_7950D4B773CF,0.12720715277429256
CC_7955AEB49759,0.15221319677390618
CC_7964F862DFA3,0.43187194157380965
CC_797A700CF967,0.48993644651978663
CC_798180DDF677,0.3626507349876421
CC_7981ABA9C370,0.10864244624553701
CC_798B2DC03C5A,0.06359837049416817
CC_79BD986C23CA,0.07924895822052688
CC_79C6BA680815,0.510051097854155
CC_79D694E6F5AF,0.25055747460279704
CC_79ED9A0F6E49,0.4325916184634784
CC_79FA2512E5A2,0.15276406275519988
CC_7A0024F6FA60,0.23001755329498763
CC_7A193A453F27,0.04299732504744649
CC_7A1F071DC5D4,0.3105049805786007
CC_7A5D96BC99AA,0.7636235058498335
CC_7A6B51562949,0.18919991170789735
CC_7A6D7F9654DD,0.416435118886364
CC_7A778E010F33,0.25557679750950935
CC_7A7FB841B669,0.5603442974267923
CC_7A91013D31E1,0.12109941568167548
CC_7A9117596769,0.06472647536503559
CC_7AAF340DCE8F,0.18832743602829266
CC_7AB146267981,0.21019535025590702
CC_7AB2A9CC8424,0.20639868878162831
CC_7AC1DF18CBA4,0.263405696429415
CC_7AC4240DD225,0.31310040632468755
CC_7ACB325BD924,0.2054828321171361
CC_7ACB88002397,0.49431992645578887
CC_7ACD4F370AED,0.1787850376496202
CC_7AD4072A9F82,0.048497312611057115
CC_7ADEECDE4D73,0.2377434261761903
CC_7AEB48D8C5E0,0.0863847806240585
CC_7AFA5CD2B29E,0.10801285642066903
CC_7B092786DDB0,0.0620659634742461
CC_7B1B35D5628E,0.05086316403995925
CC_7B210557F04A,0.10379540871373674
CC_7B369A7C1D3F,0.1643448414480545
CC_7B4002591821,0.6867742792014797
CC_7B42BD80D79A,0.19680258143720925
CC_7B44FDF08B93,0.104562496623334
CC_7B501C32CAE5,0.07809517825357214
CC_7B88520D4FA2,0.3649796591539459
CC_7B8ABE6E552B,0.16639243201250456
CC_7B8D2E07908E,0.3669389784394465
CC_7BA150468D19,0.514490362456892
CC_7BB159FCEB53,0.20375185359252954
CC_7BDD72710831,0.06925105200000191
CC_7BE02C65B967,0.16211918516850332
CC_7BE382988C1C,0.6349346085149644
CC_7BE6110DBAA1,0.31728740374580117
CC_7C0B14BB0573,0.15551685487774375
CC_7C0CF5558904,0.7387873957123219
CC_7C13E7F561DA,0.6737206012339061
CC_7C46F7F667F3,0.10592177451881808
CC_7C510CE0521B,0.07941568809033824
CC_7C61B5D39E49,0.45544917730054146
CC_7C6770DDA182,0.12541095297937507
CC_7C6DBF78A610,0.09560574263047215
CC_7C7B0438E3AB,0.16779109834157835
CC_7C87DFBC3176,0.09645569039643626
CC_7C9528E94215,0.24513980427294213
CC_7C9ADE65CF81,0.09889954494224783
CC_7CB6CD1B9DD0,0.05239745978379313
CC_7CB7C7E55BE6,0.15746684734959598
CC_7CCC3A690325,0.12952558786576013
CC_7CE5689488DB,0.04687272527483505
CC_7CEB758A9814,0.05337254430648249
CC_7CF7443D923A,0.06372736752561953
CC_7D0D597690BF,0.1447530006547232
CC_7D0EA0307817,0.04190078644470039
CC_7D12E6FF25C3,0.1257883479076197
CC_7D28D39AED1F,0.5726702767761408
CC_7D2D19D832FF,0.07108205141514977
CC_7D34A67E1369,0.06891273459766732
CC_7D4388B41EB9,0.1509482024940225
CC_7D46FE573D79,0.08038560815903861
CC_7D7810799F2E,0.05430826080516982
CC_7D79241150C8,0.18312050308659744
CC_7D7B92EF2655,0.1548394136841094
CC_7D8C2495C1F7,0.09520962616954597
CC_7DA4F1BA24A1,0.7032312720010635
CC_7DAF18939084,0.06702986076831592
CC_7DB8BA427410,0.06869793715204767
CC_7DC9456F1161,0.0475458097094243
CC_7DD2CBE0F0BC,0.24095185689468848
CC_7DD495158BFD,0.6984820167411359
CC_7DD5411F7A14,0.3006028870095227
CC_7DF099A7A092,0.23389708603065792
CC_7DF27D2AC111,0.04616220929959798
CC_7E0CA072EF93,0.06403900643730775
CC_7E0DA100F5F2,0.19286894120271209
CC_7E1086EFDED5,0.04146087058489168
CC_7E12E0F3CF6D,0.11109916081629598
CC_7E178CE78FB8,0.07727253570616031
CC_7E1C1A6D0E9A,0.16159543241815877
CC_7E2A76850DF6,0.7864016179275253
CC_7E3ACB15C69D,0.1056881315286016
CC_7E3F3373A73D,0.7221883896041913
CC_7E42A3D0737F,0.1166143013183409
CC_7E4679C534D7,0.2536347777726469
CC_7E53FEEB19B1,0.2551770953532832
CC_7E71CE7FC603,0.19136784037107313
CC_7E8333DBAEB4,0.35509574989880843
CC_7E843438DE4A,0.0660937737166722
CC_7E8E4747C0D0,0.5818823890479298
CC_7E952828C1B5,0.09053707927032459
CC_7EA6431FE6F5,0.12127733647844037
CC_7EA7BA7621C3,0.2755961589604257
CC_7EA8F24B3010,0.09561069837374932
CC_7EAB28B0309C,0.06295221110898236
CC_7EB4A5BDA97E,0.08234320690412882
CC_7EB4B0A36534,0.09031376182415339
CC_7EB791F4AB2E,0.10392712031108767
CC_7EB883C9D5F9,0.04634827589651723
CC_7EC59C577F02,0.0753383322456794
CC_7ED2683D26DD,0.08917314047007885
CC_7EDB3440E0AB,0.5931818987694121
CC_7EE12013C7DF,0.17339800245836476
CC_7EF824CC0D3C,0.12085517449553593
CC_7F09C6F6321D,0.7470652493087784
CC_7F1AD40DA179,0.2152652487270717
CC_7F1D38A39164,0.08567645353538203
CC_7F22B7D326CC,0.16995201941610516
CC_7F2614F1AAAE,0.2271566406750102
CC_7F2CDC7C1634,0.04947304030602318
CC_7F2D46DF9BC7,0.1638329370404861
CC_7F57A90B69E0,0.27733662517422447
CC_7F633226A676,0.3248221091007797
CC_7F753D809267,0.6879688674217224
CC_7F7EBF25AED7,0.03994684291416876
CC_7F8496CC5779,0.04639062285389736
CC_7F88D9C5D258,0.08704005848589046
CC_7F8AB4DCA794,0.13310481801747887
CC_7F8CC9509418,0.2843190230169532
CC_7F9069571F79,0.2802421907429821
CC_7F9AD27E079E,0.1831394317264487
CC_7FA281AC1C7A,0.08167185754158801
CC_7FA389E90548,0.06600557787362113
CC_7FBF4A48AF55,0.059925574159003875
CC_7FC40175A8E1,0.28891330640562113
CC_7FD58EE7029D,0.0891262942336511
CC_7FD7F635C341,0.05901280388621386
CC_7FDD458DA059,0.2076264718321248
CC_7FE85C259E03,0.10186861963163958
CC_7FE8CD30D7E0,0.09607263783819078
CC_7FFA32DE7B04,0.14241755148894203
CC_8014F1E2C5BF,0.05075631389658959
CC_8015895C1C29,0.21775896111142892
CC_802BA7E39A13,0.058111920130605926
CC_80300D23C3FE,0.42354092080511807
CC_80465303B6E2,0.18476863907853247
CC_805ADFD46B84,0.06206465054760246
CC_8060F40D9522,0.1590883657392113
CC_80621E822131,0.06513575943139462
CC_806654B580B5,0.4176555063092796
CC_806CFD6A52BA,0.04604868599875074
CC_807935BBEB7F,0.05202386733159762
CC_807C57E626E4,0.07313909116585736
CC_807C91C98684,0.036364965835879705
CC_8096B589BB07,0.13178034393256274
CC_809D60155E9D,0.06667124110795826
CC_80A2189E5125,0.5094729458302801
CC_80AF87F62770,0.1674201662299999
CC_80C03DF9CC57,0.18704748389651552
CC_80D9B6563750,0.5651854612412703
CC_80E9638ABD4B,0.048987131099306455
CC_80F7171B71CF,0.10090158487666143
CC_80F9983BC18B,0.05859719035736889
CC_811109A98EFF,0.0952664471027038
CC_8129480B056D,0.3453870296781978
CC_8134E5DA9FEB,0.5814111451213437
CC_8140399AD344,0.1186416260149053
CC_8140E278B6A0,0.24112088873085802
CC_814E0F756757,0.444032089423368
CC_815FAAABFC91,0.15411677894513118
CC_816B28807CED,0.07787806424496732
CC_81821F9F2307,0.5316384605557808
CC_8186D7991EB8,0.0586471299875317
CC_819E203180C8,0.7950665914831215
CC_81A5E3141BDA,0.5129542740565572
CC_81B5CED8EE79,0.138415095333291
CC_81B91198E00D,0.7290048122363245
CC_81BADC379C8B,0.1925485389209431
CC_81BF8EA390F7,0.05116549268829641
CC_81C5FC962C72,0.0655466087311414
CC_81DDBFAF1CB6,0.05651305543468534
CC_81DE637E6138,0.03831265010003826
CC_81F389DEC9C5,0.09147166195108994
CC_81F647806849,0.123990922586006
CC_820D491B2903,0.7688960382087293
CC_82172863AA45,0.3032720740724105
CC_82195FBE9366,0.06756428199595295
CC_821F503DA953,0.08453683980098269
CC_8221AF9B0B93,0.7657151692307229
CC_8222D1C47857,0.06549914434390594
CC_824BB6CD2B25,0.06671894795093697
CC_825192411933,0.10025090132510159
CC_8270E213EDF5,0.2217061150390982
CC_82839CC161E8,0.07345394568864509
CC_828A0B6D7291,0.07833207655319495
CC_828EDE22A438,0.04698444450503385
CC_82928B5ABD45,0.30002567788642825
CC_82A7FE954659,0.1750704046403179
CC_82ABE1FFFA1F,0.12505175378060812
CC_82BDFA01C41F,0.14032897871277697
CC_82C20057CB4A,0.09721234097362869
CC_82E52529A567,0.22274351585777097
CC_82EFBFCF68AB,0.12160643503841681
CC_83092F58B321,0.12779367879231987
CC_83098B4BBD4A,0.11703755145719488
CC_831F9E623C5F,0.18488584665575777
CC_8326C8A3D569,0.10882342006318596
CC_832730F42A18,0.12234083163647815
CC_832A44C3F2A0,0.057854148367676786
CC_832EBAE498AE,0.6514598184718878
CC_833B196A70F3,0.6773120383246776
CC_833E14DFF4C6,0.14451358264057987
CC_834092035687,0.39856305210069926
CC_8351244DE3CB,0.062430201049447825
CC_835B90025058,0.04908480794025584
CC_836534CEDFD3,0.1391359647096743
CC_837ADC1EA55A,0.1954623233040805
CC_83884D799788,0.15902126565186317
CC_83947255841B,0.12971586749156327
CC_83A5A3022ADF,0.7959308364576737
CC_83ABA98906DE,0.0851505450468449
CC_83C75D07414A,0.368581957895603
CC_83CBA767432F,0.7624481164353935
CC_83D342F53F36,0.15268712782728838
CC_83D5CA2A23C2,0.04885249268635981
CC_83E002D6D82D,0.1836337129000185
CC_83FE1BCC83E6,0.38167151830452994
CC_840E5B830DB4,0.059334412673298864
CC_842525788FC1,0.17539488305755963
CC_843076C8EB9E,0.28877760448277073
CC_8442C97EE91A,0.0999037803822937
CC_844C3C30ED67,0.09985702448535815
CC_844E345D2636,0.17714060798257994
CC_844F26E92B12,0.19248233841545948
CC_845032D8A261,0.2791603359391815
CC_845223F606E2,0.3345946279194636
CC_846F5B19B110,0.33933507311854394
CC_84797EA9ABF9,0.20622685701837284
CC_848D59D48081,0.18315817023300116
CC_84AB057BFCCA,0.05632422359471923
CC_84B0BA112537,0.05538332974404009
CC_84B8FCEDADD5,0.06962280557915079
CC_84C61A6BE99D,0.08666551930683
CC_84CDF830F68F,0.08651016235957576
CC_84D5B88572DC,0.21974020827333324
CC_84FABECED186,0.12432202293632116
CC_8503F43FB29C,0.21522686947806774
CC_850ACB004EE2,0.07811798552873836
CC_850B114489CE,0.09425160674423898
CC_850CC17BB13B,0.12158728194546152
CC_8518C159BDE6,0.14774373755743958
CC_85299261146C,0.08852416498511248
CC_853986C52A17,0.04949234379399243
CC_853ABBECF2E1,0.7858461472033376
CC_853BF4485D85,0.1902723335581022
CC_853EED03843B,0.07642737153670823
CC_853FD1B551B1,0.17132329529897256
CC_854AAA98CC0C,0.800205254597113
CC_854F8AB5F1FE,0.03863773492269959
CC_855E2A785BAA,0.11106820597498894
CC_85614CA68432,0.06878790284708543
CC_856B92B23BB5,0.8025187628495334
CC_856DF4A30E13,0.6914053504585459
CC_858704DBD5A6,0.06460378647004103
CC_859EF0AAA74A,0.048970259902612126
CC_859FB710961E,0.14050078521779144
CC_85A0EB3C9884,0.5662316762545369
CC_85C887BB996A,0.08704463739313588
CC_85D9A6C9CA60,0.10872061112688913
CC_85DAF10E61A1,0.5680006007574527
CC_85DEF8ECB524,0.126786577619098
CC_85E2E0B8B15F,0.6725976198948633
CC_85F018DC47FC,0.25984982347704727
CC_85F376B33951,0.1910175682890623
CC_85F745E1D307,0.1570362477990111
CC_85FAFB430486,0.2554820973400681
CC_860D4B868C17,0.02780333845688726
CC_8614E30C9FCE,0.48251087090908684
CC_861F5DC22035,0.053947165481391265
CC_8624ABB391B1,0.18803400717125224
CC_862BAB422756,0.33351397324768445
CC_8642F98E5504,0.20780346387444854
CC_8655B8862C81,0.146575890457579
CC_865FCEE75A8E,0.0389140189201508
CC_867372811CCD,0.46219386249553257
CC_867695B5C296,0.5671444704668939
CC_8682B1F914ED,0.15563727695064375
CC_8691DF144B92,0.5250289444868905
CC_86AD259FA5B1,0.12886159208360334
CC_86AEC21936BB,0.7295671134665471
CC_86B1D15F8424,0.06289425760483579
CC_86C2A6EC5712,0.7107239151080952
CC_86CF816B494B,0.08633312378584643
CC_86D4D58B1D0C,0.15314790084000152
CC_86E2C4E17CB6,0.05978642171823428
CC_86E9E191E3CA,0.37758403547489783
CC_87000C16C856,0.10692004435629564
CC_8703DD5FA02C,0.15311362215815943
CC_87065B1F429D,0.11880233744314327
CC_87434BBA1CE7,0.04950253395643236
CC_87450EA8CD55,0.6598897620873919
CC_87480F785786,0.07328572113802229
CC_8777EA6EBFD4,0.05162112959486463
CC_877A35E76904,0.08580849706090586
CC_877B37D01563,0.11594036523211898
CC_879759A5EFB8,0.3395582030328844
CC_8798AF2651BC,0.11478505252693161
CC_879989FB3B92,0.5336459863291567
CC_87A3BECEE5A4,0.13267983181464466
CC_87B7CDF4BDDE,0.0474506259791882
CC_87C13E620006,0.23894096094330702
CC_87E3AFB080F8,0.09986094602935436
CC_880044F77ACC,0.09427786600793575
CC_8809BCAC74A9,0.044105022791165335
CC_880E0019DB5D,0.03570984694551187
CC_880F027D886E,0.11894633500928248
CC_8812BC579F7D,0.0890184031964266
CC_88225FE57D82,0.2381303345802298
CC_88315318E9DA,0.3493217497781561
CC_883864E584A8,0.07452863928567136
CC_88469BAD58C4,0.05420540893942638
CC_8854EE679596,0.06588032091423512
CC_886273CC4072,0.06854628011593053
CC_8866B6D4524F,0.2574005504142665
CC_88A943606806,0.3514868867102424
CC_88E916A3F984,0.8848144137555903
CC_88FDC55C31A4,0.12228949649186928
CC_890D5EE59076,0.030215775300443767
CC_890F721517F2,0.09942879676516339
CC_89129D16418A,0.36356967301521315
CC_8917F02F9326,0.138656052105568
CC_8920B6584A43,0.07762834139025995
CC_8929DF270419,0.7217695678349382
CC_892B119F0E5C,0.14474077787544593
CC_89302456B9D5,0.600333905773118
CC_893FAA6D1F04,0.7427817219574127
CC_895AF697BFBB,0.26685591133743436
CC_8961FF892F79,0.03272800578208291
CC_897674493060,0.07964234484625331
CC_898AFCD28B03,0.1341690198432546
CC_898CC919D10F,0.19958849024090505
CC_89A711195EEB,0.15540856354161015
CC_89B4DF07DF12,0.08853681931261329
CC_89B941079E10,0.11204111469379567
CC_89B97E9FF67A,0.10523948109897219
CC_89C5162E8055,0.18674768652402535
CC_89CA0F1E2DBF,0.2594415007592838
CC_89DEE29A78AA,0.11310932113173185
CC_89E089707730,0.1407875873403116
CC_89F0B865A6D4,0.15766836190482345
CC_8A04C5D4D02D,0.06864660986743219
CC_8A081AA1FB92,0.36327749456157854
CC_8A0C640E7A89,0.5457574872706705
CC_8A12B68246A6,0.05429478299629712
CC_8A14A46B280C,0.15223793031291766
CC_8A165A18560F,0.22605444605200478
CC_8A19196788FA,0.07491504189667907
CC_8A25FA445037,0.09926010367867161
CC_8A29EA87B295,0.1326618333864154
CC_8A2AC87CB22A,0.05896285019689403
CC_8A34634E7423,0.5897469683968972
CC_8A38BC1AFE57,0.08000970378427939
CC_8A4CAF0CD0F3,0.10474599488505228
CC_8A5A0429CAB0,0.13724217968800173
CC_8A6E60FAE870,0.08461348019875686
CC_8A7DA054E397,0.6902140126025776
CC_8A7F5FF4B421,0.21984876554721086
CC_8A8249A44847,0.13234276854778648
CC_8A8BCE16DF45,0.10032894064521021
CC_8A8EC764734B,0.0718382562600979
CC_8AB553BFA00A,0.09758037819381835
CC_8AB57DC077EE,0.6369022140642262
CC_8ABA5808D313,0.08401062990224493
CC_8ABDD9A05C87,0.37154826389343654
CC_8AC7520DBCCF,0.15992490960521072
CC_8AC7F8BABF28,0.0663415503042279
CC_8AD67FB3A5CC,0.7359128719959583
CC_8ADDCF5EDCC1,0.10123630110882298
CC_8AF1C3A0799E,0.7075860217260812
CC_8B388FAED0B6,0.1168519884504346
CC_8B46CA903D09,0.034021595612514464
CC_8B5819403FC8,0.7481723439795331
CC_8B581B8207A9,0.14944972073699958
CC_8B6DBEF19F46,0.14861324673920784
CC_8B8326C4C229,0.11607090540040399
CC_8B850FDCFC83,0.07754155545906799
CC_8B8F41F19B72,0.07204379953534071
CC_8BAF98C60957,0.12430755079430275
CC_8BB0824B181E,0.05797557417741568
CC_8BB963DAD9E2,0.16020440720273982
CC_8BBF5F939D7C,0.12228225427224823
CC_8BCBDCF4DFF1,0.07854448156262536
CC_8BCE343561CB,0.7346922409706111
CC_8BDA87361657,0.08934156064994507
CC_8BE68A4DB87C,0.06738935710805043
CC_8BE9BBD879A5,0.04528188626395093
CC_8BED85B91011,0.38053987512966597
CC_8BF68E552DA2,0.20589529001228213
CC_8BF832E6464E,0.8024469673477546
CC_8C1561920E84,0.23208820983514178
CC_8C2A7D9A667A,0.15778245625686083
CC_8C3A5DFE70B9,0.15294873766601783
CC_8C534CCBDA4C,0.23039855505288534
CC_8C6472A3EEAB,0.06505216842082225
CC_8C6B4854D16C,0.19121909661991104
CC_8C76DE4F58D4,0.0584909368720187
CC_8C7DA3F4F88F,0.08469938674337829
CC_8C8527DE7DD7,0.08846411675060405
CC_8C9416612FDE,0.40185709765916544
CC_8C9973F02AD6,0.3818175028317696
CC_8CA1DB61A2AC,0.06091914598071381
CC_8CA59CAE22F6,0.18393820706191585
CC_8CAFD04A6EDD,0.10829027240541327
CC_8CCCC389913B,0.6391734877602367
CC_8CCEF12DC7B9,0.19571586492588472
CC_8CDCD714BD1F,0.7721796540955987
CC_8CEC7987D1B1,0.08804439424803209
CC_8CF621ADAC0A,0.20960716311590558
CC_8CF8FE2A4B82,0.42498891235749764
CC_8D048396D9D5,0.10690645743761328
CC_8D1089C58563,0.48294387241118275
CC_8D35A37FC4B1,0.11958280373905644
CC_8D41E12FE5B6,0.16568645240442037
CC_8D4A859839EF,0.1533858396488614
CC_8D4AD431C55F,0.10537739259591757
CC_8D4D882CA579,0.11748801849421364
CC_8D6151025078,0.13055314047915476
CC_8D637233FE54,0.138763893933762
CC_8D6AEBA2D7EC,0.10087999097759726
CC_8D6E16DED971,0.18971724003029447
CC_8D7329F79BBD,0.5197217301234317
CC_8D7B7307C43F,0.09511503125219847
CC_8D7B9D4936EC,0.7292444601261725
CC_8D80B1B44AE1,0.5689161970081346
CC_8D9516D61143,0.43318299824985196
CC_8DBB8445786A,0.08223488401715306
CC_8DC5B86D9DCC,0.7531324139633154
CC_8DC6465998DD,0.19270778683136458
CC_8DDD0EDA9CB2,0.1607915137975549
CC_8DDEF0265CB4,0.060945314123355694
CC_8DE06BEB95A1,0.08790443011068003
CC_8DEBB5B14A14,0.15445806284792282
CC_8DF5BE7F759C,0.08584781236509359
CC_8E0ADCC71F85,0.04831924969016027
CC_8E0BD86F6F0E,0.10807193554344172
CC_8E143BFCF3E5,0.11737215600199909
CC_8E170A60D71C,0.36718295942107326
CC_8E1C3A21FAEE,0.10878101120042366
CC_8E408E18F060,0.10931466871932262
CC_8E42FB163DA5,0.7905211575685324
CC_8E47536D29BE,0.23584715715416588
CC_8E50AFFC5BBD,0.049737498566355474
CC_8E5FB1035354,0.1769663493366965
CC_8E7B9B8DD1A3,0.10657969369449685
CC_8E85B08196AF,0.044851438732701664
CC_8E96FC75AE5A,0.07966594144919228
CC_8ECAB5A6C7B9,0.06290983649967671
CC_8ECC4C7A6638,0.48973053352160745
CC_8ED6F13C35F5,0.14962645848421774
CC_8EE5E9467038,0.16107885700714739
CC_8F037E5AE692,0.06628547441325877
CC_8F1A418D96B3,0.24852699394645802
CC_8F1C4014F91A,0.14441674839266028
CC_8F30A5FC9D49,0.10120308035922511
CC_8F3456F298F7,0.21273966292102428
CC_8F393D485C29,0.12338296863532143
CC_8F4A41130110,0.05287864883827724
CC_8F7AA6E4D486,0.140254038630968
CC_8F887BE25314,0.16895794075971504
CC_8F90CD1A5E00,0.1710494231287182
CC_8F9B26042C4A,0.1276692893641293
CC_8FA9423E65C6,0.10490355396482905
CC_8FBA6C32E0A5,0.26974673104668573
CC_8FC1C50C41E7,0.08294068385587877
CC_8FD005425792,0.07031071226022068
CC_8FD6A223135B,0.12579219368184738
CC_9002450E1B5A,0.05147140175589235
CC_901CE62199C7,0.36435314533867447
CC_901D2136E1F9,0.14472935251680863
CC_902648F62345,0.1552330333772336
CC_902BF0612E70,0.1281400583452861
CC_9036F7423277,0.17203043424611256
CC_903AD2767BAE,0.6912287528762533
CC_903E4BA690FA,0.25829343496505447
CC_904386E31210,0.062224534086470454
CC_904EA6C846F8,0.46535345714926224
CC_90549DD3CC39,0.13612484865504912
CC_905739E5494F,0.08464445876453913
CC_906F852C69D6,0.6399184332502461
CC_907911F4930A,0.26469025338803026
CC_90798A7273BD,0.1462934056508215
CC_907F3A8AFCFB,0.086215887621331
CC_907FA7722881,0.10129393591838398
CC_90812D9F30FE,0.0906153408904028
CC_90870A89F310,0.04932597028899689
CC_90894CA021C3,0.7119484662443014
CC_9092C5EBF5F6,0.05536749270349002
CC_90A10D649D9C,0.6015350579925725
CC_90BF8E127519,0.6485381799918741
CC_90DBB385A7F3,0.7015395888186049
CC_90EAD308012B,0.31039865775828857
CC_90F4BF0B868D,0.11622945177399865
CC_90FA39516EAF,0.07659079207096203
CC_9117894F31C2,0.16465409325521427
CC_911ED63BB556,0.3181126191945321
CC_912730AE6E8F,0.28257822387669257
CC_912CA7EE4C26,0.11876330862349399
CC_912DA46AAED2,0.10554808959105927
CC_9132E67EA479,0.17848888633098287
CC_913D95FB31E0,0.15525182208635568
CC_91529F20D461,0.7876857206788819
CC_91586318C780,0.04976081028638138
CC_915F2708219D,0.16122208023466036
CC_916CCF9CBC08,0.03684378312694812
CC_916CF77A29CC,0.08803870010335398
CC_9189E4FF82C5,0.14731324942688806
CC_91A27CB6139A,0.15707754462067686
CC_91B7A4A15A37,0.6319888611432418
CC_91C2077BA6D7,0.05891815424742963
CC_91C4CC43EEE5,0.1522290157608154
CC_91C55BE33AC7,0.06641400148820427
CC_91C81BC58B49,0.055750711483335644
CC_91DE12EE18A7,0.38259970092771123
CC_91DED13CDCD9,0.13228093461021048
CC_91EF639761F8,0.15414536542471097
CC_91F23A7E743A,0.4056492714363977
CC_91F4C5E889C7,0.7515511592153106
CC_920E91EB28A7,0.17738853719074207
CC_921481F5F77E,0.12257118011977838
CC_92221DB27176,0.15826782918295385
CC_9224D5677C66,0.10097484529855416
CC_9230B9656F93,0.16797896005179114
CC_9231D0F8A993,0.708994377906152
CC_923727159A8F,0.0566229054904661
CC_9248706729D9,0.051033974130215584
CC_924AEB5DD991,0.18251389553314798
CC_9250BA851692,0.2945466697970358
CC_925BACE3417D,0.09655624949073563
CC_9260CD0D7C0A,0.10838699185194617
CC_9285EB21B38A,0.10926760895302345
CC_92A09F03DAB5,0.8066451443253443
CC_92BC35D7F9CD,0.09138178365523061
CC_92C5FE9E5B12,0.6925641038532738
CC_92DC8CF8C902,0.08030033265796639
CC_92E006664648,0.23925676871226395
CC_92E4EFB9F0DD,0.12517601674400064
CC_92E621E0298E,0.179837890724492
CC_92F412AC7D22,0.07573184861033562
CC_92F42886B7E4,0.1981738751494026
CC_9301E23D376D,0.5977756381228001
CC_931133320380,0.22972461808845718
CC_9314B6D8B7F2,0.07428314198887262
CC_9337E3B43211,0.21880588584013444
CC_933E044F26DB,0.07222866023761129
CC_934BB89938A3,0.10030810604935621
CC_935296A995DA,0.12655401833753435
CC_935326AF26E2,0.17691078937110039
CC_935B72B8E7F0,0.05980557035533912
CC_936FF3C9BE68,0.04743093707698472
CC_937FFE1718BC,0.039316085473491316
CC_939F92AEE460,0.7994508974228336
CC_93A4365B25CF,0.8034818422479585
CC_93AB9D6A7EFA,0.089815103277065
CC_93C719738590,0.8451524237826086
CC_93CB48930B37,0.16133296055640936
CC_93D24FAFD21D,0.09562909392202953
CC_93DB5F477493,0.09295944907833661
CC_93E1CAFAD44D,0.07644462775293302
CC_93EC9F853123,0.22718358504165484
CC_93FEAF515A8E,0.059824896709852485
CC_94063A67F136,0.32630485011731003
CC_9406E32819F5,0.0632468278015296
CC_940971CBC1A4,0.14857993834938724
CC_940ADC8DEA3F,0.13666192889511902
CC_940C7E8E0C52,0.27260561500562475
CC_941DD2E1DE56,0.1526745012153009
CC_941FC1FD0D55,0.20745107856454378
CC_943B720DB5BB,0.12930355025535736
CC_9440309323A0,0.09548685774589738
CC_944B461BC558,0.07825605154632914
CC_9453654BACE9,0.18616432689439655
CC_945888CEAF10,0.3475313285740774
CC_9458D4A483A8,0.11497938244954957
CC_9464BA7E98B9,0.09199792968745621
CC_94794B478A5C,0.37703544907867437
CC_947E58EFF90A,0.06502165411113538
CC_948537FC17AA,0.7781145163375733
CC_949576D25153,0.0745415931641252
CC_949B8CEAD619,0.08403638658351577
CC_94B4E05906A9,0.15317041126510517
CC_94C3B6F3B0CC,0.14988235877646827
CC_94C3D9D8FBF3,0.6177383130595747
CC_94CD530B2099,0.08868669683925079
CC_94E9D1E527E6,0.030801393740093934
CC_950450C0845E,0.38174230290304334
CC_95169A4360C6,0.05309976504410378
CC_951A69571676,0.062211329041333814
CC_95232636844F,0.1890325709178921
CC_953A5913EDD3,0.14615265669667132
CC_953B678083F9,0.08957157842064432
CC_9541BD0604B6,0.1352064456186444
CC_954404C1BEE6,0.41443224925511796
CC_95444ED71872,0.08094058460972021
CC_9544B86C78A6,0.7577081398983925
CC_954AD7E7C8F1,0.1611223681209517
CC_95525CC6C854,0.1542939245219941
CC_95573B318A91,0.043832247530456614
CC_9569309DC18E,0.07651462059870845
CC_956A2DF28600,0.20541575943306423
CC_957C7A0D7B72,0.28787106663682227
CC_958BECCA0BAB,0.41340249403551604
CC_95A6C4DA2F12,0.5955503613245848
CC_95AB75B5BBBB,0.14566678670587538
CC_95C1274DD7DF,0.032632458661160796
CC_95CD8F6A8CBA,0.04712822018075846
CC_95DD4DC604BD,0.17632975109429347
CC_95E1AC08266F,0.13483690077907617
CC_95E3DDCB74EF,0.07026538445118564
CC_9601384AC971,0.438816619604655
CC_9608A73A8025,0.15194508903300163
CC_961F3BFBDDAC,0.8809557192163523
CC_96206C1277EB,0.259225570312894
CC_96396AE6347C,0.19396062176050838
CC_96416D2A937F,0.21837944581762314
CC_964C2E0B00C1,0.24988292689871444
CC_9657A2A04BAF,0.2006836257729659
CC_9662D713B7BB,0.1939325417453238
CC_9664F83B7F1D,0.19332095693423135
CC_968AF836D0C4,0.06041156095463673
CC_96A6735A4317,0.07244163695722024
CC_96BC62A4A0AD,0.18395040506596394
CC_96CD75668A6C,0.07923150922466947
CC_96D928252719,0.33286724115773936
CC_96E40BDE9A6C,0.11195132857057213
CC_970116768415,0.2280221815661151
CC_970E94875C2B,0.7805109537768009
CC_9721C8A61D80,0.07030324296151527
CC_972313B0F814,0.14996479979947286
CC_972FD8FFFF63,0.5571053030215659
CC_97478A77EC17,0.20040031035425773
CC_974D14774BD8,0.0687530959628546
CC_974D86BD39FD,0.051778177361938
CC_97508465AB76,0.11542075181929999
CC_975689C0CD6E,0.061743018448202666
CC_975967702106,0.04502983439712337
CC_975F3F07ED23,0.0533664092400908
CC_976E0D9A64ED,0.38500317571723874
CC_977145B2B363,0.3843691785591218
CC_9772CABFE1D2,0.7955407834691393
CC_9773C1E6AC8B,0.6549512994459546
CC_97832657396B,0.412671382934364
CC_97963C337FD3,0.4647138621357463
CC_97978B581F20,0.200847915994586
CC_97A9ECF23955,0.17486512967935872
CC_97ACD6D965F3,0.10356889586266758
CC_97C69AF6E34B,0.7309500653660455
CC_97D0E7256861,0.6310017970179855
CC_97DEBFBE2BDE,0.2612090974262594
CC_97ED469F2950,0.13115971816736677
CC_97EE84ABA6BF,0.27889870239238645
CC_9801B22BF375,0.11014398017952831
CC_9803B6D4D780,0.2820472918753031
CC_980E90C8A301,0.10659229752941098
CC_9814B3D08A69,0.0765014649497154
CC_9821BD45BB0D,0.19917524504189224
CC_9829FA0350F7,0.03811605892115251
CC_982CAA309A38,0.14742982925150633
CC_98346EBF382E,0.17280173859763515
CC_986698CCC6AA,0.11475439040993715
CC_988FC580CD50,0.12210997411603536
CC_989795BA3DD2,0.07866000967129441
CC_9897A1DFE807,0.08201802633043812
CC_98A2C8F4E956,0.08526885150603802
CC_98A3E6CDC707,0.14355477101810904
CC_98CE15EE1565,0.08031464224603178
CC_98D036D16215,0.06167530935818967
CC_98D09B14EE3D,0.4799198723198188
CC_98DB782DF852,0.0677579180192196
CC_98E2EA67BC97,0.07106331895386703
CC_98E6E7CF74AF,0.10358224207339639
CC_98EEEB2A83DF,0.6570389557850919
CC_98F3D3194788,0.12940196926016675
CC_98F8A8CF4F9C,0.3436943921152914
CC_98F91BAB57EE,0.14735678687672463
CC_98FA377070FB,0.2021835246352567
CC_9900D0479959,0.328590847664291
CC_99061A735C6D,0.23376415978938905
CC_99093EC1A2C2,0.1157746483150178
CC_99376CA4DC26,0.04311378960908283
CC_993A588895DA,0.13417647380513428
CC_993EE6417CED,0.0871766709650704
CC_99559319913F,0.04679958951259773
CC_9970123DCC41,0.3389413934406765
CC_998BB6848FDE,0.09738034876396279
CC_99958287B2A9,0.5003063208536619
CC_999BAB2D16FA,0.3794878640578019
CC_999C7029261D,0.6065628117251131
CC_99AA61D1896E,0.07428733219614393
CC_99C03E7D99CE,0.05023815538539882
CC_99C62022794F,0.09527156510959407
CC_99D46BE6593A,0.1598351204215675
CC_99D5A5371B39,0.1459798627283468
CC_99D79709AD9F,0.7698847210576731
CC_99D7DDAA460A,0.1087415322589384
CC_99FC44B3C58A,0.11137157974054807
CC_9A02B2A17C07,0.09479960968652468
CC_9A05DE55D408,0.16491681551922427
CC_9A0C42AA09BD,0.42570363888317436
CC_9A2B390551F6,0.03214333122323718
CC_9A2D66206BD1,0.5503276328355183
CC_9A366E181FA0,0.1357485186045076
CC_9A39365FA850,0.6542305601882132
CC_9A42833BA860,0.04787588634016426
CC_9A4911A0140F,0.09654466476261421
CC_9A4FE1E8E0C5,0.3916596311255611
CC_9A51017C734F,0.37603144100766517
CC_9A5DCCD62D0A,0.3423327447066602
CC_9A602F492510,0.1564763258189284
CC_9A66BDD34B89,0.047107669628738476
CC_9A6AB0AB1E67,0.054722497443893056
CC_9A7049ED5656,0.5894029606756083
CC_9A7AF31828E5,0.08971806579841551
CC_9AA750377C6F,0.09167144236581612
CC_9AB359C82202,0.06206577153784342
CC_9AB7BF77EE83,0.754731400031865
CC_9ACAC8474B9F,0.03359284955891172
CC_9ACCA4FB9101,0.06235924001321273
CC_9AE1529AF9E0,0.1374998202316772
CC_9AEE181F1156,0.230352746877118
CC_9AFD130D3725,0.09281700205101187
CC_9B09C3353732,0.09075407520276907
CC_9B0D37817EBB,0.11155619328303297
CC_9B290B59155F,0.39886475217334655
CC_9B2D487C64B0,0.09802485251038719
CC_9B3DEC76ABF7,0.0564693917333829
CC_9B4F778D0A6E,0.15327852205619133
CC_9B581A92C2A3,0.42945374702358796
CC_9B5CA8C38414,0.1762103825197916
CC_9B6E82167593,0.1819302095051599
CC_9B6F6B2BCC05,0.3375032372894095
CC_9B7FC3DA1594,0.36686726560563987
CC_9B957DC280F6,0.17672560526944592
CC_9B997DF20042,0.3559310233908012
CC_9B9BC4B83736,0.0854631335939641
CC_9BBE1A16C04A,0.1377609383007365
CC_9BC63F1A568C,0.26315352406605774
CC_9BCB0166227D,0.30595188222886327
CC_9BD3DC96ACC5,0.1350073627039316
CC_9BDC5A0E43C7,0.4181209944091473
CC_9BF9485A3F9D,0.26325134069430045
CC_9BFE93FF2145,0.25180694452316615
CC_9C0470A0536E,0.1982059100347953
CC_9C205AF09E47,0.5214461331129363
CC_9C30DC5C1E46,0.07345407467173481
CC_9C325B6CAD11,0.04785767566589653
CC_9C4A200D0BFB,0.47765601806077906
CC_9C5EAF238007,0.27056358744434894
CC_9C601C6BBD37,0.0736064998238097
CC_9C606C2C92CC,0.07540106272185508
CC_9C6192D3A16B,0.07401278911681688
CC_9C84FB9B1469,0.07120323242150658
CC_9C989433D637,0.18943649343949417
CC_9C9B2FEB4937,0.15015684074158184
CC_9CA7FBE1DD54,0.1157115305641105
CC_9CACA50F80F2,0.1714509816468036
CC_9CB40D552388,0.059341815752849206
CC_9CB8127D17F0,0.045686008646610196
CC_9CB9CE2989CF,0.681136734356225
CC_9CCE51CD83ED,0.8676249801314567
CC_9CDD2F3D0BE7,0.05174426391022887
CC_9CDEC693AA99,0.40053740508818236
CC_9CE9091AA9A9,0.2195280400755656
CC_9D007C60D29F,0.07851266883398961
CC_9D017774D4FC,0.6462994313082258
CC_9D095EC1F232,0.28827951316346695
CC_9D1A1281C8FB,0.2754175877953029
CC_9D23F42B7996,0.42529487004717903
CC_9D2FBC479646,0.6234716130920187
CC_9D363365CAFD,0.08975407711503833
CC_9D44E4543573,0.1563071579458355
CC_9D45F67E3B01,0.06008532098785831
CC_9D535DD207D2,0.08186568126166825
CC_9D53ED53A15A,0.5764063386992074
CC_9D5D97AEE98B,0.540028945179687
CC_9D5F2A5B6913,0.06588036377157902
CC_9D6BC1C470B0,0.49023769977806786
CC_9D71FBDE765A,0.04519829379746309
CC_9D73939E357F,0.137111949480979
CC_9D82F401BD88,0.6122306738004395
CC_9D8B4454BE84,0.26386626188148715
CC_9D92537645DB,0.06629257445815909
CC_9D95ADE03ED1,0.18311724165163276
CC_9D98FE7A1809,0.05156521595312912
CC_9D9D59757786,0.05399650200227871
CC_9DAEB38616AC,0.13818579172556467
CC_9DD55CC0E928,0.026930632185852583
CC_9DD6B460CDFB,0.3074895995209113
CC_9DD80B5E3729,0.09512774339788688
CC_9DD82B4310AC,0.3718566268285375
CC_9DD9389E8AE0,0.08759688139627272
CC_9DDA8ACEB3D8,0.07694012833488985
CC_9DDCD898D01D,0.1368690766239762
CC_9DDD90B42A27,0.8692130666823439
CC_9DF1807A4316,0.04059070054474956
CC_9DF786FD2620,0.4903286563020128
CC_9DF7B9B3C8F8,0.08958344015537306
CC_9DFF6E2AC586,0.14141494803935686
CC_9E0546BD7BD6,0.12220881577344243
CC_9E0BE8227931,0.08731974823251601
CC_9E1A205BA261,0.4206803953774916
CC_9E2967559B00,0.058328012195382604
CC_9E323A031449,0.7139220028811525
CC_9E377CC03D51,0.05870729709441132
CC_9E3B83584C12,0.1564276073737807
CC_9E3D46FF5709,0.5596697863595346
CC_9E4FA91B86A9,0.05122402671128082
CC_9E53534DCD6B,0.15270666912452602
CC_9E73656FC8C0,0.6868097177235417
CC_9E7430675033,0.1743941751176455
CC_9E84CACDD7B6,0.41988720890146053
CC_9E84E0E4C5BE,0.3051712589778296
CC_9E9C65275B4C,0.0868877897527062
CC_9E9CB6473D59,0.19280945713183217
CC_9EA4F11BE6C2,0.1493174892255382
CC_9EBE3F26F2FB,0.07292394098398412
CC_9EC23AB6C573,0.32274415238126225
CC_9EC34DDD0E53,0.06956950496106881
CC_9ED8EDFE8C55,0.09261865124573308
CC_9EF352F179D2,0.054900938249111804
CC_9EF505400F8B,0.6357104105698483
CC_9EF66D83B743,0.34214433790701326
CC_9F051572BFE4,0.1837183325254384
CC_9F151A782BAC,0.2676868863902875
CC_9F1A5DF4619C,0.41897499341920114
CC_9F1BF78ECD7A,0.08925041109958701
CC_9F263092AD72,0.17773223884497885
CC_9F36EC36A9E6,0.08051841599624593
CC_9F3D52242888,0.13868086816573966
CC_9F41F312CDBB,0.3398053629838709
CC_9F425167F9ED,0.15238109925961563
CC_9F6981E0009A,0.27498865470136724
CC_9F706DFE0AE7,0.03800630948129121
CC_9F7B525DD52D,0.3703635692621452
CC_9F8D5A5A9DAC,0.17223646640591292
CC_9F8FAE57E6A8,0.10694405968682227
CC_9FD1AB8E65FE,0.054182048007481276
CC_9FD2689202D5,0.12150039548787339
CC_9FDBB5C2CD09,0.04399504636877109
CC_9FE52BD71CA2,0.09503467586663444
CC_9FE8E62EB24D,0.08253101952882476
CC_9FEA59AEA00C,0.20005425183027464
CC_9FEA77B36A29,0.3553959280985858
CC_9FEE9701D16D,0.2248584168926694
CC_9FF35BA60E6E,0.2749284900479078
CC_A0003F08B22E,0.1665827223700745
CC_A00AE2543224,0.05425352305227238
CC_A02A29DECDC6,0.10180196626795408
CC_A0336C21117C,0.6615636471666335
CC_A053B42BBE0B,0.07131580998269921
CC_A0591F16FA37,0.03940962570062805
CC_A05F962C80FF,0.18099495255242004
CC_A07B0549E53F,0.0682765644889712
CC_A09F230CCF5D,0.6538216008637001
CC_A0AED6346ECD,0.17588388339409367
CC_A0C4A796643F,0.14804040724212358
CC_A0D6DDFB430F,0.06906179829230272
CC_A0DF672F9C4E,0.1200232347956689
CC_A0E8C7C5558A,0.322260604003647
CC_A0E9269DF22C,0.49111740691508793
CC_A0F1DB5CB28C,0.09794310998180901
CC_A0F42B26F8F0,0.054894507956481736
CC_A0F8F80EDFB0,0.07560351426304585
CC_A10AD9550E4D,0.038554594346950924
CC_A10EB26E5EE1,0.15308785125040955
CC_A111B065F623,0.07267209629677542
CC_A113D95B4AB2,0.1355698125968699
CC_A1320C0F0129,0.8015387443702442
CC_A1348D850EFD,0.749807401271484
CC_A13D08B372E8,0.06232676343480553
CC_A143E64BD9D6,0.3194145611836815
CC_A14B0A24DC3C,0.11432773464001916
CC_A15137F25F7C,0.07850097445018824
CC_A152DBEC5BE7,0.06458871846595195
CC_A1591CFF6D81,0.05350082421317316
CC_A168CCB582C6,0.33524499053528845
CC_A17DC38133CE,0.7638214299082924
CC_A185D5EA3DE8,0.634296014032547
CC_A19C842508E0,0.12659257455783227
CC_A1B648DA406D,0.035843559768860556
CC_A1BF7028CAA8,0.02613042596608505
CC_A1D035FA36E1,0.0891102448062103
CC_A1DD653D41A7,0.09456585709967787
CC_A1E3AD4B934C,0.2654938126451823
CC_A1E58421CE87,0.06547780010867013
CC_A219144EDEFE,0.07235600783344727
CC_A21FCEEBB3C3,0.4344724828778709
CC_A220E4278D79,0.05187919570660822
CC_A2231BDC961C,0.24782317331390247
CC_A234E219EFC7,0.3547865137646415
CC_A239B1BD81FF,0.0653381540248148
CC_A23D8CFFA31F,0.0820240124631712
CC_A23F463F4B4D,0.05931506895559699
CC_A23FFDC4A7A4,0.09779253548598521
CC_A2423E273F84,0.09963154907648808
CC_A2493E6036AD,0.31406450810117537
CC_A25C54470CED,0.0973791931733474
CC_A25FA690BBBC,0.1316716233202623
CC_A2636CF7C075,0.11659613191747827
CC_A26C22870E3D,0.4332075859140666
CC_A26F6A272B3F,0.13065004033077923
CC_A27CDC9BCBAA,0.18256943194121683
CC_A27E5269DA60,0.15535567759472096
CC_A28D4A46B6FA,0.10766688375051658
CC_A28EB319030E,0.06470173504793768
CC_A294D3A59462,0.7862701740602187
CC_A29D8034C304,0.07280735887186762
CC_A2A109409963,0.05720510255103316
CC_A2A4FA5F9962,0.11676125841706324
CC_A2A7E30C59D0,0.13068950718622435
CC_A2B5D2D4E269,0.5223311710916585
CC_A2BB24180208,0.2699528013926811
CC_A2CF1DFEFE46,0.49781763663907785
CC_A2D6090EA5B8,0.13421838622564722
CC_A300BC40BC9D,0.05375569883313047
CC_A3212501F639,0.20905591121260295
CC_A3278A566572,0.06218499929667366
CC_A327EBE4F783,0.17558550762607927
CC_A32FB6659B01,0.0805866138381405
CC_A33915EE72B6,0.11690320869178357
CC_A33D350BE79E,0.17273306903033717
CC_A3553B8AA8F6,0.10552202912760539
CC_A36EB077BF3C,0.033271786069587146
CC_A3753EB66DEC,0.11915454960680216
CC_A378342AC9BB,0.16033738893006053
CC_A379E9455C60,0.15679910996561408
CC_A387ADBD7249,0.09974372463142975
CC_A39E961FC29F,0.1585739875961678
CC_A39FA1EF0B16,0.27287218303315386
CC_A3A4E39FB04D,0.15558095781150885
CC_A3A751BE68D2,0.05336440820426443
CC_A3ABB3C5E9D5,0.6452607261321553
CC_A3AF9C2C68F1,0.18535178627274368
CC_A3BEA14873AD,0.12904394299333283
CC_A3C2FEE13C37,0.12860221703023625
CC_A3D6435D5F17,0.16812362736580425
CC_A3E3E51AD0E7,0.04405025603229966
CC_A40566694D53,0.22177600945318554
CC_A410C0DC7125,0.05083127111342629
CC_A42168D2B94B,0.0934766469161739
CC_A43CED9AFEF5,0.40126895113766137
CC_A4475A788D13,0.11154468786479685
CC_A44D677C0C07,0.050023592075275194
CC_A44E2673E71E,0.055457897951482385
CC_A44E79A96425,0.33527147443503863
CC_A462CA147DB9,0.11157657388031822
CC_A4660E424386,0.19420228300395395
CC_A476C9F116F6,0.15421756511078835
CC_A47C83B6EE2B,0.13151801064841528
CC_A47F8594678C,0.22651067110130702
CC_A48A7592F96A,0.05540538210309823
CC_A49195E659EE,0.07123122939894642
CC_A498A936AD21,0.09390927465783652
CC_A4BE6692361C,0.5793454668248954
CC_A4BF2115580C,0.07465804732019696
CC_A4CACCD14A0E,0.10648992886101014
CC_A4CE57A1AB74,0.08689666725754554
CC_A4DE4F1B5F93,0.15690526281360295
CC_A4E300558DAB,0.06314566289771288
CC_A4E972915D89,0.7607644858658296
CC_A4EEA04CF3D0,0.21819444218111314
CC_A4F400E9A0ED,0.059732931301130845
CC_A4F550D7F95B,0.18389819145356326
CC_A4FB91B1BF31,0.16388715112621
CC_A500C1ED0A33,0.22078279701965503
CC_A50471962A96,0.7108999927944233
CC_A5161D8AA57D,0.12111903479168194
CC_A519C84307D2,0.09924652216071972
CC_A5277A9BE02B,0.6684221555131188
CC_A53578FCEA71,0.1280573976334746
CC_A54EAD1CCE27,0.1332500611480871
CC_A5512DA239BF,0.14517778417695676
CC_A5545DF298BE,0.06519657465357806
CC_A556EEF3010C,0.4416581141325333
CC_A56756C65136,0.34790101191338113
CC_A5852E06D2D5,0.3108344799533076
CC_A5886994671C,0.16749125546145954
CC_A594D8B41A99,0.06352559793597541
CC_A59C6A6B71C3,0.06696058224730142
CC_A5A06987AF5C,0.1845892533102201
CC_A5A1512FEEFD,0.17610029216864323
CC_A5ACE4284283,0.15187843631261705
CC_A5B10F07BCD5,0.093935771872698
CC_A5BC9ACDB4CD,0.07571592463296484
CC_A5BF8B260922,0.4381513266316345
CC_A5C52379AE06,0.29014613257645483
CC_A5DD4441568D,0.03642335708285809
CC_A5FE3BE2949D,0.052270492066831056
CC_A60EF94F09C4,0.3332914871490117
CC_A628BE74CB45,0.1333290686254952
CC_A6292E9B43AD,0.07373332391291856
CC_A638610BF8F8,0.10288230795667547
CC_A63BBA86CE9A,0.24526555880196133
CC_A63BDDAC43CB,0.07145272955614694
CC_A6409E37A735,0.15009707638967076
CC_A655EC341406,0.1310619002807287
CC_A6562E47BFC7,0.17026519343641253
CC_A6563A22D668,0.662621467206675
CC_A6601278C1BD,0.0871570271201739
CC_A683678AC9FC,0.36978445815771144
CC_A6864FE80A94,0.08126933799709321
CC_A69117CC3C24,0.1250131518511574
CC_A69928C7D217,0.19400115865725692
CC_A6A8BAF7124A,0.26556119892267505
CC_A6B7DFC69AAE,0.5621919090661474
CC_A6BB595B55AA,0.07723641595830341
CC_A6C5284C4586,0.09526410818015779
CC_A6CB0D0191D3,0.11320228417881811
CC_A6FA3FA9F0FB,0.13354657568199307
CC_A6FDADD23BD7,0.040095098424122816
CC_A6FE3938F001,0.1909464441531381
CC_A71DB65F0BBA,0.6114124232661858
CC_A730F4964FD4,0.11750643326062725
CC_A73C02C58DDA,0.11893439287783913
CC_A746BC2289C7,0.2785428847364142
CC_A766C3608214,0.1118144291128764
CC_A76F48111A8D,0.13165112024011943
CC_A77AEC8AD2D1,0.028460669645417214
CC_A781174166B3,0.17132488704174953
CC_A79024286DFF,0.0676897803826584
CC_A792720B875E,0.089547609708967
CC_A7952C2BC5B6,0.07736691145436969
CC_A7954EE1A1C4,0.06894115176361411
CC_A7991E6B3CAD,0.20014119186374027
CC_A7B141DF4AAF,0.07084990878222076
CC_A7BE2CED0B93,0.04483776327206132
CC_A7CF446093DD,0.2719566507528849
CC_A7D1C6692090,0.09060089078049274
CC_A7D6CAB54328,0.46259927275100576
CC_A7D8D1DA4EA6,0.11580303321576797
CC_A8102BA6933F,0.06775859852689627
CC_A81C1EDC5FE0,0.07618027809312407
CC_A82C0FDDC303,0.2790112753525912
CC_A83F92C0CABC,0.1442662087972839
CC_A849B0F60EEC,0.0621105535381342
CC_A852AAB180D7,0.046745524503289906
CC_A8536626873D,0.19628805107317138
CC_A85F953FFD40,0.29934301753579284
CC_A865A3F1E28A,0.7023991487944157
CC_A867253FC73C,0.6011899458631547
CC_A877592FE1AF,0.05892517563146978
CC_A8AE26057851,0.17374695184466954
CC_A8D50530622B,0.14221473122726677
CC_A8D5C834B061,0.7723795621560426
CC_A8DF49EED27D,0.7960246947786312
CC_A8FB53A944AA,0.10000769622999549
CC_A8FF19BCFB18,0.16085027052008827
CC_A9042AA97760,0.06793432461458677
CC_A917D68B7F33,0.06180651426970182
CC_A925B3023F01,0.13341586871214609
CC_A93A49678A0E,0.7171312662174456
CC_A944C14551E0,0.12339083203960562
CC_A949A4D6CFDF,0.03323124332857582
CC_A96085AAACBB,0.4560352792183146
CC_A968E7B519AC,0.5427883492856377
CC_A96F61DA3920,0.24334808550759465
CC_A98AA461487F,0.06821538350135334
CC_A98DE37F48B1,0.036420817153142694
CC_A99526CAE7B8,0.0997292761876593
CC_A9997F50D935,0.11179785070458528
CC_A99C3B09B728,0.06316649416516554
CC_A9A0DADE60F5,0.3166761518934532
CC_A9E27E0F8BF7,0.11274198466580489
CC_AA06B8C44B08,0.5559502403375676
CC_AA078692F54D,0.06868820533238158
CC_AA3181148667,0.12696606477848618
CC_AA36C8AD0AD4,0.10995359001988508
CC_AA36F0397FF6,0.08206493798126564
CC_AA3A8989A632,0.6895445422954875
CC_AA4A1B7522D9,0.08753965987550089
CC_AA4AE0378324,0.20359029325445802
CC_AA5E4D5A692F,0.13900382342027415
CC_AA68EABEE4B1,0.07840497168391769
CC_AA6B5A7A5B67,0.11785906032648326
CC_AA6BD423C239,0.4355643608963273
CC_AA7074B42A4C,0.4867970490015379
CC_AA7A7F3159DC,0.10079666823119354
CC_AA7BDEB972E4,0.10350424341884201
CC_AA83426311A1,0.07238925018236253
CC_AA8F7D307212,0.13988959739413376
CC_AA994120654B,0.07378396223746345
CC_AA99CC1D0A77,0.0944165042073945
CC_AA9DF917E958,0.14973288175308705
CC_AA9FC6678135,0.3286726902633622
CC_AAA47EC0D4CE,0.07173670675784814
CC_AAD9F600283C,0.1329029904117861
CC_AADF003A3927,0.06324479971026095
CC_AAECFE806C8D,0.17299546314988815
CC_AAF2022B9CD1,0.20786723892801506
CC_AAF445E4CCF4,0.07049559902213434
CC_AAFDCAA5CA06,0.5989111056482093
CC_AB0384E131D8,0.17686215998734292
CC_AB0A4F4A2968,0.19332934256947168
CC_AB108580856A,0.0826112191940174
CC_AB10FED15FC0,0.7983263460677517
CC_AB176233A184,0.06153895773795181
CC_AB250982887C,0.0902659842252226
CC_AB25C565EA6F,0.06988227979767268
CC_AB31BDAE74E0,0.20890492912813927
CC_AB38A76F5698,0.38010938207892636
CC_AB38F588BDD4,0.1783936785313528
CC_AB3DB55C9A2E,0.15698061340535738
CC_AB42A7DA8FAE,0.16122454926654517
CC_AB486E8855F7,0.11268505297390705
CC_AB4A79BF0F21,0.03833772953843685
CC_AB7472FE1C8B,0.05640498317393641
CC_AB78F64D1DA0,0.1331851380671615
CC_AB821E2FB031,0.05789719085167708
CC_AB873276D910,0.053710154849677456
CC_AB8CF3C05B61,0.11198753112023102
CC_AB8DD8448ABE,0.32738574491188094
CC_AB953366A38C,0.09964177027911653
CC_ABB193697B23,0.5869475826328256
CC_ABB3F0A040BD,0.12021199810374703
CC_ABB618AD3E52,0.2586562636682938
CC_ABC0DA7DAFA5,0.04545036913270009
CC_ABC49E43DF40,0.5923154869590439
CC_ABD89F61734F,0.11925056398585784
CC_ABE04CDC2866,0.569897691656575
CC_ABE98746DB91,0.5134429084602715
CC_ABFDF22BBD97,0.06184007374455728
CC_AC0498A54CAD,0.17766781824510702
CC_AC1C23EA2767,0.30792818964459945
CC_AC1E028B2A1A,0.10431989023258534
CC_AC255B902EEB,0.16009487297501285
CC_AC44A88F7869,0.0797642244845843
CC_AC51CBCACA63,0.11968255826264791
CC_AC723E5F5EFA,0.046377373207984164
CC_AC7994A5FDC4,0.13320894193375005
CC_AC7EFDBCF2E8,0.6498920635665069
CC_AC8A45716CD8,0.1320509887458764
CC_AC8FB78319A0,0.04040041736765616
CC_AC95C517E726,0.085214121157703
CC_ACA4C6C9316D,0.04222728262729157
CC_ACAD97A186F4,0.08095995700566422
CC_ACC12168D6A9,0.16280032923264814
CC_ACC53294D3A0,0.10005617294013598
CC_ACC6A74A8BEC,0.0770110520790022
CC_ACD94D2B1200,0.06375946698155381
CC_ACD988315902,0.04236302537936461
CC_ACDA59536C9B,0.07817337876966567
CC_ACE5A4081F6E,0.18630110350065582
CC_ACF4F9A2CCFC,0.19556788625278138
CC_AD0D7D212968,0.31953793239687395
CC_AD131D09EB0F,0.11147100461889325
CC_AD13C87CF26E,0.183001402780894
CC_AD2050A0C79D,0.2135462832019036
CC_AD276D71D3A7,0.3044422726254435
CC_AD2C54521FE4,0.2122715170973694
CC_AD2E59624FEC,0.3708749384956345
CC_AD3A36AF2840,0.23712550776122426
CC_AD3D286D0B68,0.19756343505470272
CC_AD46818E459F,0.6009767885463287
CC_AD4BB2E22EA9,0.19131116845804708
CC_AD4F7F88242F,0.32417191776104454
CC_AD58ADCD54CE,0.6843639960939486
CC_AD71619FA389,0.11083142000326728
CC_AD84592B950B,0.06469325005371174
CC_AD9898C0E8D2,0.14118048469168723
CC_ADC70A21D661,0.253577614295146
CC_ADCF16189AF2,0.21243405830053602
CC_ADD894E6E4F4,0.29053136607252905
CC_ADE899835555,0.13255860902955668
CC_AE0D73A1EE19,0.36120236165889674
CC_AE0F08EA3935,0.22752760818770232
CC_AE23B59E6FC8,0.3167563991759047
CC_AE289E013D60,0.10840852767040457
CC_AE34D3F7F224,0.803197812145691
CC_AE4069D8B4F6,0.18708491668021213
CC_AE4896E2BE76,0.6888490813697834
CC_AE51DCFE0671,0.059374506151664334
CC_AE69FEA8DA68,0.17919230158585175
CC_AE7C129CC90F,0.16835067963082542
CC_AE7CD49F20AB,0.15168837505350607
CC_AE89526E0335,0.14239330919336043
CC_AE8D62CF30C0,0.10777871981623656
CC_AE8D9CE8D6FE,0.04585275410747948
CC_AEB019CB9065,0.16884531019004345
CC_AED1D50AF584,0.10387643097418105
CC_AEE546316FB0,0.21822317529742857
CC_AEE5FA00FA6C,0.4080907410611728
CC_AEEC765D157B,0.044433629620109355
CC_AEEE44D6C8A4,0.03073732057282566
CC_AF14FF3EF570,0.3464563505482653
CC_AF1C3ACBA6B2,0.13121000800892746
CC_AF1E911C98B6,0.2978039072859059
CC_AF337F410520,0.10307283823293328
CC_AF3C7BC3BA40,0.1073302173983299
CC_AF41E4075C87,0.19545737305171423
CC_AF6B4405276D,0.701685863163469
CC_AF78FE0BDBEE,0.08909831437144333
CC_AF8238D9082F,0.050853968122296186
CC_AF8CA6EE53C3,0.06352209814217867
CC_AF9AFA7C49A8,0.10359871608193244
CC_AFA1E3D3C685,0.1529286166286103
CC_AFA680030CB4,0.6106932712317843
CC_AFB351270B8B,0.04391857540345094
CC_AFC405AE0029,0.06834001423320422
CC_AFF90422E4FC,0.388481142228355
CC_AFFBE2744B87,0.7688841910483226
CC_B0043CA53FCE,0.09725188236964082
CC_B01B2BD4EFD7,0.21404271552719706
CC_B01E87EB9940,0.13391302023023388
CC_B0273E66E2A5,0.16494245904989857
CC_B03E98085A9F,0.06775553814538936
CC_B0420D8C42DC,0.465330739181196
CC_B0497BEB9F6B,0.1500228563870388
CC_B04A5E60B69D,0.06772971078734268
CC_B04D5517A193,0.1192689197969569
CC_B05FF3A960A0,0.25226533277748353
CC_B06A532EC131,0.2098871411050947
CC_B06D33A6761F,0.1279180857134196
CC_B074D4472CE4,0.05210894817556108
CC_B07CE95BCD88,0.2697166408645085
CC_B07D79368225,0.11167178738615995
CC_B07DD1ABABCE,0.7526989017428396
CC_B086C2D77820,0.15471627328333248
CC_B088DE9C9E3B,0.246143509997084
CC_B0CD7932067B,0.1099322904565411
CC_B0CF90073A5E,0.6142551338969178
CC_B0D397D86639,0.6093032228952351
CC_B0EF4FD19FEA,0.1031975376314001
CC_B0F2F9514AA3,0.0880103138950332
CC_B0F3B79F51C8,0.1648174019629341
CC_B0F4041B1C76,0.03641175194863753
CC_B10FE31C61D5,0.09326667888968468
CC_B114E8F19D65,0.14739761364576776
CC_B117F0E3CAAE,0.1388078510096275
CC_B11D58F331A9,0.04841477604547231
CC_B1262188BC41,0.10124374624511971
CC_B12FFB2FF21F,0.10097072381772222
CC_B13253F34A9F,0.04287391233724337
CC_B137E2BBB53B,0.0939915797878122
CC_B13FEA7CDB99,0.0746233177873935
CC_B1481ED21111,0.043167741100905106
CC_B15BE5C9976A,0.2774263536524977
CC_B15EB6933578,0.07757666489957613
CC_B163CCB3BE4D,0.145062536938107
CC_B16DC354FD71,0.3797230515907225
CC_B1777349EB15,0.157386131465174
CC_B17C6CE0231F,0.2753633003826169
CC_B17CA8C22E5C,0.1311101612096245
CC_B18F3C9C30E4,0.18727400612175282
CC_B19CD93DDC96,0.0706618637639151
CC_B1A647674B84,0.09548375491031257
CC_B1AEC2E5E33B,0.2595678667254658
CC_B1B5C81AC0A6,0.06767348908556577
CC_B1B932EFD646,0.13950637906016927
CC_B1C3C0B52B88,0.29073733918208405
CC_B1C7216344F3,0.0791295030168733
CC_B1C982DBBD12,0.23596177990338213
CC_B1D81F8197B3,0.32786711584241074
CC_B1DF1DCBDC7E,0.548519858011161
CC_B1E2C36607CB,0.06675681023529739
CC_B21351C93D8C,0.14328939432921114
CC_B2174860AB11,0.7280279558126597
CC_B235818E6A04,0.17852164526891334
CC_B23CDE30F00B,0.07000893014749601
CC_B23DE4971DF0,0.41895055643331
CC_B23ECF574D8E,0.08800841096424057
CC_B24C41DDFBDA,0.20470941155744524
CC_B25EC73B9510,0.14828846997870235
CC_B25F69904D0F,0.09369491236753652
CC_B25FB6C11D05,0.6560668999009149
CC_B264F2B92259,0.538109802108991
CC_B26B8FC23F1B,0.06519023497730472
CC_B272E29922B5,0.13317601757818917
CC_B27AA8E27BE7,0.11859139605143999
CC_B2A68FD3C236,0.09159977456745509
CC_B2AC50C00979,0.0916082706993605
CC_B2B16D7B821C,0.18609629629610633
CC_B2B32F1511E4,0.14730907118449102
CC_B2C241A93527,0.07873713195837646
CC_B2CB104FED6B,0.5990457908715927
CC_B2D352013F92,0.11277761981448943
CC_B2DF694BAB08,0.10725313462976063
CC_B2E993A9343F,0.18059681378450143
CC_B2EF61C93AB6,0.11656990356067064
CC_B2F94405EA89,0.12096733526534847
CC_B2FC07BF6251,0.06693777506560142
CC_B301A65B4164,0.10471355635444578
CC_B313E3A208A2,0.19793226676921735
CC_B318FF5D976D,0.11530732231026097
CC_B32AEF0A2299,0.06541162580278995
CC_B33BD3C618EA,0.08811740291486153
CC_B348627365A2,0.12640992790353917
CC_B35109450BDD,0.042457759028866476
CC_B3528B870544,0.11224504736838271
CC_B3530E7CF8F5,0.12708482009584673
CC_B35C5B1DB9C1,0.0696694331405702
CC_B35FF59389D4,0.18584372175275826
CC_B3812C6700F2,0.633797997246353
CC_B38280B483B8,0.11476939705389655
CC_B38B694A18EF,0.4710441431988349
CC_B392BDECD913,0.3333320224965717
CC_B398DF1ABAD4,0.04704476374175476
CC_B39E75E151A1,0.10984400447934767
CC_B39FD0E249E8,0.05230307507965437
CC_B3AA0891CA5E,0.3842672899747146
CC_B3B1C8EBE5C1,0.11662216083585142
CC_B3BBA28E2D39,0.4440319079986895
CC_B3C4DB0303A7,0.10498699685976035
CC_B3D32FE823B2,0.03950115865444721
CC_B3DA429C6C8F,0.0925985783571522
CC_B3DC5786AB0F,0.18998894815028722
CC_B3EA537531A3,0.15203796688557084
CC_B4096D3A38CE,0.05088897157234086
CC_B41EADCCC95F,0.06376347559943592
CC_B421940B9A48,0.5995399779985634
CC_B42B3B83935C,0.8801335076378292
CC_B436B1CA6B2F,0.06314535735448379
CC_B439B06AF274,0.2360122424466463
CC_B4482E7879F4,0.06639162447346188
CC_B4660022C612,0.11275780759899304
CC_B46B899B4A63,0.11971715816740813
CC_B470280A580D,0.13447371868644817
CC_B471D3BF0C72,0.5220948178583228
CC_B4751DEE43CD,0.1578548289486772
CC_B482C254BAA5,0.059494888232873896
CC_B4889D036D3C,0.760910096119239
CC_B4950F811C90,0.14929349557532343
CC_B49A6DE7A340,0.3301128744860856
CC_B49CD4C13DE8,0.34392360761914786
CC_B4A90370CA96,0.47359139620045626
CC_B4ADE6BC8A10,0.6678647825564947
CC_B4B6F805888C,0.04389447723200524
CC_B4B8F66BF4ED,0.6161428774401603
CC_B4C6F80DEE44,0.04732835019968751
CC_B4CCE78C09EE,0.1432754645260065
CC_B4D68D1C1C55,0.21040981213295812
CC_B4DAED63089A,0.13950207459098266
CC_B4DD9841E6FD,0.19423265871486267
CC_B4EF6743DDCF,0.06814737370350586
CC_B4F67F73D097,0.10005368651055742
CC_B50EB15EBA18,0.097208707874071
CC_B51DCAAF4549,0.14786397275287155
CC_B51DFF8702D0,0.5311518856523992
CC_B520A001BF69,0.10703333641392142
CC_B529919BF24E,0.5917553960803352
CC_B542342650A1,0.07206619923971884
CC_B54A106E91E4,0.04647155098294309
CC_B54CFFC21F2B,0.13091224431675155
CC_B55C134C04A5,0.23215028215383735
CC_B55C2DBF6D3C,0.23269728212355778
CC_B569705352B4,0.11512604431447969
CC_B56E74A967C3,0.051734955004933796
CC_B57519F33EEF,0.04702229250873121
CC_B582E4405D85,0.07467152562111694
CC_B585A11F7BA7,0.15628237387540098
CC_B59726D36AEF,0.18067524176842836
CC_B5995E4F1A21,0.13668175957731538
CC_B5AC2AAF871B,0.7678954373881914
CC_B5AD19125E1B,0.22071824996347855
CC_B5B1E42858AC,0.07750996911297058
CC_B5B7599E8BC6,0.0749368159213084
CC_B5CAE0595637,0.2224129649481903
CC_B5D49843A799,0.3326796414500387
CC_B5DDFC7AEE78,0.0970038502038693
CC_B5E29344F63C,0.2508611855216306
CC_B5EE5AE6378A,0.44806635739917533
CC_B5F2A93AD996,0.09222461660675138
CC_B5F611613A78,0.07191199247224078
CC_B6055039255A,0.7865732752355867
CC_B607B2B0AFB7,0.056326842876492235
CC_B60CFD0F39F9,0.0805264205927688
CC_B620087B1C52,0.3677776246064034
CC_B6203BBBD151,0.12034486683922851
CC_B622662E664A,0.16398037447961225
CC_B62C9A2BC846,0.16266491266182148
CC_B636210548E5,0.27135302790447674
CC_B642C6714501,0.07143861855400674
CC_B64F81B8A263,0.1335707389399564
CC_B65CA581B9BD,0.15503522934327085
CC_B65D1B9B6F67,0.10865109768869576
CC_B661A8FCA431,0.04870874616470617
CC_B66AC40957D6,0.16136187468931856
CC_B672B35D1162,0.764800564714596
CC_B68379D197F6,0.09408098866178477
CC_B6923D10FDA2,0.14917877188875972
CC_B69CC776BBE6,0.23711280470074564
CC_B69E50D76B29,0.0990237934022309
CC_B69EAA8C296F,0.2594420784700297
CC_B69F7CB8CDA0,0.09493800282746741
CC_B6B4AD157354,0.15864919246248085
CC_B6BD764CB8B9,0.21613230501229475
CC_B6BEC3F4BE91,0.12249761797753492
CC_B6C13F4A610D,0.28503227127434067
CC_B6C1C3B5766B,0.10573812460923016
CC_B6C72241926C,0.14052082007491232
CC_B6CB40E245D7,0.6013737240024005
CC_B6EE58A108C5,0.06794299534217153
CC_B706F631F5BA,0.03943487147371884
CC_B71DC1206985,0.14765296377917927
CC_B72284CED807,0.1928520224855848
CC_B727865A5B5F,0.5778056646004764
CC_B72FD7EFA6BD,0.19449518380810416
CC_B7365B5A3392,0.7456771389237422
CC_B73820D308C9,0.1258540028942772
CC_B743560D847F,0.08358630563935854
CC_B76EF26F7C9A,0.3437598654515097
CC_B7764FC130E8,0.4762132430280427
CC_B77B73B95532,0.14375177180969512
CC_B77D6653C7D4,0.04340788815861066
CC_B77DA6B77DEB,0.2606015485331674
CC_B783AE19622D,0.17499347259779546
CC_B78761738CAF,0.02680958424156616
CC_B787BA135B5D,0.3663836197657172
CC_B78B4449EA19,0.12690884962385401
CC_B78B4B7F80B5,0.20951909779001132
CC_B78BEE888CA6,0.08532205339361416
CC_B791FEE1CF37,0.031840028167130885
CC_B79A58AA4441,0.09443286962101555
CC_B79BEC538198,0.12991823948023135
CC_B79DD53178D3,0.08852540373318646
CC_B7A7EFD85149,0.20132157426164551
CC_B7B5F2A15C41,0.1078985721653634
CC_B7BC46A7D4DF,0.0691954425450956
CC_B7CBC65D9AF9,0.5883648459906239
CC_B7D40C5C891F,0.08026372642866428
CC_B7D4337C4797,0.3151958557033874
CC_B7DA04826165,0.2734542227122708
CC_B7DC19DA1440,0.13722528000517642
CC_B829EC622F0D,0.5561140554951236
CC_B82B9C0C7B85,0.6188699136290273
CC_B82C55DEE5E6,0.22884885900313184
CC_B8475B977AD2,0.7154086061112288
CC_B84BD2F4EB01,0.23652531221767192
CC_B86DA7D69F20,0.05673587790635685
CC_B87989F406EB,0.18619973444793356
CC_B88B702183E7,0.03724650388188581
CC_B89B80945ADE,0.16430490537819398
CC_B8A3A44BFE8A,0.439908056151165
CC_B8A7A6548AE6,0.1848667150291552
CC_B8A8FB83065B,0.1789568900845851
CC_B8AAC20D626E,0.19007215279899364
CC_B8AC99873641,0.07223789148063986
CC_B8C9673B7834,0.0974568399793729
CC_B8D5FEB15CC8,0.0730615004068633
CC_B8DA64A33076,0.5980547665741915
CC_B8E912A01706,0.6677387062995424
CC_B90869280808,0.14130818162441583
CC_B908EC99951B,0.20019567257865717
CC_B90CBF2A6775,0.05895002671215491
CC_B91080C1ADA5,0.3234841021435336
CC_B918FB42AFD2,0.18744450620954584
CC_B92CA425080F,0.13083576591964075
CC_B937F632B71D,0.17371662464104326
CC_B94477C20476,0.39061736428995253
CC_B9483A5C922C,0.1281723730103041
CC_B954EC1C63B5,0.3701465468433651
CC_B95580F93537,0.06632102630874792
CC_B96086044329,0.0887827579842524
CC_B96EB0A91589,0.1538713758438702
CC_B98357C70A41,0.6580747373637379
CC_B9929A66C2FD,0.651018928779697
CC_B9BB52E4C529,0.09045336945131316
CC_B9BD45744855,0.7975119288145079
CC_B9BFDE4662AE,0.09843798500948703
CC_B9CEAF324145,0.039580598681521396
CC_B9E89F42B509,0.19725278601026913
CC_B9E8A3887223,0.21272427986962245
CC_B9FC67268C45,0.1957107859603643
CC_B9FE9DFEB3DC,0.10882482396103103
CC_BA041E14DD98,0.0775824248914172
CC_BA0619F54427,0.10338428353873236
CC_BA15072C4EC2,0.18209637739328619
CC_BA183CDC5429,0.8709458031052965
CC_BA43646012D2,0.38533121467971687
CC_BA4F7E494E71,0.5022833886500135
CC_BA557F75E2DD,0.19242674516427682
CC_BA740903CBDF,0.12590779637655972
CC_BA77722A827A,0.5162152333518636
CC_BA78E47BB021,0.2013229777954475
CC_BA8C427054F4,0.0412489036007697
CC_BAA19F8D2563,0.09499951967518958
CC_BAA1BBFF8C6C,0.2694863431946317
CC_BABA44B5FB12,0.09538084698140026
CC_BAC25BCCEAD2,0.06757376827538493
CC_BAC74D0014D3,0.48426794914919613
CC_BAD99E36CC71,0.21811854102553663
CC_BADE7EB1D16D,0.7527620570750524
CC_BAE7410803AC,0.19042951423594084
CC_BAEBBF8054FB,0.14288995237135502
CC_BB054686B6F2,0.049499998217342224
CC_BB05D9DF72BD,0.05774971733006533
CC_BB0D54068D07,0.8214348748697947
CC_BB15DE5E0DA0,0.7616065237197687
CC_BB1A57AA813F,0.1404888389566846
CC_BB1CABE261EB,0.14652157621501044
CC_BB2BC46FCF61,0.22819568511398888
CC_BB2E5437EE04,0.050636461365916444
CC_BB2EF1FF6131,0.08343704918778855
CC_BB2F56C6BF57,0.10559569046358924
CC_BB35CEC5314E,0.10059281167583392
CC_BB39E3597B61,0.04942973919261834
CC_BB3A9EECD51E,0.09628573423688448
CC_BB44CDEE5103,0.2146872619181929
CC_BB458116ABA4,0.36575734673686017
CC_BB5F6936F6FE,0.19207440810325171
CC_BB666F8A551E,0.07375512165532222
CC_BB7355E735D2,0.11679634019593103
CC_BB8A2F186D6A,0.05011202620494465
CC_BB9FDED12C65,0.7144447729035888
CC_BBA8C316C8F8,0.0692998172602034
CC_BBADC7DC73EA,0.2087195937185248
CC_BBAEA7980B09,0.44134790691527276
CC_BBBA078A6429,0.7805101208851748
CC_BBBFC3EC2C72,0.4090022390465168
CC_BBD34B3225EE,0.03415990116645022
CC_BBE6C58C59A4,0.420525611554444
CC_BBEBBE1E226D,0.12132694057770756
CC_BBED56D34D38,0.12300733044215731
CC_BC0244FBDAF6,0.16703039269089073
CC_BC099E880236,0.1540557782178794
CC_BC0F05C89E25,0.10487059081859842
CC_BC1BD06C1085,0.10565546409906579
CC_BC21E8824A34,0.4312901958071359
CC_BC23655B2BF4,0.06808883237778611
CC_BC24F9024F49,0.06603638816120111
CC_BC2A58939715,0.09786966254117699
CC_BC2B90F226E0,0.18418570018389893
CC_BC31382964E4,0.0657398903879784
CC_BC31DA3EAFFF,0.14051086848297037
CC_BC3A6CF6FD16,0.110257534556503
CC_BC410BDD9ED8,0.2407463200435541
CC_BC458960887E,0.17453582960718722
CC_BC484C329704,0.13089875816171606
CC_BC4D6D6D4553,0.3679191086097696
CC_BC5A59D88AFC,0.10475251669807667
CC_BC736DA19A00,0.18084562923899863
CC_BC7B9D13978F,0.16756182987286003
CC_BC84BF34D69E,0.2950004273583802
CC_BC95D473C9CE,0.1593886825480648
CC_BC96FC9DCFE7,0.10430737632473433
CC_BCA0D6159C23,0.18562647058090348
CC_BCAE73132BA2,0.09416043398738863
CC_BCBBF055366F,0.04755809758075724
CC_BCC94F494979,0.08433493327625403
CC_BCF75F8B9A5D,0.11074433597321026
CC_BD10F4F15094,0.11062136070512814
CC_BD1A2052ACD5,0.8046941151990463
CC_BD217C39702F,0.33464597854881684
CC_BD2A9D4B9FAA,0.23647178986153256
CC_BD3EDD1630E8,0.05829484865347097
CC_BD4AAFE9EFEE,0.06122591423987534
CC_BD59D1252975,0.10170329386108512
CC_BD607BE97C17,0.09536563969288689
CC_BD889F165227,0.09868999624385025
CC_BD900B6BCF65,0.1551557235896916
CC_BD9967660461,0.46139089140209544
CC_BDABB99ADE2A,0.17910037038572463
CC_BDB07C66EDBD,0.4029465336128538
CC_BDB71DAAE50B,0.0875062277748891
CC_BDCB91FACECF,0.13931837748304948
CC_BDE1E398B4E4,0.06835680756993986
CC_BDE8D325637B,0.705244358027534
CC_BDE9E7F390AE,0.08704035679825184
CC_BDECF392D7F9,0.14945138988219084
CC_BDF401C3BBCA,0.14749362316561734
CC_BDF53C42C5BC,0.22811447705514382
CC_BDFE5778530F,0.3505584598739637
CC_BE05EB5976EC,0.7886520835886305
CC_BE08A6D5E76D,0.04952545628867302
CC_BE146CE5BEE6,0.1535805660578249
CC_BE24C1EE877A,0.120707075003971
CC_BE27E98C4BED,0.07572116644567865
CC_BE32DACBF6C2,0.10286847213224425
CC_BE3F52F9C9EA,0.12562897209378726
CC_BE3FC1024389,0.1441209334411217
CC_BE4595898BF9,0.12013573021699028
CC_BE4F1F53F4B6,0.08934264269675099
CC_BE648663620C,0.18023536928806103
CC_BE6627F3B9EE,0.6526601814859118
CC_BE673F70B591,0.33201214205297824
CC_BE704640727F,0.03943194263312402
CC_BE7295B354DA,0.34156929655466395
CC_BE760A430ACD,0.15148936320051143
CC_BE8A340F3876,0.05340999829495467
CC_BE9CB8845101,0.21670055040275377
CC_BEA12286E57C,0.1328355834163717
CC_BEB24EB997CA,0.12416064104612272
CC_BEB80CCF2ED0,0.05116714820005048
CC_BEB86014B5BF,0.18621238424792638
CC_BEC035C8801A,0.13540671637581678
CC_BEE1B858F0C3,0.31064172086061614
CC_BEE664893442,0.1735675195146083
CC_BEE75A33F038,0.0647873464483944
CC_BEF22728402F,0.6782469536653375
CC_BEF8AB2DF19D,0.3506047381852825
CC_BF03683CC755,0.10299962247458075
CC_BF066CB8F7A0,0.16517481869038564
CC_BF154A9FEE8D,0.1551856589864972
CC_BF17E635C67F,0.10741519644344305
CC_BF196AFA6AE6,0.15031728386764537
CC_BF2012FCFE14,0.22040205696136705
CC_BF3733356D4B,0.3606166522827068
CC_BF376C8D14ED,0.5000280542596072
CC_BF3BF8B9F646,0.09115991037531965
CC_BF588A5FF18D,0.7081245783991439
CC_BF7C643B8874,0.06511365822276259
CC_BF8919F14394,0.1573850463437277
CC_BF8B759EE1EF,0.0787908602118758
CC_BF971FA7A950,0.14697643336453523
CC_BFACE960372A,0.11133509120602444
CC_BFBF917EFEB7,0.576739114880602
CC_BFCAE2959708,0.04668260623379981
CC_BFD80ECB739A,0.23616223201611958
CC_BFDEC7E68821,0.06503287292631738
CC_BFE3AD881F4C,0.05213302336465915
CC_BFE511C0F9F3,0.5811381449449501
CC_BFEE9CF8A6E9,0.07899712817286614
CC_BFF8E82FE4BE,0.14824818885452634
CC_BFF9E8C0FE28,0.6427929450552488
CC_BFFCB2882E26,0.050805403477316824
CC_BFFDCACC1E4F,0.11475361304258469
CC_C003A15648F3,0.09496379769827074
CC_C004160ABB18,0.13694249392601193
CC_C012746F45D6,0.10435391610046066
CC_C033B4EC89DA,0.1407993040729424
CC_C03578357D0D,0.3964700030889355
CC_C040C14F27A0,0.06265544349852839
CC_C0474C48C443,0.1295938392274352
CC_C04A1EF46A13,0.2487014115807163
CC_C067DA2C5F99,0.393081395650133
CC_C0731DB0CD7F,0.6274295008000058
CC_C07C70AA1AF0,0.12994678146871136
CC_C0877F4DBC62,0.11256727554042756
CC_C0896CE6B4E2,0.08063280059400002
CC_C089B0517E81,0.08781225313413929
CC_C08B9066A5BB,0.1516387192370139
CC_C08DFB22BC71,0.09757780582373318
CC_C0A2108BEC82,0.2235232719272521
CC_C0A6B0787F91,0.10732637773986206
CC_C0B29B279C90,0.11694383009523493
CC_C0B7151247C2,0.11109396661099868
CC_C0BEDCC974E6,0.11623406696487748
CC_C0C6F913C2CB,0.7279754836379508
CC_C0C7EAB055B1,0.17442898024530254
CC_C0CCCF588BEB,0.2643222737674974
CC_C0D65A1BC1DF,0.671411819635941
CC_C0D6ADDF1E0F,0.07090143739928823
CC_C0E49708EB44,0.2027104190425478
CC_C0F32BA57D17,0.05528205942375007
CC_C1094828B26C,0.3038550475940327
CC_C124E4C094F3,0.2852864810690695
CC_C12ECF48FA03,0.13983862073030895
CC_C12F5F7E5C54,0.10492662225718621
CC_C131509731A1,0.199586321836187
CC_C14173B64C58,0.2152130757646114
CC_C14A4D39F494,0.4045424261999753
CC_C14DC9106B7E,0.22836980147970726
CC_C1624A910E58,0.03325550474150037
CC_C1645FA6EE7C,0.07830631835295243
CC_C165A26E7C1D,0.7233076396260052
CC_C16824A69631,0.058904483747386965
CC_C177831DEDC2,0.06559118668154397
CC_C1815DD481ED,0.7359190521152972
CC_C18313F97FC1,0.30006577625811987
CC_C18A7BC23071,0.24461189813031858
CC_C1941883C762,0.11103368772048128
CC_C1A0989CDF23,0.03090375025672793
CC_C1A8C99D910A,0.11714527179943268
CC_C1B057BAE0BB,0.2561310447672123
CC_C1B5D9A95708,0.10904786285389373
CC_C1C28181E30E,0.12493965795176956
CC_C1E8CA45E983,0.09663902889119091
CC_C1F4DD05F5FB,0.2260300560270577
CC_C205BAC0D181,0.07849314081109979
CC_C208790016F7,0.07207950403699594
CC_C219E603FD0B,0.07584038030534444
CC_C2323893E922,0.13463293119691383
CC_C236A614F73D,0.12116048871658075
CC_C241491551A8,0.1030936126713751
CC_C247E0377048,0.11860917402108428
CC_C24FBA584039,0.26399954363309347
CC_C25078D044CC,0.19726237973969568
CC_C255BE787955,0.2182418577498773
CC_C25ECB5C5FD8,0.07599846319272832
CC_C276E722FB1B,0.34310678219612856
CC_C279090E1F74,0.7861632322078762
CC_C279CA96D14A,0.10468302958087815
CC_C283330B9999,0.04372188202092908
CC_C289AF57EB24,0.24311857400992848
CC_C29558864857,0.1276869002145535
CC_C29846DE78AC,0.6248711271092103
CC_C2AEE09D92AD,0.09938893821650116
CC_C2BBFB603032,0.33941833712774
CC_C2C2B2EEBA69,0.04538471596215497
CC_C2D1CBB42952,0.15858394038120388
CC_C2D4587A871F,0.7144827333473511
CC_C2D583F20739,0.3498841102823476
CC_C2D9086A8C67,0.06098708440971291
CC_C2E8FA308586,0.14825881534070467
CC_C2EA104630E3,0.09578233759189289
CC_C30ED2C6265A,0.06150079992085497
CC_C31BA9FD4FFF,0.2573516486410769
CC_C31DC3117984,0.17503204775596093
CC_C33142B2E26E,0.43143645990841073
CC_C340668CE604,0.07000287057391516
CC_C36580241000,0.13167130976023894
CC_C3664AFC710F,0.11638182781180834
CC_C3676D2ADC91,0.18666175144318853
CC_C368AC6AE19C,0.04245491259873101
CC_C38B446B7432,0.19134890043711922
CC_C38BE6D69E61,0.05265845884265717
CC_C38FB634E7B9,0.06350681108264425
CC_C3913A125FC9,0.14687197962039555
CC_C392AC1AABDB,0.13752759661188915
CC_C3A37C3EDCC5,0.3330640839276559
CC_C3A42A96D260,0.24037098004949425
CC_C3CA355F78BC,0.12193753470905533
CC_C3CD972B25E9,0.16238941285760192
CC_C3CE9FCB05EA,0.0552142648789581
CC_C3DA12B31CD5,0.08074862557069121
CC_C3EF46D2CF29,0.1643706662620687
CC_C3F301EAE202,0.20873545850982483
CC_C404C200B723,0.09515540887899224
CC_C40BEE2EAD73,0.23780419198379385
CC_C40CA3E960D9,0.13537753054196908
CC_C40E0EEBA53A,0.12091032380064984
CC_C42183D7A586,0.0891386301243601
CC_C427199DAC5F,0.49446290750205013
CC_C445AEF194CA,0.08493520854953746
CC_C45051D20EC8,0.12551215669876298
CC_C47FCA703A69,0.27257425265232466
CC_C4965C6C6935,0.2880178398295793
CC_C498BD798847,0.05495580043682301
CC_C49A42D1C3CA,0.09299372517024918
CC_C4A2F5B06976,0.07194512819872095
CC_C4B632AEB96F,0.14756231461373698
CC_C4D194378554,0.038340533381384115
CC_C4D90E9CA5E9,0.12552807536037677
CC_C4D941D5A5F9,0.1374942381302454
CC_C4EB2486A9B1,0.18565573026777268
CC_C4EC2923D96F,0.2951030306781021
CC_C4EC9ACAE8C4,0.7555163409522813
CC_C4FB2ECB13DD,0.23345552235864825
CC_C50467EBCC58,0.10844078070781402
CC_C50C5E2A77CA,0.13544673599497623
CC_C50D7FAA75C1,0.05120369608209379
CC_C51FE3F4D2F3,0.174804480499554
CC_C5234F4713B7,0.0693398200348817
CC_C55110310E14,0.10342165144901265
CC_C563D509181A,0.0856840681150421
CC_C5736F4887D6,0.7492519426829466
CC_C57C4F09442B,0.0910386938658296
CC_C59D2CA55CAD,0.7925751199023403
CC_C5AD04ABF022,0.098727645522041
CC_C5AF7BF4B951,0.04346900258473724
CC_C5C5FD9FCFE4,0.6631132406592264
CC_C5D9A89022EF,0.20827027813060472
CC_C5E1FA10BD6B,0.17107861550648262
CC_C6039EF0459B,0.15367006015652512
CC_C6133F44EB0E,0.10285339530901291
CC_C637C1142503,0.77500430898939
CC_C65496C86EAE,0.17674998244735424
CC_C67C2B86A807,0.13299526984549093
CC_C690CF8AF3B4,0.10302390981333794
CC_C69204FFED48,0.3421253203804522
CC_C69DD80E5055,0.1062530394797119
CC_C6AE389CA79C,0.06016935248457721
CC_C6AFA8AF33BB,0.08941704859421118
CC_C6B56B2869A6,0.40211021560677895
CC_C6B61E03B42D,0.1857950776374422
CC_C6C2B357FDF2,0.10503006200849302
CC_C6C4A4A318E4,0.11347187374230097
CC_C6DECDCC7956,0.17797443235356092
CC_C6F134ABD932,0.463594219163501
CC_C6F24128D8D3,0.15913654623055903
CC_C6F8C5E3D746,0.10408963648575659
CC_C6FB2BDCC78F,0.3662321530521358
CC_C70DBEB08378,0.8760769552013882
CC_C71AAC6F9607,0.11017663766638024
CC_C73D1C53BEC0,0.31155489872945025
CC_C7423B380FD2,0.061818762888937555
CC_C747ABF2B4BC,0.08453798795767424
CC_C74F0C45C093,0.12471355288127153
CC_C75307665BCF,0.2476910597112741
CC_C76473DBFF83,0.3363089376518526
CC_C7652C2D1CC7,0.21637351477334932
CC_C77B38900325,0.23206552820702445
CC_C782A94E6754,0.04737487368378926
CC_C786E0FDA098,0.7374453023760089
CC_C794632B3AAC,0.37792761864667535
CC_C795250A7B3F,0.09353353043364304
CC_C79BF5794AD9,0.05726547777777956
CC_C7A2A7BF85C5,0.08190461778433283
CC_C7A2CEDA36CD,0.4387345885259239
CC_C7AAAC514CD0,0.09549328162337026
CC_C7B39AE8206F,0.12426465110433392
CC_C7BA884F8DCA,0.14191544903393913
CC_C7BC592C11DB,0.05252284726396772
CC_C7CB29EBCEE1,0.05497246416584402
CC_C7D2BE35C77A,0.07600802160872445
CC_C7E56C7FFA19,0.1868777259390052
CC_C7ED63E403A8,0.07954923829838792
CC_C7EFF4BBEE1E,0.07511940640641276
CC_C7F1C90A261F,0.1287698029115339
CC_C7F38C2DEDFF,0.1935086881061927
CC_C807F881A35F,0.23122151640864935
CC_C808346EF2A7,0.05475358893113829
CC_C822401D05A0,0.1287646533466581
CC_C82D0EB32984,0.12162375344620276
CC_C82DE4520088,0.1741450453131565
CC_C84080607284,0.07278094971027246
CC_C85DEB66D6EC,0.231609193880976
CC_C8601860B3AB,0.2980458401319998
CC_C86B56E5B000,0.10458509948038491
CC_C874E7D8B96A,0.0688510714923648
CC_C88F02C38654,0.14346828480290616
CC_C895990DF270,0.15506123638333974
CC_C896D6E93110,0.37351729800506345
CC_C8A57920FB6B,0.09020396407280175
CC_C8C2CEAC6750,0.5008523024193661
CC_C8CBB38CF4B6,0.4541222774610367
CC_C8DF2AEC8023,0.14198287549216576
CC_C8E24B1925A2,0.16313254321973475
CC_C8E2F0CA5050,0.7231718102862612
CC_C8E875AAFD58,0.3277123711767311
CC_C8EF7366016A,0.06800052666010199
CC_C8F1FB9C56E5,0.08748312531184099
CC_C8F2FF7E6DAF,0.17233487971272374
CC_C916DC82A00B,0.31861931645954344
CC_C91FF308D57A,0.07475380470852837
CC_C9297D88CD26,0.34113574545830333
CC_C932D885E1AA,0.2343343384791792
CC_C947A66A6A34,0.15909242729149722
CC_C953D19C82A6,0.25042159695727406
CC_C960365C1125,0.2301933652883127
CC_C96221203852,0.19652432010870471
CC_C967937FC81A,0.6764403265237134
CC_C97434767545,0.1947735917056539
CC_C974620D4D4F,0.3103647224978519
CC_C9749B07E3CC,0.1332937540126801
CC_C979F86EC4EB,0.06661817737602171
CC_C9882357496D,0.07841065041667807
CC_C98B5F2B994A,0.07908821243201748
CC_C98CA453DC7F,0.11186828813897969
CC_C996515164AF,0.6222749624809296
CC_C9A1B8F512F3,0.4546770454897938
CC_C9E008678B77,0.09794109168557263
CC_C9E89E3728DA,0.16155297505999436
CC_C9EE0357CF4D,0.1436507182350722
CC_C9F15C15BA6A,0.11798196110628233
CC_C9F3BB887EB9,0.2114219799836754
CC_CA0906B9B58E,0.06509406191855548
CC_CA16B9133E4F,0.35851218444401806
CC_CA2524A5C7AF,0.2864702255266552
CC_CA2A17C9CD44,0.46653290536069614
CC_CA32C61E255B,0.11796257129103616
CC_CA37F92A8BC6,0.13386251681644504
CC_CA3C9D0F42A2,0.5801233239879418
CC_CA4669FF2379,0.10809421942140568
CC_CA486E08F176,0.061736725306699075
CC_CA5CF069C36C,0.06487595513724392
CC_CA6AB58D2C8D,0.2685386654823276
CC_CA6EDCBFA9E3,0.16948168168672664
CC_CA6FB58C11F4,0.07781515542163228
CC_CA7902338F91,0.14550596806944244
CC_CA7BE11DCB92,0.10747363069916507
CC_CA87A148C386,0.08698332663262372
CC_CA8E7E45347C,0.14618381262323998
CC_CA9214D0E170,0.15342435916706745
CC_CAA07EABEF71,0.06684398618557247
CC_CABC0190A9BF,0.484151437098461
CC_CABF171B8582,0.5615828653275377
CC_CAC2F989A2D6,0.229306294909013
CC_CAC50FF13A43,0.4790721943854894
CC_CAC9C52B6FB8,0.25839589344305686
CC_CAE19DE8446F,0.07151106815747876
CC_CAE5F6D8328C,0.440222679671851
CC_CAFA0C6DBCEB,0.07163487159539352
CC_CAFE5D6E3E1D,0.11889060709881968
CC_CB02A97FAC1F,0.2257682815810267
CC_CB1155AAC7EB,0.13975118807309023
CC_CB1B2FC5769C,0.2021638878445623
CC_CB1BD3C19303,0.17510297975649286
CC_CB2423DD4809,0.8182575942157012
CC_CB33381406F3,0.6444854684780987
CC_CB3CBA971E97,0.08657781315777707
CC_CB45CB5C940D,0.1750367633072141
CC_CB4A2667F8CE,0.22752861676237385
CC_CB4EA92BE238,0.05371075315755562
CC_CB4EE5CC0B09,0.16893957677085825
CC_CB50BDD92A4D,0.19117118469267835
CC_CB6A55831080,0.07711977830229637
CC_CB6CE149111A,0.14016919815818138
CC_CB6F9DA78019,0.042565096005457895
CC_CB722FAA608D,0.22297677971025262
CC_CBA786C05C1C,0.7971569495236555
CC_CBA9A6206DCB,0.1544550626218636
CC_CBB7AE2847B6,0.20622323756008606
CC_CBB9DDEAC819,0.03691685913123323
CC_CBC30D127BA4,0.09296000279633043
CC_CBE67EF0D3C5,0.5259772812071198
CC_CBEC318365B3,0.3706298290551505
CC_CBED6669EDA7,0.058307250056680485
CC_CBF1B052FA7E,0.08526264338045705
CC_CBFC7EFF2F94,0.12322613245034104
CC_CC27394B5E35,0.09753376578475964
CC_CC2A7B3D7A55,0.1541459789571964
CC_CC34B2523794,0.12736966529025057
CC_CC34E9023873,0.6998303931857244
CC_CC37D81F02A7,0.6234081335891264
CC_CC4822AEDB83,0.6464631417240423
CC_CC5D6CAE5ADB,0.19611510943040944
CC_CC6D27804EF0,0.0947734542019185
CC_CC71D4876B90,0.13202568435561607
CC_CC75EA7F2C8F,0.13322610975675941
CC_CC9214A5C0CF,0.08752085440195781
CC_CCA2B8D2446C,0.3940021841847297
CC_CCAB3E56FD92,0.16968771342723218
CC_CCAF321D46D7,0.036736218085266836
CC_CCB46EA56584,0.21196510096267474
CC_CCB60CB8754C,0.12828630528314164
CC_CCD759553325,0.05741573091271639
CC_CCDC28D49832,0.15282086631189915
CC_CCE55029E621,0.6253598968631976
CC_CCEA133D7268,0.6538664982040789
CC_CCED6CEBC3D6,0.3318384705886388
CC_CCEE76415B51,0.30399713426299296
CC_CD1326D52AE1,0.6214819735546533
CC_CD35EEA81CE8,0.38320976851556127
CC_CD373485942B,0.08863389265247885
CC_CD379DD39658,0.2977566440730276
CC_CD37D5CF0EB0,0.18930463027098876
CC_CD380545A7A4,0.05617011696227317
CC_CD3A378249BA,0.2565368778629091
CC_CD415B1C7741,0.04709489094477706
CC_CD4976814F28,0.04320276213774491
CC_CD4F5F1C357B,0.25199818522867856
CC_CD54829713AF,0.07590094259206635
CC_CD5E3556D5AB,0.15673649014592606
CC_CD6C797F3C4F,0.08747994983617868
CC_CD7BA8F6C4BD,0.08936567447988823
CC_CD8352F0478D,0.21254879011295424
CC_CD972E578564,0.8159201802534526
CC_CDA1B20179B6,0.1351227117868273
CC_CDA2A36B81B4,0.19299243577934594
CC_CDF6354EC332,0.053889093152737884
CC_CE01E17132E0,0.044775164294407935
CC_CE1280B30475,0.14079788445621674
CC_CE134F878294,0.06523881247600455
CC_CE229894AC00,0.13213196002589123
CC_CE26907B9D30,0.43580750418560266
CC_CE2755B42DAC,0.0822703730664924
CC_CE2BD7F74421,0.2112157140027339
CC_CE3784121355,0.10782147371182584
CC_CE41F9FF509E,0.16295312851496035
CC_CE5AF0E9A157,0.0682228304140328
CC_CE5EA019DCAA,0.08331525058966693
CC_CE6460FE39F6,0.11180792786760824
CC_CE72D1734761,0.6177263039727894
CC_CE7FC560768D,0.3735355289450157
CC_CE871DB3950F,0.3184359006256109
CC_CE8D1564C4F1,0.13668527196791613
CC_CE93240526A9,0.27148767509223126
CC_CE980FCAB154,0.3219272341878482
CC_CEA0FAD348F8,0.08121126741082245
CC_CEA369A3451F,0.07048934228033214
CC_CEBA67081418,0.2310290723791103
CC_CEC0C00FE770,0.5108524079393308
CC_CEC3B21D2982,0.3656529370345739
CC_CECEC680F701,0.16367684739586946
CC_CEDB263DB07B,0.03905464415208118
CC_CEDF9C14DC79,0.27192944991735796
CC_CEF23255BE06,0.05895129304352992
CC_CEF8C71C4E8B,0.41186122284981946
CC_CEF91FDD41AE,0.3885660229952268
CC_CF0B68684C3D,0.10269045208624519
CC_CF149865368F,0.09718388344037177
CC_CF2A7A5582C2,0.18077292109034612
CC_CF2B3E37CF2E,0.3890499231189338
CC_CF2F163CE005,0.16920020496295385
CC_CF3C063DF626,0.1363592812932005
CC_CF3E91DB8220,0.23238982312574957
CC_CF3FB5744443,0.697958541629867
CC_CF4991B8EFE9,0.10987742529103638
CC_CF53FD3AC9AD,0.040448590060134064
CC_CF5A140B279D,0.17376737881106794
CC_CF613A7162B6,0.11574454337323148
CC_CF6A8A460B19,0.09899529063689431
CC_CF792E77A16D,0.05546431784878695
CC_CF7BAF373E0A,0.03729529592743813
CC_CF8B1D0015C4,0.1362167858317014
CC_CF8D0517B79F,0.07160612817502701
CC_CF92037ACA93,0.17868741443914443
CC_CF960A300F40,0.3577501034871695
CC_CF96B6335E6C,0.16968622185661555
CC_CF9880D67A7D,0.18522779671925738
CC_CF9B249283A7,0.7003376655274375
CC_CFABF7407978,0.22650588350025166
CC_CFB2AE99EABF,0.16734688026540132
CC_CFC0BC440771,0.13660318007088829
CC_CFC235739F25,0.5366593433289708
CC_CFC6E8954325,0.061569358983450055
CC_CFD37EDB214D,0.22544769230281259
CC_CFD93C04478A,0.5630343583342401
CC_CFE0AA5381FD,0.6865849841471907
CC_CFEB021AA137,0.05780597058713728
CC_CFF6E2A6A3F9,0.24549896145400607
CC_CFFDC4947256,0.14397426785533754
CC_D009368CE434,0.04386927917172313
CC_D02E59E08B02,0.04392571973420796
CC_D03848B7353E,0.06572713106831764
CC_D03A69B1563D,0.1468742073783936
CC_D0576802096E,0.09015180536130028
CC_D0582E0F3440,0.057337633406499056
CC_D059D0BEC5D5,0.3563949135007949
CC_D05C4A8F2A25,0.12270968776931244
CC_D05FBA9B9040,0.6719846180438945
CC_D0653EA71CAD,0.18880820213158211
CC_D076A984B786,0.14940242978139479
CC_D08FC2D99CF5,0.21146447068684254
CC_D09942A02904,0.11265154916645276
CC_D0A8EA2D37F2,0.14662395350988028
CC_D0AAD35C800F,0.11181231719640318
CC_D0D666EC0244,0.09349293497228153
CC_D0F3F68F4452,0.5074633553868476
CC_D0FBDE8ABAA7,0.10788703455721793
CC_D103D50237D9,0.26723427286387785
CC_D11E5A30CF3B,0.2564279505177302
CC_D122B30AE7CB,0.4969259237628563
CC_D1679B40D83A,0.09817379807272636
CC_D1760785D631,0.23017748293596793
CC_D18088587757,0.25188550539797144
CC_D184160042B7,0.3183190279009891
CC_D1886485E8B4,0.13930337750373561
CC_D1893DD5B4D4,0.08750344381078624
CC_D18B60E035CE,0.7454532230304067
CC_D191D099789D,0.07881876274331207
CC_D1BDB41E7FF6,0.07933565903121208
CC_D1BE2E6E9C9F,0.152087481064852
CC_D1BFB29BF61C,0.09199931536838721
CC_D1C259F80E13,0.0881144894513115
CC_D1C63DA9CA93,0.12056088375471094
CC_D1C931E4F305,0.07881452399023038
CC_D1CE25F271BE,0.13081769719569944
CC_D1D2127A0C67,0.05330592079717067
CC_D1D31EA359F4,0.13774838214559576
CC_D1DB888BD9B0,0.11632455613259837
CC_D1E82B9DD102,0.16455632224590538
CC_D1EF68A649AA,0.11998544709017543
CC_D1F05E69F80F,0.06274071718165423
CC_D1F6FE158DCF,0.21599797953179728
CC_D205612FD566,0.6429903011739093
CC_D21474C31E3C,0.7125406886849767
CC_D2195A061A0E,0.7200273962642293
CC_D2199CC1CB08,0.03347668392719286
CC_D21FCD9DFE53,0.5065648217072161
CC_D233B2C8062B,0.44443383495510086
CC_D234CF2C21AE,0.7013478305557135
CC_D2373015DF41,0.06079776976047559
CC_D239CBE1012A,0.12366058712759424
CC_D2591377E980,0.7405771712986764
CC_D25E25C831B5,0.06910954020082428
CC_D262BB13DAAF,0.3034196667999425
CC_D272BC699F38,0.05876842324873481
CC_D2813C835750,0.7781254003078182
CC_D285B0D67016,0.03253490542810441
CC_D28FB525E310,0.24665926341413663
CC_D2AFEE04E96F,0.042152043540634065
CC_D2BBAA423304,0.11258105183057965
CC_D2BE8B4011D7,0.0575388881621374
CC_D2C49D2FEBF8,0.18302888779615667
CC_D2D09498D333,0.1521748495701607
CC_D2D187DA334A,0.15952142821079812
CC_D2D47A5386CE,0.21792149922625315
CC_D2E98F50621A,0.04306587561185046
CC_D2F265035F0A,0.050755576973259234
CC_D2F91355C6D0,0.1445895550394145
CC_D2FC934F8324,0.1449638460898886
CC_D3044C67CFFB,0.051025794579986045
CC_D313F2C49E46,0.35243047389820503
CC_D31FFB053D60,0.11491963987077494
CC_D336DB6323BB,0.31669242518804175
CC_D343A7CBA377,0.08245195160594371
CC_D345AF4C4B61,0.18266883148023938
CC_D34FA9410740,0.0809675632625646
CC_D354C5D1665A,0.14320154612565816
CC_D35E96480AF8,0.2691650558152724
CC_D3616386D6D2,0.1292618604620645
CC_D365173E852D,0.7909919551251735
CC_D3683C6CFC5C,0.6268325816446902
CC_D373463038E0,0.06098671615296646
CC_D379CF8E3FAB,0.7318472631126298
CC_D37B4CA7F3D8,0.048013627491442744
CC_D37B5B3CA4BE,0.6679732390458744
CC_D39265D7B6C9,0.05939778834195865
CC_D39E3F732408,0.07486348787890286
CC_D3A7B21165B3,0.2704298082327369
CC_D3A9028A4660,0.058596515497617685
CC_D3A948322BD5,0.7088323206828766
CC_D3B95DB5E6C1,0.2912471865975533
CC_D3C8C5014D5C,0.2093881867843634
CC_D3D80929AF52,0.08307794685751073
CC_D3F25136073A,0.15087965004241893
CC_D4102AD032BE,0.20377133560656033
CC_D416EFCEAD89,0.05850956638225539
CC_D41C5030494A,0.6837937901288768
CC_D42E477596A3,0.0627090842603565
CC_D432C89BADA8,0.12141927421013396
CC_D434638E9569,0.11916728177823553
CC_D4518F98BB77,0.08468276935073929
CC_D452847F2A4C,0.07072007478931969
CC_D454056F92E6,0.24518983037405445
CC_D461FB973AB2,0.7877574711656632
CC_D462250B13D3,0.39585492636662867
CC_D48E686A834A,0.6956489056303943
CC_D48FFD985E51,0.0691851183021799
CC_D49263A1BDF7,0.11639111364360348
CC_D49668C65C33,0.036932421800763046
CC_D49D9C57A849,0.09809031882566285
CC_D4A029A150E4,0.15437150735702934
CC_D4AC998C0BC8,0.6767603215236779
CC_D4B02AAFC697,0.12273329507758526
CC_D4BDF0F4FE9E,0.10300808631163055
CC_D4BF2778371B,0.14975547711594
CC_D4C0F4DB3501,0.1613534218323161
CC_D4C6DD8A364F,0.134396785151675
CC_D4CDE2A1E174,0.15814769263590822
CC_D4E7EE35695B,0.15579114269532734
CC_D4ED652E86DF,0.2792724872787604
CC_D4F844B54B84,0.045700720087996936
CC_D4FA0055DB4A,0.02908048894154759
CC_D4FDCBAFEC74,0.741324270617286
CC_D517D90E105F,0.09130216157197703
CC_D52B87A01028,0.2544910273192881
CC_D530C3D1DBF8,0.6261640497053598
CC_D5327E41EBA2,0.15767042733318157
CC_D53C8BCA531F,0.0914495157974575
CC_D540C7ABF683,0.7154290687032381
CC_D54105FC1349,0.4095504470031997
CC_D550CE8B9313,0.6640870533018437
CC_D55C5B432387,0.16768008945288426
CC_D5646FCC5E14,0.5275014365428015
CC_D56F34613338,0.13971916289857447
CC_D573AF0F1674,0.10035298356635405
CC_D586E2C2B3EF,0.22736328802753714
CC_D589E388CA02,0.06264495941522713
CC_D58EBD954E68,0.30182264948777043
CC_D59AFE884BDD,0.4942306980785774
CC_D5AC596A85E1,0.16739464735821197
CC_D5B99B578573,0.038707841329921625
CC_D5CBF4A4D3B3,0.10104466549523014
CC_D5CE05EAA837,0.2474083681979352
CC_D5D36A6C8DB3,0.06976845478690735
CC_D5D8D545736F,0.08183972312770625
CC_D5ECFAF8C1A3,0.07452976550218057
CC_D605715F737A,0.14396757550830452
CC_D617428B4B0E,0.3895948956759663
CC_D61E8E5C4414,0.1075267367983189
CC_D652B5F05769,0.1806588766908283
CC_D6564D0CB9A8,0.1882467815441904
CC_D66183657419,0.0752643034135594
CC_D66BDD3E1AA7,0.10741879895715815
CC_D66DA331534A,0.0992438836510494
CC_D687A780C0E6,0.05761023861700384
CC_D6AE871A4C9C,0.11609689382555988
CC_D6B7AF1FBDD4,0.511586838256906
CC_D6B874308353,0.5572865431017177
CC_D6B8F47FE484,0.48626354190237187
CC_D6CB1BFDCEEA,0.13640026824209495
CC_D6D47D7E1C51,0.03927953166131708
CC_D6DE060699C6,0.12993387729781616
CC_D6E06014457F,0.8836401161732705
CC_D6E8E17EA449,0.3101800822117553
CC_D6F216AB1C4A,0.16878593930016933
CC_D6F5E3A51C8A,0.09014374423273507
CC_D6FB3B76D7A0,0.6234570956783185
CC_D6FBCD4BA3DA,0.2629092701082033
CC_D70918916097,0.4889027305478211
CC_D73B1B9B81A5,0.058047195210797944
CC_D73E9E24BB48,0.10129980112640294
CC_D74AA0F20466,0.13200199889878747
CC_D750070C44BB,0.7483239542552876
CC_D7529675CB7D,0.14628688933045284
CC_D75C8CDB510B,0.6831480632354271
CC_D76009C47709,0.32970824525755094
CC_D771775A58F5,0.19216281742386704
CC_D77F9D613EF7,0.18715973348163165
CC_D7999C3EDE22,0.18247465110514827
CC_D79BF1D26499,0.1905736024047194
CC_D79C05885899,0.11553497996750661
CC_D79D4F15D10C,0.04681848221603935
CC_D7A11E3512D2,0.05233394468105296
CC_D7AD7A7279C4,0.1574896728968439
CC_D7B35055AF0D,0.166206409022292
CC_D7D99409D57E,0.28225908905308295
CC_D7E403181D8F,0.11932958202870653
CC_D808C7BA9399,0.12643693383106733
CC_D80DE8B544F3,0.04144888194817944
CC_D81D19AEFB77,0.03269867287758344
CC_D81F317F6384,0.1211010973828414
CC_D844D9DF962C,0.09942169752852953
CC_D847D978387D,0.05448894748428859
CC_D85C7B85C440,0.19632275870716864
CC_D885591596E7,0.08384025643014328
CC_D887D07BDE23,0.3834121930342942
CC_D88ACC0CFDA5,0.13626204944344894
CC_D88BDD0F510C,0.06017765353989868
CC_D8956424CB37,0.4431994833834517
CC_D8959BB99A7F,0.32639491172714824
CC_D89A9A14B5E8,0.053286850012604046
CC_D8AD01F3CCE7,0.05197412551063782
CC_D8B4122DC296,0.12745070627407082
CC_D8C38B187875,0.7434842303459483
CC_D8E55509595E,0.056577736284074656
CC_D8E6B90C37A3,0.12603329321029688
CC_D8F1AECFCC2F,0.05161007799758413
CC_D8F7672C70D7,0.050378204670495697
CC_D8F7E904E7DF,0.17034251269359332
CC_D8FEF1C99F88,0.693204049744306
CC_D90761F9E9C9,0.36176803545154773
CC_D90D9D5C8FEB,0.09904024834104005
CC_D912917A4F4E,0.7280652847020795
CC_D91ECE64FD0C,0.10568633873057398
CC_D9325E5695D5,0.056851261008247674
CC_D9563654A397,0.21831242264188627
CC_D95766A6C24F,0.1650122892776293
CC_D95939B1BBFA,0.06851371345712283
CC_D96729C38BC9,0.09765855920684904
CC_D9791EFF766C,0.2248705244958148
CC_D97AA7C54F6D,0.1213608549533623
CC_D98BA5CE8EE6,0.4990689141708383
CC_D991DAD5413D,0.13030607459386576
CC_D995C89AA359,0.18932338881149496
CC_D9A54F55AD6A,0.09602590851108106
CC_D9B87A96C353,0.2833528044557759
CC_D9C42B0B6A0C,0.18212704916713918
CC_D9D487E78FAF,0.6418118916047562
CC_D9D744A66B09,0.08505517841976021
CC_D9DA3F6E2E7E,0.1215354351300411
CC_D9E5792258E4,0.09033727063483984
CC_D9E6B9CBEB77,0.05431843935157084
CC_D9F0CDB02AC6,0.13326099567307498
CC_DA0201D1BCF2,0.09434949766965017
CC_DA0500AFE692,0.06896414514098818
CC_DA0E0BD3880D,0.38960543014308885
CC_DA10F53AE655,0.6166556942410342
CC_DA1643A835A2,0.10290493480504923
CC_DA1C5BAB7E35,0.5210812168691622
CC_DA1DC6A6371D,0.19015800836596455
CC_DA1E6B31DD2A,0.6824641967502167
CC_DA1F282809D0,0.030008706069188533
CC_DA226442D919,0.7741948338883531
CC_DA31EC318B1F,0.05950095331608772
CC_DA33597C6459,0.15608731634381826
CC_DA43CFB5CC2F,0.19933331489262412
CC_DA481C72B8A4,0.21999908101179588
CC_DA55447636EB,0.04898119374109594
CC_DA5AE34842E3,0.10300797944677549
CC_DA6880B018AC,0.19025383249916644
CC_DA700A961616,0.1569481849253506
CC_DA7E65F1E6AA,0.07169472484826461
CC_DA80FAA7FE30,0.11497530680602847
CC_DA8DCCC1199D,0.3180171591956852
CC_DA8EA724C1D3,0.402873833047659
CC_DA8FA65D1924,0.0408112062240361
CC_DA99D1E41C3E,0.056955662127032194
CC_DA9C3BEFD0B3,0.17003738505772464
CC_DAA3B7FE1C62,0.07302913370387981
CC_DAACE4211B34,0.19243018273575624
CC_DAD239E56638,0.7893548609559933
CC_DAD4BC090253,0.06150360567668295
CC_DAEDBA26BA12,0.31758395793809246
CC_DB1EB08EB40E,0.1321033869755212
CC_DB2314ED6960,0.08159037971449344
CC_DB25E05EC5CD,0.4279893392829409
CC_DB3BE0C87882,0.055672293449321904
CC_DB44628BC147,0.12971927181476456
CC_DB562E602BA8,0.11126765452723114
CC_DB61D7F5F8F2,0.6440910951017919
CC_DB6498598C32,0.17118890678639875
CC_DB6B59FB6E30,0.039209950746399366
CC_DB801B947698,0.31115660555060587
CC_DBB8C467FF1D,0.09129407220604441
CC_DBCD21C2C322,0.0702895373042465
CC_DBDB148E45DD,0.10063932814908157
CC_DBDF9BFA7E87,0.09977193417793839
CC_DBF5CD2D854F,0.1899395422501475
CC_DC0077DE6E39,0.2048419863339867
CC_DC23159A1F99,0.07840828518094589
CC_DC2458827FD8,0.2105894151430721
CC_DC2BE35D58AC,0.25602198883081584
CC_DC49C8D3F7EC,0.5573591641263216
CC_DC5DE66826E9,0.1028393223342551
CC_DC6063FC6464,0.08286305132464553
CC_DC771AE1B4BA,0.6941976047692784
CC_DC7DEBC30E17,0.44065995019698284
CC_DC978F3A711F,0.6802693955025871
CC_DCA2140C7BC4,0.2108460089112627
CC_DCA5CE7C9DC3,0.189361299224251
CC_DCB5798049B2,0.13201100866746993
CC_DCD10C95C942,0.5390246048476506
CC_DCD145E8E729,0.30991586964936896
CC_DCE0BFC03B86,0.05402933120550558
CC_DCE75AE2FB52,0.050887696135741935
CC_DCFCEEF21BA7,0.33345842862505487
CC_DD12A8C462FA,0.08933653878617244
CC_DD14867350AC,0.13765036380779197
CC_DD232BC8881D,0.20066805349273914
CC_DD2473D34D68,0.17838534465835282
CC_DD2B5C4CD318,0.07342968423713679
CC_DD4EC06C3A92,0.2333246281110377
CC_DD5299DA8C1C,0.07940014797893304
CC_DD59BFF18ABC,0.14160994950332226
CC_DD6777E1B05C,0.04814088907078017
CC_DD6EE1501B89,0.08294917071136272
CC_DD78B52AE022,0.12782077331682606
CC_DD7983A07B43,0.6937804079708416
CC_DD80B5CC495F,0.11203508939497459
CC_DD8956B71825,0.6761150840057407
CC_DD8D40E7E2A9,0.08327641516572715
CC_DD9972D0B63E,0.11027290697143406
CC_DDAE70634ED3,0.10091782247683556
CC_DDB4A9FF2B03,0.09472356160801915
CC_DDB68302DA2A,0.15524728161270968
CC_DDB9DEC9C037,0.06677858943612186
CC_DDC610D2B2F0,0.07887688896906105
CC_DDCAEC6BD9F0,0.19672632720839445
CC_DDDF665EBD93,0.28166185067898525
CC_DDE66EBF2157,0.06698446348027329
CC_DDE8B7E9C7F4,0.3057277442809634
CC_DE019FC36D28,0.37947172303328214
CC_DE07076B04D5,0.13599321916036292
CC_DE07AECD2361,0.03984714651321017
CC_DE08A4514010,0.5556301293198529
CC_DE093FAC5293,0.39365839513893347
CC_DE17BC1C2324,0.07972913685267548
CC_DE1B13B3E504,0.042008770552664366
CC_DE4264861B73,0.10176311174986685
CC_DE4810B88C51,0.29353313931236064
CC_DE4EE8A16896,0.14406736595831515
CC_DE523A2403BB,0.10360611506022774
CC_DE52860CFBBE,0.17984946671285323
CC_DE593193FB9C,0.25384755124521396
CC_DE5A9B499ED4,0.0886312932045257
CC_DE6AFFA63ABD,0.09027345753966354
CC_DE7CEC14CCD5,0.641453682942684
CC_DE7D7B5BBB14,0.6597948528723943
CC_DE81AAB7BF48,0.05675912675443927
CC_DE8956D433E2,0.6396546465430631
CC_DE8FB8D1CB71,0.3044054536448258
CC_DE90D07B269D,0.23754274666315128
CC_DE9A62529780,0.1428357822190784
CC_DEA425EA8441,0.1008549254189815
CC_DEBE01582EFF,0.19158189773460887
CC_DEBFD4E79A38,0.041030138732957605
CC_DEC97F13CB8C,0.17832722233231463
CC_DECF1507C86D,0.16106277700946917
CC_DED24C8D047A,0.1128558904873324
CC_DEF4AEBD31C8,0.26475530653647744
CC_DF062F698349,0.11371144538070352
CC_DF13D5CB626A,0.09492791497545448
CC_DF15C526CDC5,0.05887967055077911
CC_DF1F6C68F7D2,0.1433916611611222
CC_DF3EB88F509B,0.14063862097215013
CC_DF4E332C886F,0.032562883646843246
CC_DF514171DC30,0.16657722441739453
CC_DF536CEAE5C0,0.06920138145662075
CC_DF5806CC2CFF,0.1471149215497428
CC_DF715690EF20,0.2554351289671435
CC_DF718A37AF15,0.09709015164117749
CC_DF7276DD74AA,0.09830743458114578
CC_DF750B2D6872,0.3975384687544179
CC_DF9FB6670627,0.07031484111575181
CC_DFA65A0125D9,0.05896286633503014
CC_DFAE355359B8,0.21984027827304642
CC_DFEA562F7BCF,0.278752516193393
CC_DFEDAF0F0D6E,0.040430465700002784
CC_DFF6F74C64B5,0.6833126608927595
CC_DFF87DF16763,0.1389570069057909
CC_E00D8ECE9FA9,0.14734657434093998
CC_E027E36615C0,0.5012771885092517
CC_E02E23CE49A8,0.0937146445237419
CC_E030B3AEBF19,0.1456911974655774
CC_E031A4C862C1,0.17761926598356645
CC_E0339B331F4F,0.08720628642821267
CC_E038981B2FEE,0.1353567856852901
CC_E0463868968B,0.14660111888698363
CC_E05A8621B581,0.3174493993072329
CC_E07FB0312232,0.16250698948092412
CC_E088594E0624,0.17372049024606584
CC_E09AC3B1E534,0.0907020573126215
CC_E0AC29AFCF97,0.16608945943158515
CC_E0BAC6E0D0DA,0.06159560243466095
CC_E0DDDA07F0A1,0.12356000560993838
CC_E0DF45AB72B6,0.24100383310460147
CC_E0E1F8E7379E,0.09245115235693624
CC_E0EF095444A5,0.1675572013524093
CC_E102E4F7F8B4,0.18867498861196996
CC_E109B4CA6A8D,0.11883542007921336
CC_E11470A2D92C,0.43255393758022415
CC_E117B8A6ADC6,0.038451529089246296
CC_E128015073F3,0.09772097534712379
CC_E131D5EB9237,0.21282835833295183
CC_E14A24095E9F,0.16798047722620435
CC_E14CADF89123,0.544016824881518
CC_E16876025011,0.05322498497030431
CC_E16C71C15D04,0.6568221774442413
CC_E16F1BB83653,0.05426821207373189
CC_E17448FB08EF,0.614967137208378
CC_E17AAACEB07D,0.09364945073552937
CC_E1875522DC57,0.1338743223601056
CC_E18A0734641A,0.10810208699919294
CC_E18A22453843,0.09091736235789534
CC_E1B4E3360C0F,0.17912472235737228
CC_E1B5AE645169,0.059931811267540006
CC_E1B71F6B7DD2,0.3352684953287729
CC_E1D073F693A2,0.3092373529995646
CC_E1EA83C31C66,0.09728313435775876
CC_E1ECAE226485,0.26548790834060687
CC_E1F0C5076481,0.07266735244923961
CC_E1F78CE289D8,0.05628083415484243
CC_E1FBCECE0A54,0.20101864551970444
CC_E1FD46CA26D5,0.09814792738816863
CC_E20E7C7164A6,0.7486568356525773
CC_E211E2698C14,0.03617248049358661
CC_E21B4F587C45,0.14299667739193184
CC_E22A278A1386,0.06588930798346126
CC_E24078C03B7C,0.14031162914466305
CC_E2452737F950,0.14904290194225153
CC_E246119AA09C,0.717373256590975
CC_E246942C7310,0.07706374875754388
CC_E2474A334F3D,0.09054584599542959
CC_E2489637D0E8,0.14098529594529446
CC_E2521AF9C2A2,0.0873658071096653
CC_E253F4AC4762,0.5701391397723827
CC_E257805D0F0A,0.17111551929250607
CC_E25A924EDB70,0.1026246690238817
CC_E25B5D5502AD,0.10609516872251445
CC_E2619E24BEDD,0.6915452259089419
CC_E274DAF3C064,0.07390049093023178
CC_E2787CBDFBF1,0.14820498609271848
CC_E28AE2E68BB7,0.6732077901965711
CC_E2C3E272D059,0.26166800478164115
CC_E2D653061523,0.4052190321465175
CC_E2ECDC7D23EE,0.1548658387569027
CC_E2F0E725C3AB,0.061876757480875136
CC_E2F7712CD056,0.19538686337933853
CC_E2FD7FCF0AD5,0.7900564557716524
CC_E308C7DFB2F2,0.15138870810476954
CC_E30B791D5F11,0.22731779510470224
CC_E315F7A94400,0.3349549693868312
CC_E31DAB1E73F5,0.05380968746948792
CC_E32034C97E83,0.23781274362553223
CC_E32DBED5EAC1,0.25236322763525226
CC_E32DDDDEE3CB,0.18952879066186207
CC_E343EC3EB052,0.6550214591113351
CC_E34A04E78D60,0.13224521111063287
CC_E3503B565AD0,0.33789685509451517
CC_E356B05ADD56,0.2110045638979906
CC_E35D02BE6780,0.026842981545232493
CC_E369AAECB2B1,0.48897950141282104
CC_E36ACDB4F96F,0.44727721005988613
CC_E36C7F0E1657,0.8722967212682087
CC_E381FD4674D5,0.03282310534361464
CC_E38E3835121E,0.05160058084299904
CC_E3A70438A0C1,0.2347484957258389
CC_E3B5C76189F3,0.21362060150166254
CC_E3B7B7E57889,0.19390317450687383
CC_E3CCC0D886D9,0.18664255194355964
CC_E3DD8AD10171,0.2621008731643528
CC_E3E230CF20A1,0.2166402631901883
CC_E3E4B2543CCB,0.07914513601113501
CC_E3E5DF01E014,0.17851478564993453
CC_E3EB157288A2,0.09749749897545402
CC_E3FBDA203EDF,0.16912123629898992
CC_E404FCA6CB2B,0.7039647823989362
CC_E4054F9C8442,0.2918111467790398
CC_E405D808772F,0.04602696056730936
CC_E4137B250609,0.36348137544598136
CC_E41482A7E968,0.07804067618575469
CC_E421FA1874F4,0.10754835002390281
CC_E42C38BBBD04,0.1642693486005822
CC_E42D90BFB285,0.05528944018444178
CC_E42EFC05C891,0.08596978690061907
CC_E430F3C75969,0.10111707751386884
CC_E4576D6B6478,0.12062550991882567
CC_E46B27A13728,0.4121624480068343
CC_E4783FB590D4,0.16605522691344224
CC_E489009C6500,0.16516158298449513
CC_E493CB46177D,0.09946500451448176
CC_E496AFA9B40A,0.3018372340922285
CC_E4A2FFE0EE1F,0.11282758351664776
CC_E4C553538385,0.3333558512387689
CC_E4C7B5501ED1,0.1614945628436238
CC_E4C8A5A60F51,0.17131463781346254
CC_E4C94AB69214,0.4068235472875966
CC_E4D75244E8B8,0.17475808412689142
CC_E4D9A8EEDBAE,0.2154200898738584
CC_E4DF787730AA,0.13854541225793154
CC_E4E0DC070132,0.1396138285337129
CC_E4E3C08B7F86,0.060726562351349274
CC_E4FEEB4389C9,0.39519505949218225
CC_E50598344DD9,0.4049403850039175
CC_E50C634A9A18,0.03579948506817274
CC_E5107337FDD7,0.05098156240377477
CC_E511BFCFEC9E,0.6497335110592254
CC_E51318749E09,0.13737900402688477
CC_E53FE6708AD9,0.7075006369857411
CC_E54290FEA34D,0.11546197391962548
CC_E54B723C018B,0.04763486730384988
CC_E554618F383B,0.09833149751576746
CC_E557336955A2,0.09504551503446684
CC_E55B48E73651,0.18033290155370268
CC_E55D8DC645B9,0.05684000803335823
CC_E575DA02C575,0.2261389296641083
CC_E576BD98A727,0.20394071450700438
CC_E578DC77656B,0.1551266985633833
CC_E57F3EAFD9A3,0.15088643365117385
CC_E59A01603B7D,0.2937630897118707
CC_E59B2D974CB3,0.22047974268773063
CC_E5A1C44F0F07,0.685140951908208
CC_E5A8BDF6BFC1,0.1593912797681959
CC_E5B284DA0E5D,0.09547959208421988
CC_E5B8363BB378,0.6049244850018535
CC_E5D8BFFA5F88,0.07756578337299214
CC_E5DA04902EFD,0.24115298691089418
CC_E5F53CFC20EC,0.07466195424275349
CC_E5FAECE63C59,0.5778152662769771
CC_E5FB6E872C58,0.04931291785306932
CC_E6045565E7ED,0.08677494341971266
CC_E60845ADC7F1,0.045198689717207335
CC_E61567D6B392,0.11861419356392766
CC_E62174AFA94C,0.1296173465399959
CC_E6247DD14641,0.08934022484987605
CC_E6289A61F0ED,0.08439725275507699
CC_E62E32FB6FBB,0.030490674906530946
CC_E62F6BE942DC,0.2211657105824396
CC_E63E49B128AE,0.07403693537355581
CC_E63F89885A3E,0.7781643602162779
CC_E6466E6A92CB,0.26299120553168265
CC_E64BC95F8B2A,0.8413117816644061
CC_E64C652BBAB2,0.07111990872736755
CC_E659DB355476,0.17716420583810755
CC_E65C8BA5A7CE,0.0696753696889619
CC_E65F39446752,0.3287446781790634
CC_E67395791589,0.17178663799877553
CC_E67622A69EEF,0.0793278429449617
CC_E680830CAEF3,0.06476057271752696
CC_E6823643AC4C,0.6373879273912096
CC_E683F33931BB,0.13386011822507313
CC_E68841DEB163,0.0923270235641726
CC_E68B2C33D180,0.13456606085116937
CC_E68EE6EC2618,0.05397298001841648
CC_E69508D3D3F1,0.17874446264059568
CC_E698F1348426,0.1787071354984916
CC_E6A178F3709D,0.12894903077597564
CC_E6A4B6E8619C,0.6332506610441045
CC_E6B3887C66BB,0.2822897611651637
CC_E6B6BBBDBEDB,0.2920089213896174
CC_E6DBD0F9DC3B,0.08406138113327159
CC_E6F090F70DDD,0.29686564754296974
CC_E6F2D8CB45C6,0.10020882164607067
CC_E6F8FBEDA2A7,0.10781091621374017
CC_E70854CDFE9C,0.06673709678551928
CC_E71C05F07F85,0.0704933355880155
CC_E72797CABC60,0.07278926378465873
CC_E727C1153226,0.10440232773457628
CC_E73489D828C7,0.119900447669338
CC_E7355465CE6A,0.07487213897344003
CC_E73CDBC743FF,0.21936466648388997
CC_E74F00E75A4F,0.06580002628139957
CC_E751F7E19192,0.12469668274992068
CC_E7522AD6431A,0.552579721658656
CC_E7523630D2D9,0.23936929111818
CC_E767372DD95A,0.5832032296693781
CC_E76C5DFD3BA6,0.2184137149574488
CC_E77326438575,0.19823638433769636
CC_E77E29E11EB1,0.1404463495660778
CC_E78F20B3223F,0.7156086467018612
CC_E79A23E64518,0.08942160483287787
CC_E7AC69AEA182,0.7562328787842028
CC_E7B754CA9668,0.05914158341402263
CC_E7BA60365AE8,0.13341958181996683
CC_E7C95D4A741C,0.07592498917505455
CC_E7D3D728EC5B,0.17378111179302844
CC_E7E4D5F851D3,0.06761139293312377
CC_E7EA49D37B64,0.34661998324927823
CC_E7EF11A24F73,0.7859398374860515
CC_E7F6F9A7EC65,0.08946802938414697
CC_E7FBC7F69DBB,0.21806712024811611
CC_E80B1A55A74D,0.14786911893844756
CC_E824AB0AFDBB,0.20752986349147579
CC_E826DAC92D9D,0.23274188492961662
CC_E83AB7100D06,0.13668462893651573
CC_E83E6D31EC76,0.2192425470999615
CC_E86650461FBE,0.16223156280958917
CC_E868A3754B11,0.8673526748405205
CC_E86A993F7D05,0.09382389654923277
CC_E87992FBEE80,0.648899444049497
CC_E87B909C4DDD,0.18455412481359948
CC_E8828BA7EE08,0.12431215452998687
CC_E886157F6FBD,0.32526085454014786
CC_E88711C5C98E,0.10269767204945585
CC_E887680BB6CC,0.1623783554777105
CC_E8909BF77D8D,0.10823670083977872
CC_E8A82DA3A246,0.16515467037870984
CC_E8AC7545DBD3,0.08494486318811251
CC_E8BA6B224C3E,0.10743338059579534
CC_E8C6CA45BF72,0.18491302911172883
CC_E8D2E3126A8F,0.6791214193350813
CC_E8E55DAC4FF9,0.0635127331136858
CC_E8EB77AF3F78,0.8249975527905024
CC_E8F2C6905503,0.38227033518220815
CC_E90831F897A9,0.20127200604455248
CC_E90B14D51185,0.505053285797685
CC_E9188329C9E7,0.09102899507804127
CC_E91E1C0C0C61,0.6821055834290232
CC_E91E9D34C5F3,0.1129479551141383
CC_E91F555DBA96,0.12979483574831222
CC_E932CFF4B4A4,0.24403033716392053
CC_E93643CB34CA,0.15841215024745245
CC_E937CA493910,0.1586400639523196
CC_E9409A50B4BF,0.5318870585190012
CC_E96711AD5512,0.05939490397496485
CC_E96A3E6912B4,0.4649151219242903
CC_E98AEE74B9BC,0.2220385326403541
CC_E992FB78BC2D,0.2825612795737088
CC_E9A3AECEE3A9,0.07227087868756636
CC_E9BDA7766728,0.2774910266894314
CC_E9BF1AFE86C3,0.1772714195113175
CC_E9CA055AD1A3,0.1157912274648193
CC_E9CA0A56E917,0.20900200688817527
CC_E9D3453F53AC,0.5728892697391416
CC_E9D46EFFA839,0.21745787901705893
CC_E9ED872B6037,0.04464198176297057
CC_E9F40C1B559E,0.12884190470263165
CC_EA06928C0AA9,0.20292800915108958
CC_EA0A46F64C80,0.1367766921636395
CC_EA114B15FC04,0.5748535017139468
CC_EA1F3F67BA2E,0.07776629787540583
CC_EA21618614D1,0.7048904666607458
CC_EA26B5A89181,0.2147123599243907
CC_EA26C6C27662,0.18429290167304604
CC_EA3B5AC76649,0.23279189142171453
CC_EA4E669C8528,0.07368584601745445
CC_EA6917E7A5C2,0.7460274459397529
CC_EA8A25862433,0.1270048358522773
CC_EA901D7CA670,0.16205306117709434
CC_EAA2BCE323EE,0.7117503476105531
CC_EAA6D5189190,0.11157649609163539
CC_EAAA8DD7FAAF,0.15647206043156894
CC_EAB7408CCE0E,0.3127378320947705
CC_EABEDB3C4827,0.15378828675584857
CC_EAC6D83D1BFC,0.0350620883800493
CC_EAD7F3E9DAD1,0.05166536429767766
CC_EADC7D8196C2,0.23550935244022864
CC_EAE608E24E29,0.038500731199683925
CC_EB05AD2C7C27,0.04657428103618204
CC_EB1DA337E2D1,0.1386067189929488
CC_EB1F425EC937,0.1100847712885901
CC_EB2FE764BF6D,0.12783051855548735
CC_EB55483587DE,0.11598705214553007
CC_EB569B3E2E12,0.5900543349005161
CC_EB57E6E6C96C,0.19311454916395565
CC_EB5A0FE0605C,0.10764531221094253
CC_EB64EC97D01D,0.11636353375659134
CC_EB691249B91A,0.1656536895541468
CC_EB7C50A7D4C1,0.4830939612737445
CC_EB7C52FDBEC3,0.16621166459017953
CC_EB86FED24535,0.2668096224832819
CC_EB89DECC2021,0.1171034784413108
CC_EB999F9D6095,0.190070102467976
CC_EBA2F85924CE,0.07823248038467534
CC_EBAC5A53FD11,0.07549198110962377
CC_EBB109EF7619,0.18055697955211336
CC_EBBD00C18763,0.0454877984107583
CC_EBCA68C7854D,0.0695036742498174
CC_EBCBDE122879,0.1442944851220623
CC_EBDF6C88BBA5,0.08419304861394084
CC_EBEDAC91ED43,0.09045359569668766
CC_EBEEC4183FDE,0.05570962693833548
CC_EBFD9D007253,0.47784758601874794
CC_EC1ABC58E09A,0.17537715264212372
CC_EC26EABA68DC,0.7912366324085356
CC_EC2A485A3E71,0.17818824103993353
CC_EC3B9E2FE47B,0.08536291237308576
CC_EC505F03EE5F,0.036928840930617435
CC_EC5317EC6706,0.15928175929878996
CC_EC5B7FBD1EA7,0.1250156600604433
CC_EC5C7471FFC5,0.06867364703936617
CC_EC5D92B3617B,0.18048968385923023
CC_EC5E214BFED0,0.6664212885107131
CC_EC6406527201,0.12505396666484095
CC_EC79022358C6,0.30337802371437583
CC_EC831A90189F,0.09455687398616432
CC_EC87C131FADC,0.04361151995608242
CC_EC88785D6F39,0.15862341361644636
CC_EC9173F5284E,0.03456558692175658
CC_ECB7B3B6272E,0.06646031989173769
CC_ECBF4CED56D1,0.11739929822383453
CC_ECBF80B94EAE,0.7885896099085001
CC_ECC78B7AE3F1,0.5525670333410378
CC_ECC7E9E691F5,0.11233062039467505
CC_ECC9235F612E,0.24874426812068082
CC_ECCB0BD557DC,0.1342224047245285
CC_ECCCB1B4EA8F,0.09208248489246472
CC_ECDDF4983DD9,0.0516485118652176
CC_ECEE93C4F564,0.5856236687339881
CC_ED07BD8B2CB3,0.053808671980177455
CC_ED0F4A02A01C,0.2411950436240789
CC_ED11D72A1D3B,0.0650567901196511
CC_ED165FC5A06F,0.06335386906901432
CC_ED2B6A40ABC7,0.22083426386097732
CC_ED390F22A931,0.08488848610139425
CC_ED40E7CE5177,0.18685225478217404
CC_ED4E4B13DB1A,0.038983837553753675
CC_ED4F22572419,0.15804548645796604
CC_ED5AE5CB1DC5,0.07086825535261489
CC_ED6090A4E6E4,0.19710865144300763
CC_ED645D91E6A5,0.10646164175370534
CC_ED6B045B6075,0.18057908235392506
CC_ED9313C71C57,0.13957547415537463
CC_ED9BCE7C776F,0.7311228360646613
CC_ED9D4644716C,0.17826091380399683
CC_EDA794402358,0.27699486893250325
CC_EDAADACD4DED,0.10354817322679785
CC_EDBAD2E989FB,0.15634860045933818
CC_EDC98B474E76,0.31491430281025073
CC_EDD1FD49A66A,0.7459111865770205
CC_EDD448008C0C,0.6817153350280036
CC_EDDA3B790095,0.07228612201148728
CC_EDF95BF0E3D6,0.21737487133146083
CC_EE03D7C2BC69,0.06177946108064743
CC_EE0D95184E81,0.04809790647568701
CC_EE0FF690C214,0.43443915914534786
CC_EE2412C352D5,0.08749682601739339
CC_EE2A010019CF,0.08213037413475326
CC_EE2AC730827E,0.057436475085093905
CC_EE3236E6A9FD,0.12901979340405154
CC_EE3759EA49FF,0.15673446924263643
CC_EE38C78AD88B,0.42005463267638027
CC_EE3CE0FD6B77,0.6370940246330086
CC_EE6B7E58FC63,0.04583328028637654
CC_EE6E02464067,0.2672341695434409
CC_EE6E1FA7A753,0.1374613258798318
CC_EE6FCE6C233A,0.22956503018049182
CC_EE88C07B9333,0.08081403930824074
CC_EE9004165810,0.06920237044824532
CC_EE9BD17AD343,0.05014942748662274
CC_EEA608D5A455,0.1605965778443296
CC_EEAFDB1BB486,0.526542461484743
CC_EEB482736C41,0.2327784100671298
CC_EEBD9DA093E1,0.04906093414012759
CC_EEF23DDD2262,0.13484936248665216
CC_EEFBDC9AD94A,0.07850549342469838
CC_EF05000895F4,0.4626506369955354
CC_EF16B2CE0988,0.34798171496326247
CC_EF1DD3F0CBDF,0.06751180562515707
CC_EF2D82085BB9,0.09604915383340372
CC_EF2DBE79D656,0.2768875522508557
CC_EF3000C48A4C,0.07136994717600043
CC_EF359AF608EA,0.03337924560254362
CC_EF362432D758,0.2922912682096708
CC_EF548B30F1B6,0.2063309798949476
CC_EF5B403DFD7E,0.09699333291161907
CC_EF66DA0DDF9C,0.28017623684276893
CC_EF70BA4AEEC4,0.16706592703724374
CC_EF83DD56FCC5,0.06430489400505894
CC_EF8B642A6F8D,0.0731638028021663
CC_EFA1EB27DA19,0.04334150402952987
CC_EFAE84EA9BDE,0.08483298507479188
CC_EFB26BEA106E,0.3477669606182724
CC_EFBB51CD8502,0.1919613974251001
CC_EFC18E9B3B55,0.10764801337071317
CC_EFC4B0020E2D,0.14006405540399297
CC_EFC9FA5108D9,0.14835653626816908
CC_EFE45D9B9D9C,0.045629211146322075
CC_EFF27FA98DF1,0.07425274397993084
CC_F000DA497736,0.2442775986500876
CC_F00107DE219E,0.6740353225155198
CC_F009FC54A64B,0.7595206686083451
CC_F01DF28C6BFF,0.1046325372623384
CC_F037C91F63BF,0.14477790307651503
CC_F03FADA95A03,0.7252595985215619
CC_F05235F3C894,0.11328271251718776
CC_F0649FEBFEB8,0.4849546317248076
CC_F066C78B5C0D,0.1426080266001995
CC_F07313626618,0.6393804637164602
CC_F0783F6A56F5,0.7784468382097818
CC_F0791523691A,0.1681268103590781
CC_F080750455CE,0.06073428436105314
CC_F0809EBB0B51,0.031778504910988103
CC_F08259F86E23,0.16969623340108503
CC_F0929F859702,0.17921724334792133
CC_F0A7203CCA39,0.14758230389233257
CC_F0CD4DD9C63C,0.14105324654132034
CC_F0D29AD328E5,0.1658519533387626
CC_F0D339E5B80C,0.07008329675282059
CC_F0D3BC14FA77,0.0837339591049154
CC_F0E16D28D49D,0.17239149180134247
CC_F0EBE2C00A7B,0.06390357137258264
CC_F0F137758DC2,0.0647025809345122
CC_F0F6BD40CA43,0.33386588077506163
CC_F0F6FCF6010F,0.17944051548331336
CC_F0FBC9D4ECA1,0.036526471975912064
CC_F0FEE924096C,0.22461270069321845
CC_F1074E035DE6,0.06320226031912095
CC_F108D26930FF,0.31840579740700753
CC_F10DB853B9DF,0.36644617966085347
CC_F10E06D52D76,0.13970303679145984
CC_F11F5F477B91,0.6538905252169048
CC_F14913B5BE1B,0.759621945359697
CC_F156C1647E3D,0.0831269790058998
CC_F1598097E314,0.6379689795122896
CC_F1641E3AAB3C,0.052730814543416035
CC_F166878FB959,0.05702140468718335
CC_F17540FE7C9F,0.11750753127063789
CC_F175BB08B29E,0.05686045504663299
CC_F1782AF286D0,0.36318035048563946
CC_F1796AD4B774,0.6695295651899685
CC_F17B3A3A5E56,0.613768888033162
CC_F1858D6F0080,0.1461006431769286
CC_F18689FA8E29,0.07411137459354614
CC_F18A82B0F153,0.12701567834907254
CC_F1AE7142A128,0.12262037779472022
CC_F1B43DD57C9C,0.11863334261710623
CC_F1BCB7676492,0.09293282601522965
CC_F1C8B8BB90AE,0.16334786542347268
CC_F1E044CD2D75,0.29872461524129323
CC_F1FCB96B5E14,0.2711011412149445
CC_F2067E92A939,0.14638651319388718
CC_F21512554CC9,0.08955386396567873
CC_F243956B7575,0.08622412702895924
CC_F24FBC9FD3F7,0.3243378429276154
CC_F252EB3F208B,0.06226687727808723
CC_F25D793346CA,0.3406187171046491
CC_F25EB1ED5AD9,0.08279757638650703
CC_F265A0AE845F,0.6923376385550799
CC_F274BB4AEBE0,0.06650166836149433
CC_F28BF2185131,0.08347725072452125
CC_F29077E45AF0,0.21817697409991918
CC_F2988560CAB8,0.355304756573966
CC_F2993AB36C56,0.09261593183048208
CC_F29D6C65779E,0.07465834357028282
CC_F2D2BADD0000,0.07005520316128694
CC_F2E4AEB73D57,0.12092434018927081
CC_F2E630BAF431,0.04553703103666476
CC_F2EFCB40AE74,0.1426557959435261
CC_F2F085891915,0.7242336815387209
CC_F3030E2C80A0,0.18539086153409834
CC_F3044C7C16BB,0.06029272054804426
CC_F30B21CB4603,0.10731392058031816
CC_F3140FCE870A,0.08914280057272743
CC_F32A84B321FC,0.15161018332151482
CC_F339FF584607,0.24361546763386868
CC_F33CEE0F6DBE,0.37804801160817425
CC_F33DAF3E9CF0,0.12484374023478365
CC_F34EC3FF202F,0.0839124711374791
CC_F35A6C383B39,0.21376850649609913
CC_F360E0FF27CA,0.07547897136399534
CC_F36B7AEC0086,0.1083190872369221
CC_F370665BECB8,0.6206234751810801
CC_F373A60E53E8,0.04204029401407813
CC_F373BDAE18B2,0.07247183311728166
CC_F3745BC63340,0.08684970854827972
CC_F37DC9169301,0.1830686760450231
CC_F394E57C5243,0.22058202069219757
CC_F39E98FD418D,0.08518284464167733
CC_F39F51452381,0.04820758449472523
CC_F3A52465664E,0.06854232531363649
CC_F3A8CF761A0F,0.22191887199946736
CC_F3BF1709E29A,0.3594037277285969
CC_F3BF72C29211,0.06610271669556256
CC_F3CF35465CF1,0.06365137750457449
CC_F3E2186DBD4F,0.2755610162000551
CC_F3F0F9B9B56E,0.16083147006737028
CC_F3F185395BE1,0.1056611124786074
CC_F3F68E6599E7,0.05561389696968792
CC_F3F7763C9DFE,0.13738028487851717
CC_F3FFF13592CE,0.05944946077437144
CC_F410C3CE89E1,0.15127292260733294
CC_F410C8B811FE,0.06472499657711361
CC_F4132072D78E,0.10251917633017119
CC_F4157B8E5B32,0.5481985263900475
CC_F41CF067E828,0.11562209226052947
CC_F41DC456E539,0.051504272445766594
CC_F41EEF55A0EC,0.045087247795559754
CC_F426B5C1F07D,0.3452037849846144
CC_F437875F9000,0.17548361710525096
CC_F43C961F8A30,0.1364523266509994
CC_F43D9BF23472,0.06115963257892642
CC_F444BE033109,0.1494870863271209
CC_F4481124F17A,0.16008472847608843
CC_F44EAAF80F70,0.13322795792820655
CC_F4521F6D3492,0.4700143442277109
CC_F46BD9AB1B68,0.12274772619025373
CC_F4763AA0B824,0.6203556929850631
CC_F47976F33E20,0.20764631018776408
CC_F47E588D4470,0.2071215720628085
CC_F4A2777912C2,0.1139868317222503
CC_F4A6C2B23685,0.06877656512541488
CC_F4B3EAEEEA8B,0.04468193758794775
CC_F4C6CD1E720C,0.06982645058302381
CC_F4D05DA98C83,0.07109651676144632
CC_F4D15889CDE0,0.1525336448936384
CC_F4DEC1E6173D,0.051795268345612995
CC_F4EFAD6AF8BD,0.30547944773222807
CC_F4F7835A1FA2,0.24510295641230234
CC_F500597795FB,0.16333062979402282
CC_F5197FA9580F,0.6835882942099394
CC_F5240F59146F,0.08498009714371499
CC_F534A0B87C3B,0.16537498233033066
CC_F536972BFE98,0.13547121007125335
CC_F54FDFE5A5C8,0.0779122530331628
CC_F55727F65F86,0.19347043185393503
CC_F558EBDCDD6D,0.14231595726361368
CC_F56D569AC51F,0.07943075554079762
CC_F5714D180EE1,0.11579002111031293
CC_F576ED9554AD,0.3492247902110779
CC_F57C2559358E,0.17825184619927611
CC_F5AA72FC0972,0.10452487343921277
CC_F5AE7DEA2B48,0.0852969925602945
CC_F5C6A5E9D495,0.16374656401528123
CC_F5E0731F2181,0.19430366984137964
CC_F5F4F3B03FE8,0.7643970579305164
CC_F604D7B9CBD9,0.20036130871662117
CC_F60F13391D61,0.1647204777075374
CC_F618D72DF162,0.08153632176530398
CC_F620B15ACC5D,0.07371853890205174
CC_F62D426D6614,0.1272481572498143
CC_F634999D5C1D,0.02926917514750754
CC_F636E5BAEE47,0.18774706473636943
CC_F6461B692240,0.678775165925448
CC_F65BAD63AED0,0.20247385788301026
CC_F65DD2AC57E8,0.26538050043774214
CC_F66C6577674C,0.05327582698691069
CC_F670896FE959,0.1754544117995273
CC_F67376F272EA,0.689305047384364
CC_F67FFE9E884E,0.297927199080567
CC_F683C99F06C1,0.12112789903618139
CC_F68523E2CE7A,0.7390848914117369
CC_F68E62F9AA0F,0.030947172289632827
CC_F69604E05962,0.0800063160400629
CC_F6B8913740B3,0.09433536028546832
CC_F6BB4952DD35,0.23660355843690525
CC_F6C0B7AC57B5,0.6142072054841514
CC_F6D2B06E6E8B,0.6004014147905057
CC_F6EB30A84C9F,0.2613400108723805
CC_F70345A4792A,0.11777742286110421
CC_F7068C1F77B3,0.30571029314363
CC_F70B0EA8C0E7,0.061498533583577694
CC_F71CC97FCE83,0.09896679038564614
CC_F722224A84F4,0.734162142079542
CC_F72D1046063A,0.27009939763259455
CC_F72DAB32A281,0.06549984304177217
CC_F733AA5C0ED9,0.07314026952198051
CC_F74043C1BBEB,0.0588918879918808
CC_F74A31E36137,0.05952545389278191
CC_F756B167634F,0.19621505862968405
CC_F75CBE8E1B92,0.40551465128044883
CC_F761F7EEAD39,0.14971161034751673
CC_F79303D62FCD,0.08942473278078479
CC_F795134B52E6,0.6297850148733295
CC_F79533E83ECA,0.09447939504536461
CC_F79F9A7ED432,0.7428951290634387
CC_F7B2FC73E020,0.04856341668561924
CC_F7CF24594B20,0.07283338164400689
CC_F7D31937AA89,0.05164465032704534
CC_F7EFD378035D,0.328529994320712
CC_F8014B1E00D6,0.04338769963263476
CC_F80ADE95A7C8,0.057277970856591004
CC_F82E58E476A9,0.12471640503319538
CC_F82EB123CC19,0.20681117130262505
CC_F83088660331,0.08602031002426752
CC_F83C6DF6A815,0.5886681088683939
CC_F8620C4F7581,0.16480033663010799
CC_F869F4DA5077,0.8072689802661273
CC_F86B1C53EAF4,0.1845520995915275
CC_F87B7F26FF51,0.24797344579140032
CC_F8803D1C899B,0.0634894061171346
CC_F892E51AC9DD,0.05160185961905386
CC_F89C185743F0,0.1491501025278146
CC_F8A4D45C3769,0.09451270989461968
CC_F8AD68EA5A16,0.1881507311687245
CC_F8B4DBD0CE8A,0.3521524564203182
CC_F8F3E551F166,0.2620999672692612
CC_F8F9FE2C9B65,0.2666339560048636
CC_F912A50D0DD1,0.15472369773698424
CC_F91B7C2B1AFD,0.09843162402711284
CC_F925251D4BF0,0.41852054137206357
CC_F925ADD60E7B,0.05871625773028055
CC_F9282C144479,0.07263132176601496
CC_F92EE3287CC8,0.09100073528281552
CC_F93332608FE1,0.14996308152613094
CC_F94070DE3B81,0.06462577476892514
CC_F94C81428D20,0.21513101232303405
CC_F95DFFDA9B12,0.37534472625466486
CC_F96A53B02447,0.5735687501628983
CC_F96A965CDCB0,0.6396571960899451
CC_F9721FEDBE9E,0.17369972113966373
CC_F97C3E145882,0.19599590371542208
CC_F97C64C64052,0.08393560654688162
CC_F98660A07E6A,0.7939451390835708
CC_F98BA4B13724,0.08291937634108357
CC_F9A3F3A76B1A,0.1177935844669554
CC_F9A8E2B3A703,0.12926553430172114
CC_F9B3E7E7F2A9,0.43175430731269054
CC_F9D7D0B1E4A8,0.64392814154439
CC_F9EDA4EDDD44,0.05047836423974573
CC_F9F2176B12FE,0.05667731249872887
CC_F9F90E76CA5B,0.11438778636355754
CC_FA0157249C01,0.11153838752816107
CC_FA169BCA835F,0.08133897837579815
CC_FA19B61BCABB,0.1329625363986551
CC_FA1DD203C293,0.2745354155670414
CC_FA2E30269BC1,0.17707457505049753
CC_FA304CE8E045,0.19679781769855814
CC_FA310759A257,0.6494746508039977
CC_FA32397E7B8C,0.09555184260054596
CC_FA33D97B84D4,0.09530227389386012
CC_FA38991B9434,0.035916984519973355
CC_FA4079FFF1E5,0.17687117795682317
CC_FA716665CD8F,0.08302897980670197
CC_FA770268B207,0.14335043423451105
CC_FA7A2F59245B,0.45225876490408634
CC_FA8205104EBF,0.10397689483839091
CC_FA8370AF8740,0.055744474165886224
CC_FA858F1025FF,0.14622096715766497
CC_FA86320CF6B0,0.05854088585795597
CC_FA8B341CD3EA,0.2504237579157669
CC_FA9057AAF95B,0.09645367648090716
CC_FA97314C666C,0.04870499611184965
CC_FA974C1D91AD,0.37009917158565253
CC_FAA0E5BC9F44,0.7052271311205298
CC_FAA2694D8578,0.32481352678824094
CC_FAAFFC74BC35,0.6849834294598582
CC_FABA6DCF8E45,0.030017873404021407
CC_FABC53294AC1,0.17491018958527893
CC_FAC52B8E66DA,0.10257235542435092
CC_FAD284D8DAC8,0.9137709632753271
CC_FAE70CA5999C,0.12093837344507445
CC_FAF1CCB40132,0.10746343620930203
CC_FAF93D8B3B59,0.05353687290029768
CC_FB09E5481B64,0.13703014257507848
CC_FB150A1F7C3B,0.11294671679761234
CC_FB1808471515,0.3702847481295539
CC_FB296D823CF6,0.07004225028698055
CC_FB301E1FA7FF,0.04084925817625934
CC_FB33C958A19E,0.4360972652775629
CC_FB40D63FC3D3,0.1568974939090028
CC_FB45A1837AD7,0.10986735738809786
CC_FB45B79CED15,0.11465996075324861
CC_FB52260232E3,0.05461275310708994
CC_FB6A0A7B8813,0.21475035896450018
CC_FB6ED10D82D2,0.09682321179843231
CC_FB78DE84AF05,0.03416264139250284
CC_FB8DF8F93E7F,0.2105383905797647
CC_FB8F89048B89,0.08933324993428227
CC_FB9C3E77A49E,0.12357067139626009
CC_FBA40CEAEA18,0.09398353036474119
CC_FBA998938FE5,0.16500163770231963
CC_FBADBAFCD1B3,0.2682172087180196
CC_FBCB85E21ADD,0.16510463642900503
CC_FBCD00EE4402,0.133156704680426
CC_FBD40DFBA5D5,0.25624379962842764
CC_FBDECF3DACAE,0.23028265310338894
CC_FBE4E2F652EB,0.20362555994901121
CC_FBEA9510C687,0.2408738629447277
CC_FBED1E2E1CC0,0.1408144692238817
CC_FBF54E48EB13,0.0541802147520481
CC_FC1E279EF320,0.06033338525082542
CC_FC2E1D460089,0.09694717427052682
CC_FC31CBD20CDF,0.14013710471315036
CC_FC41D8134A1C,0.07659264966666751
CC_FC44D7EF257E,0.04738550988754917
CC_FC4A649BDD07,0.21400210630734104
CC_FC51BCDBB6B2,0.1438674468998975
CC_FC57B6E79AAC,0.16885711467706055
CC_FC6AA879D9CF,0.11923692695486365
CC_FC7A926F3A64,0.7027194431747246
CC_FC83CB9C71CD,0.045744880426776026
CC_FC9E6D511294,0.15732902387301484
CC_FCA657E69930,0.34672942783145416
CC_FCB451237214,0.7956060583675659
CC_FCC7E51DF812,0.3874765832126637
CC_FCD42ECC012B,0.049941022192805155
CC_FCE8FAEAAEF1,0.10167512356585717
CC_FCFAE9BE2522,0.3648990541419599
CC_FCFDB5DFE5D4,0.0951834221574218
CC_FD24FC7961A5,0.09410525973209768
CC_FD2793DCB5EF,0.12534186847960313
CC_FD2EEF724088,0.13430185791017002
CC_FD3205367675,0.09241595448786659
CC_FD3A21CDCA7C,0.11397540742632818
CC_FD3C4C2FB68C,0.17051920940251675
CC_FD41687DC1A0,0.13158376108532238
CC_FD44B4E31EFE,0.07914854923244646
CC_FD5721556AB7,0.07188874598147361
CC_FD643C174587,0.3417195228482841
CC_FD6BFA30DD9E,0.1859207543926886
CC_FD7C9DD7F11B,0.14914709300764534
CC_FD7F2D90CF8C,0.06385523120772016
CC_FD8C4F601909,0.06122941679585527
CC_FD90B45AA24E,0.10029532414119285
CC_FD95457772AB,0.06883582707783416
CC_FD9D9B58DB1A,0.1948438013649525
CC_FDA918AEB5D6,0.615444192836038
CC_FDD4C2065540,0.28913983449914704
CC_FDE57A2C5156,0.19622845281002285
CC_FDE9920975F6,0.22174475852511016
CC_FDEC856F9C6D,0.07120585296977577
CC_FDEED2AA92A3,0.41025240520347284
CC_FDF5607ECC1B,0.06463312043613796
CC_FDFED3D7E70E,0.1547454815843328
CC_FE0324F99784,0.11290176105852054
CC_FE0A18D6570D,0.04949672938739682
CC_FE0DACAC84BC,0.22972233943788836
CC_FE16586C9FAB,0.20611077696201752
CC_FE16FBC86237,0.1692917466561295
CC_FE1C808C4515,0.0736036234629539
CC_FE1E64201B9F,0.11687747326500264
CC_FE33D60E29EB,0.04046689118816819
CC_FE3ACE674BEA,0.14087159859598886
CC_FE468E9AA9D9,0.034717202316257384
CC_FE5AA923C220,0.1610182556163577
CC_FE6C777DDC19,0.06393082893339253
CC_FE6DD8C8EC90,0.24077608251770038
CC_FE7A84AAA8F7,0.14110488593053916
CC_FE7DB6B410A4,0.14803532088056168
CC_FE8691B1F3D9,0.0778273282839274
CC_FE874279A94B,0.10667262997019321
CC_FEA61499305D,0.19337612808496582
CC_FEC22B334AC5,0.14673332032151087
CC_FF045F9508F2,0.1486400750251979
CC_FF0EFF711598,0.23898038166940477
CC_FF12F53D5676,0.048930061681798004
CC_FF13D426EC1C,0.16895305171254418
CC_FF16A7C8600F,0.24079160897728508
CC_FF2236DC115C,0.44890055402834217
CC_FF2725428B6F,0.06283484114681745
CC_FF3176D91690,0.12129124800138393
CC_FF393D295D66,0.05490058113006932
CC_FF4598202C5F,0.6090044605507136
CC_FF463A4B3D04,0.26112315975441974
CC_FF4703F7664E,0.051052941912926836
CC_FF86EC3C0851,0.46387728033475895
CC_FF8A580DD831,0.12983196350580328
CC_FF8BD8697ADE,0.13098632794315074
CC_FFA681A2054A,0.05141038229590721
CC_FFB6B2D2BB2A,0.34085948787717163
CC_FFBFA27643F8,0.12969846902321316
CC_FFC81CC80F9D,0.13777659167225542
CC_FFCC9C0763D4,0.10566509035967468
CC_FFD4E33DC920,0.5626846851433457
CC_FFDE11143038,0.06528419766136533
CC_FFEF28047C4F,0.40513666080497
