client_id,default
CC_0012A082B7B7,0.13993087889683328
CC_0012BC27DFB6,0.12385026793076338
CC_001563B2143D,0.13407000517153528
CC_001B46930B6F,0.08704824077654648
CC_001D771E1C9F,0.04989200839066793
CC_0028BD91E759,0.07027944982237068
CC_0029971D7EF4,0.24558910544151272
CC_002B8C00B239,0.03449190406546311
CC_0035DFA86185,0.7655125304948874
CC_0042D11A6D0F,0.05107958044071076
CC_004D21A4ABB6,0.09014785907601966
CC_004EE05FC2EF,0.5579895304772355
CC_0050E546EDCE,0.7953075523032018
CC_005D7F31F785,0.06630173001955099
CC_0079996ED779,0.1964613449941549
CC_0082B4E1D9CE,0.03882955576410957
CC_00B01C73CEB8,0.15720220105833796
CC_00B74FFEEA53,0.19659306810040963
CC_00BF6791C18C,0.09119779845896474
CC_00C5E30B288C,0.31907801832156607
CC_00C68CE1CC12,0.4488271989104186
CC_00CC4148959F,0.17933059285461642
CC_00D428772D30,0.36458583993600807
CC_00D5806C7783,0.07836731031822915
CC_00D5C677C2AE,0.48495197258529965
CC_00DA781C4D66,0.10963514638974328
CC_00E7E2D6B548,0.21254410397348453
CC_012BC0A68DC1,0.08911936013201625
CC_014911033882,0.15712663633362345
CC_014F7EF4E595,0.7008899610628091
CC_016501B25F2B,0.05093896431604356
CC_016767D9B049,0.0208200621494077
CC_017598512EA2,0.1549420635769596
CC_01941532C804,0.19633762856167852
CC_01A66C6E22FF,0.826521676945746
CC_01A684355200,0.19896913884293538
CC_01AC62740827,0.13524943702408337
CC_01B0EFE5DB79,0.24530628462549736
CC_01B876B2988F,0.22893729367189536
CC_01CBB64C1DB1,0.4031951072069298
CC_01DBD993A1FC,0.05777054562585288
CC_01DC49D55C2D,0.015201599689204854
CC_01EF18A3ADBC,0.6026513614355351
CC_020252D37557,0.18447149607797295
CC_020BCDBCA8CA,0.31670375037600884
CC_021A6DD97ED4,0.13769847505124175
CC_022054506F33,0.06819487971756641
CC_0225D6231EAA,0.053338661353074995
CC_024B524B0176,0.015201599689204854
CC_0256303A6DC0,0.22962747586567772
CC_02589E6E4714,0.05673207415326245
CC_025927626E10,0.7078494525314312
CC_0283023DB294,0.034894419527620096
CC_02903C6FC0C0,0.2281911265006397
CC_0296E572CF21,0.025518012608080745
CC_02999E509460,0.6665325313771324
CC_029E835D91BB,0.06710607277183002
CC_02A32EC3526B,0.10691553169965731
CC_02A393632CD3,0.253150375329232
CC_02A3E21B28BC,0.7311570087796921
CC_02A4B4644529,0.09003777476834637
CC_02B43865B30E,0.045394294046461565
CC_02B5A1A178A2,0.16428591672951187
CC_02BC4785773C,0.23686451065415837
CC_02BEDD9627DD,0.6498994632345142
CC_02CD2C1EFBB0,0.09887685872063683
CC_02D4430492D3,0.3715767703886914
CC_02F79A06858B,0.09917409538733066
CC_02FA254C9D43,0.020377229266132696
CC_03062402B4EE,0.06751189934919281
CC_03072CF2EC63,0.3101532739469327
CC_0315369B079D,0.1045306381550928
CC_03199242A810,0.1629139181262718
CC_03214BA76DB4,0.1965426048179109
CC_032735A44CC6,0.06601033587208188
CC_0330340F2FE5,0.19029023954110244
CC_033236FAAFDB,0.16042500470585064
CC_0337298F948C,0.04198728941874339
CC_0341CAE5E2E8,0.20985858968926932
CC_03434E2371CD,0.37924319604692736
CC_03547AAB948A,0.19608698105411074
CC_0354D0453D8E,0.11890431069970633
CC_03592E51F427,0.7047754621707236
CC_0365DEB525A3,0.08223619910709176
CC_036782052BC9,0.3209801429952166
CC_036977A50F1A,0.15230396570721888
CC_03720D08B8C2,0.24858589518415836
CC_038AE599BCA8,0.2901490048219941
CC_039E67CDFE1E,0.40209831114285655
CC_03AC962FC717,0.18899128131165788
CC_03B00DFA3A85,0.8420384000870655
CC_03BC6380E968,0.5163924335422664
CC_03BC730E0B02,0.015201599689204854
CC_03BD4F22DA3D,0.14642314569346263
CC_03C7E1EF6F69,0.8412064986179593
CC_03C9FA383477,0.09529751801555575
CC_03D1AAE90CA6,0.04719941538329398
CC_03DBB9598F39,0.15618736532042798
CC_03F18B43797C,0.09991801110273414
CC_03F80118E46D,0.05521027710422495
CC_0405E0151A6D,0.16767448275663008
CC_041FEE6C805E,0.3665558602960898
CC_042F88EE269B,0.19150620496352344
CC_043D98ED7F98,0.17606339508882582
CC_044C3537B769,0.19145252318237693
CC_045932C46685,0.14476378470745493
CC_04629624AA8D,0.18229859245368946
CC_04690B4A6AF1,0.2417805454878251
CC_046CF40369FB,0.1308008917614249
CC_046D6EC816AB,0.46802048906988686
CC_0475CD95EDC9,0.1265438592924426
CC_04796F06B82B,0.14164809844719245
CC_04AC7C1CE736,0.39430987008724394
CC_04AEDD051B96,0.2985335851612739
CC_04B42AD0E01A,0.28710433803113294
CC_04BBD1DB360C,0.3048771409602103
CC_04C767FFDA0F,0.5220237698620253
CC_04C7B819B9B9,0.12166760854636048
CC_04D127A775DE,0.09908805421982324
CC_04D9ED00053F,0.06682127460989322
CC_04E0EFC4F548,0.2661518526075048
CC_04E6848903E8,0.016473783565126847
CC_04F69D03ECE1,0.24262222834784256
CC_04FA1CFA1DEB,0.23325924015390187
CC_04FA6842AC62,0.015201599689204854
CC_0502F3791166,0.3097502511658031
CC_050B514E15FD,0.17635072212315692
CC_051ADBD6D835,0.11710728690784264
CC_051B4644216C,0.05764407251537747
CC_051C0A644DD3,0.015201599689204854
CC_051CBF566856,0.02920541391461735
CC_051EEA9AE819,0.15177548645994784
CC_0520E27BE904,0.1601209372649507
CC_05224448D290,0.12745068777123178
CC_0525DE4744C0,0.03409052917801991
CC_052F5CD81EFE,0.18586020910758624
CC_05368FAD2E6D,0.08416791850477076
CC_053788B82006,0.09284461609063029
CC_05471A48C6F5,0.15337940108329196
CC_056DBA1A87BA,0.08020415704238026
CC_05901F3E7A0D,0.16203089527555306
CC_05906BC8ED3F,0.1499419293508402
CC_059D55E32C78,0.08737776795815282
CC_05A12EF84A86,0.5054003016904417
CC_05A42D035609,0.1105270580358778
CC_05AD75A5CE38,0.045846859955444005
CC_05BBD4B92613,0.5122788589553083
CC_05C8EF6500D7,0.8040147110804368
CC_05DDB7B07497,0.06957781267145888
CC_05ECAE6E0774,0.24587240549622386
CC_05F11F14DF9E,0.3060110327641103
CC_05FA9192590F,0.1505831128122749
CC_05FD764FB154,0.7819747924425504
CC_0608DBB4DF03,0.2190299485466259
CC_06198383F6D4,0.09461327773550794
CC_06199EBE2B05,0.18679429468485917
CC_062A8881A331,0.058286306387627614
CC_062F74350907,0.059424626596247615
CC_0635AD30F004,0.794229414254165
CC_0639F539946C,0.3769107946153105
CC_063DDB42CF5C,0.06877868179129462
CC_06405C00E240,0.28761178312388597
CC_064920FC9DAC,0.049450897994503834
CC_0650AB329174,0.8303390342049859
CC_066941B109B9,0.16861589313445308
CC_066AA16F5874,0.30019793735853606
CC_06732311FB8B,0.1821680208795231
CC_06780061F889,0.11755320143574446
CC_068A81B06B74,0.4679995899863458
CC_06A1C5FE269B,0.3005156644504913
CC_06AA7138DAF8,0.03425128524435903
CC_06C0DD0D066E,0.7362313482273373
CC_06C97CFBD476,0.1554927635193943
CC_06D15F523C05,0.20797078063161953
CC_06D35787AD65,0.03830365994682952
CC_06DA375201A2,0.07706009402956475
CC_06DB455FF19B,0.6840462135196537
CC_06F3674E7313,0.4958249296180553
CC_070232DF9996,0.1453888664016658
CC_07141FA77DBF,0.13946690963385952
CC_0715F11CC8CA,0.2288443419514715
CC_07168A9C843C,0.18625995406047166
CC_072AB9F855DD,0.015201599689204854
CC_07337AF6AC2A,0.14648512487820695
CC_07434E4E5C28,0.07475039233164117
CC_074381358A2C,0.015201599689204854
CC_074E7CA75E8A,0.23573754352638143
CC_075D0C618BAB,0.2585754189542714
CC_075D804F7851,0.09184073502586108
CC_0765961D818F,0.44235837621929736
CC_07698F10563E,0.04305991969829426
CC_0773B9BA9E18,0.24784284032279433
CC_0784ABDA7F8C,0.20697851078899454
CC_0790C9F9EC9C,0.08951114989457597
CC_07A996E6CA6C,0.23802862310572648
CC_07B588ED677A,0.16253927704255064
CC_07B730FD7F82,0.16215234325382655
CC_07BE6961D039,0.08394014358266993
CC_07D23A6BAF5C,0.11968686552082276
CC_07E08196A3DB,0.046488453378566254
CC_07E4850039B3,0.08931485000020371
CC_07FAAF8B2D23,0.03712766563380349
CC_07FB3FD9BE0B,0.11211966557243234
CC_080CB94A724F,0.33647409273821594
CC_0837C56711FE,0.09701683838861666
CC_084100A049EE,0.04921107197999049
CC_084113D0951B,0.20923612773431538
CC_0843DDCDD601,0.6791993755573746
CC_0846C14EAAFE,0.052058044775729985
CC_085091ADED2C,0.24139942501617193
CC_087943B4A5D2,0.16133899848405922
CC_08A97B98C405,0.17222587030603476
CC_08AA321BC4AD,0.19782259940276167
CC_08AA44ECBDD5,0.06759820245166509
CC_08AE2EE9D798,0.2141047302069035
CC_08B149462891,0.16812574901792232
CC_08C71A8D2D58,0.03332567873360232
CC_08D645F7B257,0.04924438236240337
CC_08D80BF0B273,0.03529839721373291
CC_08F52B1BE431,0.2530966463078339
CC_0903571AC7E7,0.14833789075908846
CC_090D528C09D0,0.4545586772700917
CC_09106BA6CFC9,0.08601520356953436
CC_0915905A5D48,0.09677823236013532
CC_0918F67CDF01,0.14292170893273035
CC_0925D0B6276C,0.15334425044942462
CC_092A2830E36A,0.8322422773453512
CC_0951489C8F79,0.02200978233386552
CC_0951FA4D5513,0.10470623447281194
CC_095C712064EA,0.08664653647236396
CC_0969AA7BEC71,0.08152855013218155
CC_0974840BED49,0.7500822692256436
CC_097BD371F652,0.09702320107856796
CC_097C8139DBD1,0.04632668207718913
CC_0981CA4DBCE0,0.015201599689204854
CC_09A5D2F129A4,0.307424643897458
CC_09A9BE38080D,0.08444865146458858
CC_09CDC42E000B,0.18143153693912026
CC_09D8DBAB2A42,0.09141987407560061
CC_09EBB1960580,0.03839769626400688
CC_09EBF206FEE6,0.25118680226203954
CC_09F2AE996181,0.07697003779555041
CC_09F45833F53F,0.16054759411311756
CC_09F4F5C5B4EA,0.7806516856217409
CC_0A04BF4005F8,0.20029477780150423
CC_0A0E563D1060,0.08164664622290893
CC_0A0F781A999D,0.19730852180743094
CC_0A1138C37BC0,0.15738223578251267
CC_0A334A16524B,0.044874065537391546
CC_0A359CD5D73A,0.05645412916478686
CC_0A3E2C273DB5,0.08078244316357393
CC_0A4705B1E08B,0.03904022636023236
CC_0A67EB7C5282,0.13670645503201032
CC_0A6CD64871E5,0.3582254313031724
CC_0A75643FDC7B,0.05592431067531262
CC_0A8066F501AC,0.032432917082407836
CC_0A83017D027D,0.16546801120163573
CC_0A9AB7441D5B,0.31904676532451537
CC_0AAA72FA148E,0.36015432733736713
CC_0AAC488C8AE4,0.4863315641683024
CC_0AC2DB82398C,0.3208673558012566
CC_0ACA2C49A497,0.10664541694825136
CC_0AD4BBEA75ED,0.031954821032216814
CC_0ADCD6553B8C,0.0582562258027303
CC_0ADE56B56C41,0.026809140812794726
CC_0AF4B5B4162F,0.7270839885339982
CC_0AF9BD814AC7,0.11163778306660865
CC_0B083BE0FEA3,0.13900324552239166
CC_0B1384331163,0.06284222143356283
CC_0B216C6AF0F2,0.015201599689204854
CC_0B3465DB0684,0.6087385900896428
CC_0B442B91679E,0.15194395272123573
CC_0B455175F494,0.09033530377197078
CC_0B4C01B4002C,0.194340769865777
CC_0B544A526D6C,0.06307253709339586
CC_0B5B19AFCD18,0.050305305026050615
CC_0B5BD2D224BF,0.050697828004523667
CC_0B6407C2C9BD,0.1399736283802572
CC_0B73F59991EE,0.085625015365448
CC_0B7579216681,0.08744900030860743
CC_0B7F3B4B32C1,0.20576114612153185
CC_0B830A67900A,0.13899414452598804
CC_0B84250F96B8,0.22099295809362327
CC_0B92212B8E27,0.3432672648912972
CC_0BB43BC4B3BC,0.11444841063822278
CC_0BB992973640,0.05054880184055029
CC_0BBC41297846,0.09652161984778146
CC_0BDDB468A1E0,0.30669611596923474
CC_0C00A631C2B4,0.09489066506355506
CC_0C011AF6C857,0.29564612128767376
CC_0C0459AB67DE,0.14539850455361994
CC_0C18B07E451D,0.1243308066542848
CC_0C19EB845CA2,0.2553616921079255
CC_0C1A736F37CC,0.07193188351082863
CC_0C335C9D86F7,0.8166927293656407
CC_0C4C24D066E9,0.1953052319351859
CC_0C5499989AF4,0.167098875819564
CC_0C95548CC1BD,0.1492016745011176
CC_0CA2DE660B41,0.20958104256283452
CC_0CA6D8CFCF2B,0.22261665013505927
CC_0CA9DF9C5C15,0.06321728619785992
CC_0CA9F52C92A8,0.18200594775970427
CC_0CAFB6C41CE7,0.0973511820714943
CC_0CB27D5313F1,0.6013236304088617
CC_0CC9DDDB8B44,0.047408246399450696
CC_0CCA18595BA5,0.17952130083161852
CC_0CD90568D3E6,0.23501650119309858
CC_0CE0D56B0584,0.0767415151640927
CC_0CEA028BF961,0.29485661637959387
CC_0CF67D68AF16,0.4061037790776534
CC_0CFAA0FB0691,0.05470772128623499
CC_0CFFD2785D2D,0.10764139960055953
CC_0D28AF91CE97,0.1475306596075086
CC_0D34E55A580B,0.10543961555216771
CC_0D3663B6524E,0.6992740344240332
CC_0D3C2864ACD2,0.31843686023621026
CC_0D5F4BE8132C,0.1672776550535747
CC_0D6D5ACB0889,0.1951422884302333
CC_0D7BFE8CC0D5,0.16427779724707586
CC_0D8852AAB481,0.16193062481368778
CC_0D97EF394C79,0.4724321015685788
CC_0DA8FDDE6DD0,0.0571849942212026
CC_0DABB89E37CE,0.09500140324574015
CC_0DAF0F2FAA86,0.09800661191308734
CC_0DB9E5F8EDAD,0.08464216538198238
CC_0DBC64F88C05,0.14012820345788662
CC_0DBDF018E822,0.09169713379090101
CC_0DC31A5A1096,0.044048745493004055
CC_0DC3870F23D0,0.0416056151168745
CC_0DD39F5D7C0D,0.059537549145424716
CC_0DDC2C18BBDE,0.05139062503949107
CC_0DE09CAA93E5,0.14022152655607184
CC_0DEA4477FDC1,0.14139491256751893
CC_0DED63EF6639,0.20029564390296403
CC_0DED7DBF26F6,0.22756039451880777
CC_0DF01CD21B9D,0.21559033159282348
CC_0DF6A478C01B,0.2147794691112471
CC_0DFE1A3FA5AE,0.1402003372488827
CC_0E07D5FB24B2,0.13569322969338762
CC_0E0CD9F23A5F,0.7198681624221634
CC_0E121FCB1D47,0.09639459469874591
CC_0E1423A4C263,0.20161399339858382
CC_0E16883EE8E6,0.4586445382756612
CC_0E1A2BA1C545,0.21822267102321796
CC_0E2B52BBA69B,0.06133413129799017
CC_0E40BAFC3530,0.16481013834753647
CC_0E48EE235179,0.07180186115729882
CC_0E4FA0FB9797,0.6759498701691172
CC_0E5162F59924,0.7721307499778901
CC_0E5E2FCAC8C2,0.2842786761000898
CC_0E68C2BE2A75,0.12435657544738699
CC_0E6C5A8D8CE4,0.10705530980831543
CC_0E6E9B0E674E,0.10951285523890636
CC_0E746EAD6CE9,0.08787150896697152
CC_0E968E7C22C1,0.3904301717387982
CC_0EA1483F50A9,0.14254215002863452
CC_0EA81362C7D1,0.1913277484218291
CC_0EAE97520873,0.33744898024896713
CC_0EBCF4228FF2,0.5322694192415729
CC_0EBDEFD0BDC2,0.07660394024827542
CC_0EC6AEDA63EC,0.29647439155333655
CC_0ED61DD76795,0.10427780086719261
CC_0EE33B1B71D5,0.1432259550243411
CC_0EE7EFF13EBA,0.04289717157956617
CC_0F0F136B0991,0.14867256412882585
CC_0F0FAF218BCB,0.05064166667475262
CC_0F125B48F175,0.10079641752633117
CC_0F292A238627,0.1305496825176911
CC_0F2949A1746E,0.08458808307194188
CC_0F2B71163121,0.08106338154722675
CC_0F393F1DE2EB,0.045682396528394245
CC_0F41B187053C,0.49168298988241504
CC_0F52EDC9D383,0.10338034941482012
CC_0F62C4F36236,0.10552096396168519
CC_0F6A29CE5D45,0.19396907051768542
CC_0F7C0515A6CF,0.15987624733664263
CC_0F8D6C89202F,0.18575785945104623
CC_0F933684CC08,0.19358604143399824
CC_0F9BA54F2AF6,0.049534351307034666
CC_0FA06CE7FAE8,0.03533122997818419
CC_0FD25AA655DA,0.17732296817454873
CC_0FF5570E06EC,0.6985905825303644
CC_10197FE0E34B,0.7040917540472699
CC_10355B5718CD,0.08866285716157432
CC_103A9D18EC12,0.19281200424071154
CC_1040DB6A21EA,0.1361896623525271
CC_104D2B84FC4F,0.02681952696329361
CC_104EA2802A11,0.07628642007587441
CC_105777B1BF91,0.061557495381266016
CC_1059F1B6C0C3,0.15134565966410318
CC_1061947FDD14,0.057701920190732815
CC_10689257E68C,0.42194230338371214
CC_106BFCFA7D7B,0.015201599689204854
CC_108FA04AC10D,0.07670036293236276
CC_1092915D0093,0.09602180574599628
CC_10A30F88E157,0.16212126923517964
CC_10A657027AC9,0.7753831799425487
CC_10A6EAF27BF3,0.03062393457435452
CC_10B148BED568,0.28983939136416864
CC_10BB7101F191,0.015201599689204854
CC_10BC5BC3A9AD,0.37615077190389795
CC_10F27C70AB99,0.10781461904911006
CC_10FADDF63CDC,0.17493603791339585
CC_1107D9301AA0,0.11305769512732526
CC_111A6DE5D9C7,0.7514790969811241
CC_111DC3B1756E,0.29069407662342217
CC_1131156CC6F6,0.14175395335801047
CC_113B66D5D5D9,0.15694501659966326
CC_1143254EFF36,0.036425953129192695
CC_1145E5277FA7,0.31360187641942544
CC_11521077BBB0,0.14740775549575835
CC_1154861ABCCB,0.557848739645539
CC_115BCAEAE2A0,0.07601429189713862
CC_115BF13E8BFC,0.23561687422530989
CC_115EBE5044BD,0.3413232104473001
CC_1165AA07FC47,0.7133621297117002
CC_116EE8219753,0.059121886274185353
CC_1176FA3233B3,0.05066675107396843
CC_117C2A1587ED,0.09279220632583084
CC_118C0A1D14B2,0.27160814009706613
CC_118ECB589F3C,0.10094299239073445
CC_1190F13FB1FC,0.15008960192043186
CC_1192EEC65A1E,0.21817617698974567
CC_119B1FEC4D83,0.24864483923734204
CC_119C413C2580,0.11654140297184376
CC_11AB74142A2E,0.8198346003465318
CC_11C8A291FD11,0.1859400681952792
CC_11D1E9C39E41,0.06584871898990795
CC_11D600EE1BD6,0.19955953418895958
CC_11D7539AC69D,0.18895484449387748
CC_11D78BB50016,0.14709106507835695
CC_11E0C583685C,0.07940815192549236
CC_11E0D2F15AA1,0.02195861831998519
CC_11EDFE67C719,0.6793113152410459
CC_11EE85F284B8,0.23286968430774752
CC_11F700202C6D,0.18838601920471426
CC_11FB668DF543,0.13204725992793165
CC_1209FA26609D,0.01924795338162576
CC_120CA1B916D0,0.12202918941108741
CC_1210186F4D33,0.078992042722597
CC_121F621374FC,0.20298696991632806
CC_122532C1FBCB,0.13656331485084405
CC_122B19CBC88C,0.6692564744505937
CC_123C7F0111C7,0.5861285395372066
CC_1241EE42F174,0.14327145189729512
CC_125B7100F1DD,0.16598354050156172
CC_1263B255B3B5,0.15997236221378533
CC_12878596E940,0.05640121038922895
CC_1298ED71A9E0,0.05737488191464589
CC_12B555C6F086,0.12910529763198028
CC_12D22C629874,0.18774935370328727
CC_12DD89EA0C14,0.17531240137840304
CC_12E24CDE2684,0.2152540327953832
CC_12F3B7309455,0.6045972657535833
CC_12F8E7A4BBE5,0.37241803577493154
CC_12FDEAE4873F,0.2221238237550685
CC_130F7B067939,0.4561823249008319
CC_13209EDC85EE,0.6587516376518328
CC_1332B6F0E543,0.24719944800162078
CC_1334E256AEBC,0.5865440024492514
CC_1337726B2AE6,0.08754583549570347
CC_1338237BF402,0.20670451298689385
CC_1341DF38D9C1,0.16631035427525684
CC_1342F868176B,0.6834831404736676
CC_134651CCD2F8,0.16656242932570414
CC_1363E3090578,0.060111798741996944
CC_13736493B695,0.06298525988406521
CC_1392DE633D4C,0.26575782542298726
CC_139ED2E0AD76,0.08602858327081102
CC_13A5383EA098,0.6353807745584293
CC_13AA272C6861,0.06290320365905755
CC_13B74E4EE3EF,0.21557011856255187
CC_13C437E86B81,0.5249244363360007
CC_13D61B077E7C,0.06305047860389132
CC_13D7115A8FCC,0.1818070345516498
CC_13DFE319B21E,0.7837695271991653
CC_13E0F0B3FAE6,0.20382238454763998
CC_13FD88C2920A,0.7863241386634046
CC_1401CB818627,0.25155846243594776
CC_140B86E74F74,0.8567720795450925
CC_1452A0B69085,0.030330148279652143
CC_1458CA7329A7,0.2368532736371873
CC_1459E7125AFB,0.0897319879690079
CC_14633EC7F622,0.508201053018934
CC_147B1B30DE7F,0.10456175071351637
CC_1484511F54C5,0.3329477512515789
CC_1489A941A69B,0.2756278538887198
CC_14A8B16706E9,0.08205417319419876
CC_14BE52BADB77,0.09153859206944039
CC_14D53413FBCE,0.3430286070880812
CC_14D59B58E51E,0.20181719262699524
CC_14D964327B1D,0.05764407251537747
CC_14F5D06CF093,0.1369679797251604
CC_1501D63D5A80,0.3330036229766895
CC_150E3A0E5084,0.18469533124437115
CC_15152312AC56,0.04570031776530527
CC_1522BA0411C3,0.08200876297552032
CC_1534B0241A1B,0.043682730462081466
CC_153BE2BEB74C,0.1509309540291251
CC_154BBCD4DCEA,0.23750620902433567
CC_1552EC27FC0C,0.6799813374436603
CC_1566BFF4BCDC,0.3600931337641142
CC_1579BD86A63D,0.3123835867093826
CC_1583CFD90530,0.27836102592724216
CC_1584385F38C8,0.05963516583268185
CC_159656F13BE8,0.08628618279275407
CC_159B6F6AAF1E,0.08860352352935465
CC_15A4934FD96E,0.12607086575853027
CC_15B2140CE869,0.07841351924402376
CC_15C0972DE384,0.6313540440738055
CC_15C0E30FF2DC,0.11162980422195344
CC_15D617FAB434,0.03783148138562449
CC_15DA0F4FFF0E,0.3060110327641103
CC_15DAE76D15DF,0.037690012673853385
CC_15DC7C139EBC,0.36639714808910473
CC_15EB741857ED,0.07266402276265094
CC_15EC51F4C521,0.31286369788861423
CC_15F6259C7C53,0.07658711431969137
CC_15F7C012E10D,0.5133303074510612
CC_15F7C1BEC28F,0.2147120015651892
CC_15FF58854AEA,0.2561632707946209
CC_16035CDDC2F6,0.15070619276057834
CC_16095572722B,0.04808820560653509
CC_16109F1CE0A6,0.23446136105770476
CC_16150E74E4DA,0.17886746292244052
CC_1629E47AFBA5,0.08718315146009606
CC_162F4582D06D,0.6947597833377109
CC_163194DFEDDA,0.04703622388936671
CC_1640F01B7730,0.09632528778132789
CC_16460554039F,0.015201599689204854
CC_164D308CDE41,0.19181238104248124
CC_1661041F819B,0.8213342696239041
CC_166829780A76,0.11979287492496328
CC_16798666E855,0.10391041205148563
CC_1684B5493414,0.22500241664542597
CC_168A8907C8F4,0.05183456218946619
CC_1690EC56D088,0.0505072243864239
CC_169853EEAB4A,0.11550001351220604
CC_169B7FD839BA,0.1573896865541665
CC_16AED1A3008A,0.15328818962038288
CC_16BAC7837C73,0.12974190888648687
CC_16D57E1EEA01,0.14324666806495318
CC_16D833E56D7A,0.16270202991566893
CC_1702487A047B,0.1789163568922397
CC_17029F78E70E,0.07077469459665062
CC_1702F3E986AE,0.07116991678247078
CC_1707181BB559,0.030187124085602736
CC_17117BF03935,0.24011110668750432
CC_1723E40C3D40,0.19214863081412775
CC_174FBBE9ADD9,0.1753874065574002
CC_176E6E58FD1E,0.09547152010673304
CC_1783F37259BE,0.07521686246294443
CC_178B135605CA,0.0861824196999894
CC_179AA5165026,0.38340230825489824
CC_179DBA1C4CDB,0.30853353772507713
CC_17A1090B69C9,0.09001643725681717
CC_17AA1A4C904D,0.17155258911791338
CC_17B06C06FDC1,0.17535533620166316
CC_17B89AC1FD03,0.1906041450586914
CC_17DC33AA73F3,0.07293001259126214
CC_17DE4D267831,0.11933732674319805
CC_17E929BE0344,0.3845598462673629
CC_17EB83DECE5E,0.49751913879435744
CC_17EC9982E5A6,0.1802871718990984
CC_17ED5555B4FD,0.2110944080393593
CC_17F4292DAF8D,0.08516299197334283
CC_1807B0980C86,0.0669954859180927
CC_181354A58B53,0.08187120759190836
CC_181E7266E018,0.09305309901680894
CC_182AAE7CC3CA,0.4786996841921353
CC_183EDEDC5DA7,0.08413320965625017
CC_184C47552665,0.273211268611727
CC_185A7392A475,0.2554652608743248
CC_185FEFD3233A,0.4659597973594502
CC_18676FE5FC07,0.0707067503777128
CC_18776C4FDE28,0.07585528601865948
CC_187A8AECEFBC,0.17933282411556797
CC_187E7D0B4E82,0.738523514817427
CC_18839D393105,0.13936956100690218
CC_1888476F6CF3,0.11757512333879142
CC_188B1ED2AAA5,0.3198869021344577
CC_18A4257C3172,0.2991043835771707
CC_18A7929D9FC9,0.2473915969298689
CC_18A8695F185E,0.14083118052552382
CC_18ACE64E8F74,0.2237367265248016
CC_18BF4A29BB38,0.13450499826398776
CC_18DE36F7D294,0.17741502185236574
CC_190EB07AC1FC,0.14501268361109224
CC_19219F2C60B7,0.18737404309038005
CC_192262DB0B0F,0.08515862723623407
CC_1929746E06CD,0.6543574584926405
CC_193356E72D61,0.6995941989584946
CC_193938E8EA40,0.20155213278283496
CC_193C60092202,0.5334442746694942
CC_193F669537D1,0.1882178700720225
CC_194E13150BE5,0.06870077474233303
CC_19556DDCCDB3,0.021646371384391346
CC_195A6E9B48A2,0.15409254697102584
CC_196DEC616B33,0.09809065439709608
CC_1978B23D64A8,0.10751723536823948
CC_198562A4BD86,0.16297457513255678
CC_19864C9572BC,0.15833906464694433
CC_19868B6887C9,0.12925293607632218
CC_19969E05AB2B,0.17554699829931253
CC_199FC89885C7,0.12079492308714533
CC_19A40411B404,0.20843085721541152
CC_19A6D9B60B29,0.6789360743264506
CC_19AAB010550E,0.04880776315285674
CC_19B4743DFEEC,0.06698250052061021
CC_19B95A61D757,0.18424356574852277
CC_19E6A00F6A5B,0.0778593983264004
CC_19E8DEC29F47,0.589494886352302
CC_19EA54976042,0.16848748484418438
CC_19FBBEA75B7F,0.1433247496660803
CC_1A039E58840A,0.0624021856627285
CC_1A075331756B,0.14795486365136773
CC_1A1E1302C432,0.18375787194406742
CC_1A37690EAEDB,0.1486088931689297
CC_1A3BF9F5BD42,0.1334331785041327
CC_1A4268FEB02E,0.18588842188610666
CC_1A5F8618A912,0.43914758777962487
CC_1A659D4D521E,0.33841721430214305
CC_1A879655902A,0.07546248299493172
CC_1A9F6DA46BC2,0.13615898833077408
CC_1AAB15E81743,0.02752926200336448
CC_1AAC389EF8A2,0.2917511531619317
CC_1AAD0CE365D9,0.11548624960723915
CC_1AAD9152C90B,0.04924438236240337
CC_1AB15BDA9296,0.06466002524606371
CC_1AB8BDA3041B,0.22505211594344726
CC_1ABB9CB074E2,0.7865448174813399
CC_1AC1B1A3978D,0.053202441869268535
CC_1AD20D1F9C08,0.7435767480444432
CC_1AD881A90D1A,0.2865360158214295
CC_1AE9811724DD,0.6646666046033525
CC_1AF1AAAB9D12,0.7696325202761706
CC_1AFCC4D0ABD4,0.15918372206467496
CC_1B08ADAFD1C4,0.16164716205916968
CC_1B10139C7917,0.13221514263812786
CC_1B127133B948,0.1353599882644759
CC_1B25964EA376,0.16938472921620928
CC_1B27A85C7244,0.205034090015214
CC_1B29F4378A34,0.10694072602013495
CC_1B2EC0BD0677,0.3405048321227386
CC_1B4AAF37FB97,0.07655351961405162
CC_1B5E792F6E6C,0.25240540048203924
CC_1B7166DAA790,0.13414177657938836
CC_1B89FD901C95,0.08117428908764332
CC_1B91E3A70338,0.05870957021447645
CC_1B9D9B7184F7,0.1811424803842886
CC_1BA3FDD92B1B,0.0685232441880502
CC_1BA9B3D67170,0.13243455594230202
CC_1BAF97E2BCF2,0.08493597896097091
CC_1BB7D8A54021,0.08644953733559153
CC_1BD548A5FEF3,0.12998257056940019
CC_1BDF1893ECEB,0.22692270273993057
CC_1BF117A8AF9A,0.05767826517435267
CC_1BFA7E407428,0.689407117565693
CC_1C0066F472E4,0.6724566034341298
CC_1C09CC2385AF,0.07631288579496699
CC_1C11467AB472,0.6271062560004672
CC_1C1627B7EE6E,0.02868781065287684
CC_1C3259B85E28,0.18633249907530255
CC_1C334ED885FA,0.02829646328090971
CC_1C376760FE39,0.11477686495203375
CC_1C39A1ADF3F2,0.15301144810163403
CC_1C450FC77478,0.12235951615243454
CC_1C48409023DF,0.38361282491087434
CC_1C4D03324C60,0.34299991076525416
CC_1C5F1E1028DB,0.039617063620025914
CC_1C6681C0AA7A,0.7964321381005491
CC_1C84CFE19CDC,0.21262601837978518
CC_1C8B3F689C6D,0.21070504474880686
CC_1C95674B902D,0.03437398713884922
CC_1C9A4C11F28F,0.17655484265365612
CC_1CA3F50BABEA,0.07686849463750489
CC_1CBF42D35AED,0.5974480971675501
CC_1CC11BEADBD5,0.17235063796975247
CC_1CC3CE396A8A,0.24835049752222146
CC_1CD2B13C2E6B,0.083344156457986
CC_1CE0B37CA670,0.11526999378922598
CC_1CF5A99FC068,0.1540364637958474
CC_1CF71AEB6671,0.09631711707987982
CC_1CFE066F5EE4,0.17883743085626927
CC_1D00B360809D,0.07441161016113355
CC_1D1173F82F2F,0.12199173323205433
CC_1D1E06E0B393,0.1477532828323546
CC_1D2789866B1B,0.08366371544822651
CC_1D2DD7DF781A,0.3221837296298067
CC_1D313498A2DF,0.18320997473366388
CC_1D68396533F9,0.2980977592730978
CC_1D7235BA1EAF,0.17404674193115627
CC_1D7ABAF9D080,0.036652828536119286
CC_1D7FA51D0D7D,0.4850243834106593
CC_1D8CFB3589AE,0.053089968001659556
CC_1D9421A6EB19,0.3064681870377149
CC_1DA0AC68719F,0.4219183372246248
CC_1DA366D588B6,0.12969806991571067
CC_1DACBFE0296C,0.09337132904059928
CC_1DBD6A716910,0.6642904777521793
CC_1DCB75B5CBDE,0.35987274964205995
CC_1DCDADBC0E90,0.4628307655614323
CC_1DD11FAF43E8,0.1297069556429352
CC_1DD8064E71C7,0.19800314905267916
CC_1DEC926EE25C,0.1275362322731942
CC_1DECBAE4FC5B,0.039064979434271535
CC_1DFF80E6D4DF,0.05872119597090697
CC_1E025C3597E7,0.2819781099829377
CC_1E082052CCBA,0.688329863176846
CC_1E0E30441DD1,0.2145951147078789
CC_1E20E200611C,0.11524639782857256
CC_1E354C75EB9B,0.01924795338162576
CC_1E3B2C15EBCD,0.17212220686697421
CC_1E4DF11FAF55,0.18537272229872362
CC_1E4FE60DFD8D,0.6943204486455102
CC_1E5A648D299F,0.19437285663235904
CC_1E6C0A8B3841,0.6959050885781857
CC_1E7FA6E807A3,0.2090326803410781
CC_1E93F760EC93,0.27332811903982224
CC_1E99F40FA03E,0.08210825919863039
CC_1EAD09DBC23F,0.25309976177913496
CC_1EB3D53252DB,0.2310437709095101
CC_1EC889E04D69,0.10277771738380195
CC_1ECCBF6853F6,0.5154953215387897
CC_1EEC4520436C,0.1733336930570723
CC_1F2827DC99C0,0.09888125324812819
CC_1F2C184C5227,0.07892505653208584
CC_1F3FA8091B02,0.15252577789200997
CC_1F4E07BFDC8C,0.038646270097153546
CC_1F4E0E9B54BF,0.06154991295254796
CC_1F55738A6A27,0.37890351777539405
CC_1F65276D0EF8,0.11282110018386401
CC_1F65C797BD40,0.03832890440169345
CC_1F668C0AE868,0.09071856053296132
CC_1F6B19A04BD8,0.05632776463119924
CC_1F945A60367E,0.4882008553602801
CC_1FAB6F11DFCA,0.6947004255318873
CC_1FACCCE95224,0.26002393163265713
CC_1FD010E5EA82,0.07342872819998018
CC_1FD2B7BCCD20,0.7142536094151862
CC_1FDAEC3D5CBB,0.1130619575368075
CC_1FDC65FE3DBE,0.13080308938454877
CC_1FE696D8A81B,0.07195542201012103
CC_20027685F59C,0.7497897685329833
CC_2009F3D77774,0.11002900763804817
CC_200C552C40F3,0.14734263796096242
CC_201459527065,0.13126013443951423
CC_20275029A688,0.04924438236240337
CC_2028DA597C34,0.26289822307908045
CC_204E557E5046,0.45584857501921416
CC_20542CFCFB39,0.03420680562755918
CC_2060F813C9B2,0.22825694642459168
CC_20813A9A7F71,0.13057798642463467
CC_208429A11E2F,0.1657490418735728
CC_208B0FE7CBAD,0.12840350950082602
CC_209A511030A7,0.015201599689204854
CC_209DD60421B5,0.05594493808897337
CC_20B26D646D62,0.151054722943969
CC_20C47966B174,0.25520980577683117
CC_20CFE9681E4D,0.07342872819998018
CC_20D4DB0F3E3D,0.04057575145006421
CC_20DD84CE3CA0,0.08452724785655684
CC_20E57CA675DA,0.6272282114975094
CC_20F129FFBE00,0.2237339051263547
CC_20F4E0F62D2C,0.05446624538099097
CC_20FEE0B2130D,0.551824507584492
CC_2111B298C212,0.09067999219027073
CC_211315AD7633,0.26501726305601675
CC_211504721E27,0.169089480711253
CC_2119919BCB4F,0.7670439625802229
CC_21375C9ED931,0.22141732156821395
CC_213D2A5355FB,0.21567806230939557
CC_214B50E48E94,0.12726979633509414
CC_215F86D986BA,0.12980873892773223
CC_21600308F496,0.034876173652038135
CC_2166F3F6344B,0.11347409646358164
CC_2168BBB42053,0.11320699878985492
CC_217030CE0127,0.03773214349713657
CC_2179067B405D,0.03025460216576373
CC_219B59B67193,0.17787209066769938
CC_21A9E8DB58FE,0.2232787262109738
CC_21AE679C5E95,0.20507857040578265
CC_21B98D13174C,0.08909152784792744
CC_21C81BC15002,0.11592549948188306
CC_21C9B26CFEA3,0.05892730051051761
CC_21D22081A4CA,0.7435335205184564
CC_21D29CD736D3,0.31907801832156607
CC_21D3CEAF838E,0.19379003839592962
CC_21EF792A3811,0.7062850996587982
CC_21F04E996723,0.3995390100636999
CC_21FB6C8AB8BF,0.5034214399599306
CC_22067686F6C4,0.7365834360494717
CC_2207A39B7BB8,0.11458025502185655
CC_221053121AAB,0.21152547183599194
CC_222423774191,0.05046118363993842
CC_2230EFBC99AE,0.3674784428849245
CC_223BDED2A465,0.2637812817567393
CC_223E3CA7A07F,0.1979666734538558
CC_2250B42E48B2,0.12009540410453115
CC_225935E43583,0.15310722552456218
CC_22781E93CF84,0.18874004920798917
CC_22784AF3CB6B,0.5354026593857866
CC_22831690395E,0.1958337774932634
CC_228E6CBCC935,0.6480988989551497
CC_229338EBBA6C,0.08742346708094888
CC_229A63057E54,0.5182020686870971
CC_22A2D8A4B437,0.0803002228384782
CC_22ADE1EE9BC7,0.11169263881652279
CC_22B69E7C415A,0.0295673841581326
CC_22C590B43FEF,0.3085223951650676
CC_22F06379D8FD,0.025377815768562628
CC_22F282264A1D,0.09767226511844963
CC_22FBF5F0E1C0,0.21940081697669214
CC_2302088175A3,0.2368636652282367
CC_230672EAA654,0.015201599689204854
CC_230870B121F6,0.1553033759653842
CC_230A051B2B3E,0.05007205670678807
CC_2316F57AFB7A,0.07934744651371632
CC_231D091FCD1D,0.058172954008891324
CC_231FDED1781F,0.21802935963868786
CC_2320053D1183,0.07083856648926952
CC_2320AF507566,0.1920321266630605
CC_23321FF41C3D,0.21338414015264198
CC_233470D6BE72,0.6751921894731595
CC_233C8EBC95FC,0.36749911172550337
CC_235F99F13500,0.1466718121081819
CC_235FC02CA52F,0.1848635444967481
CC_236C80CAF53D,0.17334964944364126
CC_236E7222D97C,0.0705241869190017
CC_237B86FDC93C,0.0626659347456067
CC_237E7EB2D7D8,0.09395837355034396
CC_23830081EE1A,0.6379299940752577
CC_23894AAA08DB,0.5166277455628979
CC_238CBFD6E20C,0.46027996869461074
CC_2392A4A79C9E,0.028675943891608536
CC_23A474D43C73,0.1905854232274429
CC_23A9CC59BA0D,0.015201599689204854
CC_23B158D8306A,0.1520373594702708
CC_23D147F1870B,0.17130924297653974
CC_23D2E73DCFCF,0.13595340719429488
CC_23D9103D1EAB,0.015201599689204854
CC_23E142182F2F,0.689421652327679
CC_23E43713A108,0.02195861831998519
CC_23EF2911610E,0.5156842070073949
CC_24056B76BD7D,0.03257593262392705
CC_2416ECE66177,0.11560219037932394
CC_241E65816FC2,0.04644928278105958
CC_241F7E97FBDD,0.06630173001955099
CC_24217201D7A1,0.4393032035692819
CC_242301FCCE50,0.04815094953514432
CC_242C69CF0B12,0.1133481693728571
CC_243B23702DC1,0.1667995070485144
CC_2456B9C796E4,0.11888177640410012
CC_2457D89CB88B,0.5678958227532142
CC_24667210E2AF,0.21462205934285639
CC_2468D206CAEA,0.05676544627060319
CC_2469630A4F86,0.28489592496563115
CC_2469D83D9594,0.023438213551874067
CC_248C65EF54A5,0.6610470249109933
CC_24BCCA7941E8,0.0845091065075891
CC_24BDC1CE2A3A,0.2116631808567122
CC_24BFCCDF957C,0.03769981642079643
CC_24CC8A1B1CB7,0.12631924450693802
CC_24D4B1852554,0.1784593009601947
CC_24E65FA5A32E,0.17192865319991313
CC_24EF3EDB6857,0.03647215106751563
CC_24F15A19D648,0.16686030517052391
CC_24F2410B5A19,0.13695243526181886
CC_24F27E7DE1C6,0.5151652812961859
CC_24FFFD0C983B,0.030516839361172006
CC_2504E9D5D5E4,0.15897432778703383
CC_250F6A0DB62D,0.05427043437619349
CC_2520E13DF0A2,0.739909711794329
CC_2539C315029D,0.30401372061040943
CC_25519ED78507,0.1822961317457045
CC_255D49296DB6,0.11583154234252668
CC_255DC60FF5BD,0.04504076961047935
CC_2563C9EF9D55,0.04821614941254633
CC_25756EB9651F,0.1259527392280942
CC_257CC46D379B,0.4450846062405396
CC_258D5F80A933,0.6827112526882048
CC_259D87270257,0.1865997939402594
CC_25A41AB21C94,0.2648684975347637
CC_25ABCDCC8B71,0.11754882077354428
CC_25AF0D0569B5,0.07905776266185172
CC_25B61D393144,0.18525305859050345
CC_25B95D7288CB,0.38149530644186724
CC_25CE2F2F13BE,0.2583489396950838
CC_25D1A5971976,0.4165858013716858
CC_25D411B46F00,0.744301204882598
CC_25E7A2DC5E41,0.04819933232478707
CC_25F4C8E51AC2,0.510017689688244
CC_260323EFB122,0.6082798705785398
CC_260F10484312,0.03743780978624566
CC_2610D0F1D0A7,0.1882919758072574
CC_2615866F35A2,0.0993073722914974
CC_261DA4E8DBEB,0.13202111611913647
CC_2628F00B0745,0.35790594565833217
CC_26338E9AD15F,0.1614584753563636
CC_26346B99BDBE,0.6534573144747304
CC_26351DBC1AF6,0.13910602876456124
CC_2637397AA3F3,0.5635305413979615
CC_26675C32611C,0.7439041154309489
CC_266E49E49071,0.17949881554915628
CC_2696368A4DC6,0.020894708175843824
CC_2698641B68A5,0.13100051102674873
CC_269C5AE6A1A3,0.692719262842168
CC_26A06AD1206C,0.7692843393546086
CC_26A358B0C10F,0.1948902612899718
CC_26B07CB02EA3,0.6065988125717648
CC_26B638BEA8CE,0.10480214223044794
CC_26C33B649FC9,0.07841351924402376
CC_26D5B969A36F,0.4397573575629663
CC_26E3A1226C2D,0.17977566688596075
CC_26EEA3F0224A,0.24033354101668913
CC_26FA5E5A718C,0.15671183052965657
CC_26FE119D4919,0.05966024415339571
CC_270B462BAEF3,0.03339535156712748
CC_270D929FEA9F,0.08109185088564431
CC_2731AD82BA11,0.149248706116262
CC_274144AE3E86,0.17435677795480994
CC_274AE6E82879,0.19666890035847068
CC_2757A490C5E1,0.11682330340760384
CC_2766F6011BD0,0.40960473797437047
CC_2768E644C697,0.05600744459501764
CC_2770DF70328D,0.04227072924022437
CC_277503968C44,0.47831847534905275
CC_277CE974AA8F,0.3271124818456227
CC_277D246E39B9,0.20470397074083724
CC_27A1CC725B7A,0.07530569123509105
CC_27A798829CA8,0.745358901349074
CC_27C938FC8DC6,0.5248999812476473
CC_27CA2D819E7A,0.06826438440437131
CC_27E3712F0E38,0.16377486256556958
CC_27F3B3F43FF9,0.03564095047990138
CC_27F9832EAB8A,0.48467575109651695
CC_2809CC131F3A,0.7070741797611901
CC_2812523510C0,0.16281981473035242
CC_28151C75756D,0.03658521815562687
CC_28203CC976F9,0.08809080462318437
CC_282AFAE06F96,0.08435692239032044
CC_282C2404F4C0,0.0685232441880502
CC_2834BA2F19FC,0.22342498637858682
CC_28432E22F47D,0.5592962500958787
CC_2844882CC439,0.034876173652038135
CC_284F79726032,0.37736203393103923
CC_28544783AB15,0.41999282926610193
CC_2856104729EA,0.754823251755006
CC_28625CD86761,0.17053480740482188
CC_2866BDB46FB1,0.09438302846450176
CC_2872415C6B36,0.08003738830487295
CC_28752737647D,0.6214223949822238
CC_2875C281EE88,0.04341711695160395
CC_287E3E9EDAC9,0.07923384466511021
CC_288A2C49D62A,0.04121421345678696
CC_288FA8CD819C,0.21892121491293715
CC_2891894CCED4,0.06133413129799017
CC_2895608A9699,0.1377967167088415
CC_28A2EF7926AE,0.5770288903078515
CC_28A7DBD2B710,0.1670721615579742
CC_28AD81DF2C51,0.11026030934622333
CC_28AEC29CEC25,0.15752098105358434
CC_28C1C3DF7928,0.09460994401306086
CC_28CA76962EC8,0.1665630146651755
CC_28CD47803B6A,0.0683443909711244
CC_28DF569DBBE5,0.06612795285272026
CC_28DFE611C657,0.09796872195318668
CC_28E11E6A6C8D,0.18528844188256172
CC_28F58ADC7CBC,0.12279262630580723
CC_2916479EBC84,0.14897875264983354
CC_2917C6CB0B2C,0.14243952194096687
CC_291C7830D4B5,0.38399714660566076
CC_291FE1744E5F,0.07646858075445101
CC_293124F1ACD1,0.15657022883421232
CC_293C2D704AA9,0.35379589526893934
CC_29432A6B2555,0.10085260880618357
CC_2944B427406C,0.180399159678047
CC_29468B7035D6,0.12046584552791685
CC_294A9A24E473,0.04695420134341351
CC_294B94EB0E07,0.19236813281693524
CC_2967C29E4C3A,0.15373533014433347
CC_29716D5835F4,0.20104216335150768
CC_297179FF2BCC,0.4579783628075399
CC_29803690C939,0.2429838335637871
CC_29821539DC4D,0.1481845067210169
CC_2983C1D2A273,0.13585607975750658
CC_298CAC5A1868,0.6178728533510007
CC_299EBE0FB429,0.1779535255620176
CC_29A1C0073882,0.43413346139479214
CC_29B6065F187B,0.41970030486985566
CC_29BC66C10F87,0.6718908079738505
CC_29BF3C3D9682,0.2039985862732657
CC_29C4425FB2DA,0.19383990656298114
CC_29C5D0D72D61,0.15843707606602025
CC_29D65E313500,0.11154612576351354
CC_29FD856F47A5,0.6766296916973745
CC_2A097F88615A,0.09641435892158125
CC_2A0CB4CE1A48,0.252282854535027
CC_2A14C1652D6D,0.19777488795039772
CC_2A1F96F80938,0.10112581865842799
CC_2A23F71805A2,0.128241167448687
CC_2A2BF2FD0498,0.1376805623902665
CC_2A358A1D3DDF,0.6704415426844766
CC_2A3E371F0DAD,0.21390630495450982
CC_2A423FC8A330,0.30638391170404966
CC_2A43368D54F9,0.4222582981508608
CC_2A47A21C0E07,0.6402941942138436
CC_2A4CB02E7A1E,0.1118071101886689
CC_2A510080BA29,0.17945082304761564
CC_2A5316E550F0,0.07071036227155478
CC_2A59695EF90A,0.4944508931459507
CC_2A606D00CC46,0.03551154621882989
CC_2A6C69145AE0,0.06543699834369736
CC_2A6CD71471A6,0.11238904939997583
CC_2A70D6EF64E1,0.08938497040335143
CC_2A844754AE67,0.6425305428415076
CC_2A85A7B242FD,0.16959546816076596
CC_2A9A51067D7F,0.14920210906413764
CC_2AAAD4020436,0.22046849117509268
CC_2AB62BCF3704,0.0699499643214589
CC_2AC1C8DE5649,0.10373494310175956
CC_2AD10D78793D,0.6647302906316521
CC_2AD26446A7AE,0.02214487384328824
CC_2AD2D35975D1,0.08429868941274415
CC_2ADA07B0211F,0.3116850138190094
CC_2AED2D284351,0.33274260550515244
CC_2B01FDE2552D,0.2417805454878251
CC_2B06DDFD7F8A,0.0781356642739248
CC_2B08FBC0A948,0.18528844188256172
CC_2B1914218468,0.779498906045285
CC_2B1D93E12DC9,0.22709234750537785
CC_2B248C488918,0.08484384014867505
CC_2B256891C60A,0.554884790626175
CC_2B2801591A25,0.45661178556540577
CC_2B2B7CF1E40F,0.09108854363414047
CC_2B2F4204834B,0.19198285364920523
CC_2B5443C7AB87,0.0720720648861359
CC_2B5D780AC244,0.6224839655978573
CC_2B64E67CFF13,0.05918482038060882
CC_2B6B872C8D21,0.07448005042151054
CC_2B85D931F011,0.10818266523437892
CC_2B959EF030DD,0.16403512228505154
CC_2B973D1AC16E,0.1134447867686634
CC_2B98983C2687,0.038816899106223116
CC_2BA581E7B8D2,0.11524597280349255
CC_2BB2C432C369,0.10477877993259947
CC_2BBE19587CD5,0.08376168104936972
CC_2BCB838A9581,0.15499279405984687
CC_2BD0E9336EB4,0.06480968063522431
CC_2BD1633FD528,0.08920878857921813
CC_2BD58FC8C2B9,0.015324164688076953
CC_2BD6083CAB0B,0.813686734514629
CC_2BDD47B177E5,0.8546781782925295
CC_2BDE889EB05C,0.312967117603148
CC_2BF8DB192A49,0.6299835240301995
CC_2BFDF46F3AC2,0.13843409330883377
CC_2C00CF2FAE22,0.13752054579483128
CC_2C06DDBA1073,0.36158790130276847
CC_2C16C7838FAB,0.8417569482868975
CC_2C263A1A732C,0.1602738216950561
CC_2C34105831A6,0.185537712619546
CC_2C43FFA06F31,0.09214490322824338
CC_2C4DEE4CA1CF,0.05093896431604356
CC_2C56DB55E40E,0.09216571367706305
CC_2C59F565C183,0.16606602146619762
CC_2C7F54E56925,0.16705853357840114
CC_2C8CFCC646BE,0.02262964843857686
CC_2C91AB1DB754,0.04208559510078524
CC_2C93356976AE,0.4709770418855322
CC_2C9DADC294C8,0.08073819983768193
CC_2CA94231028A,0.19935414505761026
CC_2CC8CB17283A,0.18919227637181488
CC_2CCD42AA2376,0.14740888281121672
CC_2CCFE560A79E,0.058286306387627614
CC_2CED227E5216,0.1271262011762606
CC_2CF326E90715,0.051859031393583284
CC_2CFEA03CC6A0,0.6738955480947957
CC_2D1D032137DA,0.09745630011710665
CC_2D258781011B,0.19064621535989304
CC_2D30260A1CEC,0.2053991885695205
CC_2D35C002A9F1,0.1393245253989474
CC_2D45DEA4EB25,0.17836425793164332
CC_2D5494C13FFA,0.06418476788773751
CC_2D5EA2953E81,0.1838278367215058
CC_2D6E7894EA16,0.6698210595587633
CC_2D7DA36360AD,0.19486185868548542
CC_2D7DFEACA38C,0.2829748469582292
CC_2D836654A121,0.1513504277341508
CC_2D9CDFC6C57E,0.7107326021670751
CC_2DAC67585B03,0.18329886883218227
CC_2DAE338809DE,0.33377133112714374
CC_2DB062A18C75,0.5862569123018098
CC_2DB2C55CF89E,0.7943183106473842
CC_2DBCBF870292,0.021159013451010882
CC_2DCBC03B4FA3,0.7639464406736955
CC_2DD78131B5A1,0.11421617517222973
CC_2DD7BCA75AB9,0.0923306470040111
CC_2DEB49017220,0.13755162702952117
CC_2DF6C71ED372,0.16492776424753886
CC_2DFBFA1A4FE8,0.1660351722303107
CC_2E12A41F7733,0.07133396839008517
CC_2E1A348EB1E6,0.09919878515153972
CC_2E23CB0F6F7B,0.35832813618283216
CC_2E3634587158,0.05678469911881568
CC_2E3F4B14D8DF,0.5057497518264699
CC_2E3FDDBF4F48,0.18525305859050345
CC_2E61C46BC16A,0.19410339690377432
CC_2E62AEB14351,0.27885346714051096
CC_2E6F1C0ADEB8,0.17426437158787988
CC_2E7415FAB62E,0.074392959668149
CC_2E77F7444FDF,0.021442345156170852
CC_2E78431BE3DB,0.06113660951813997
CC_2E7D44FB8075,0.21199069549348315
CC_2E7D8539BDA6,0.36101534838283367
CC_2E7F248874AA,0.7251291550707339
CC_2E85BB8F3BB5,0.08705270738369893
CC_2E8897E4D9BB,0.31192040095848145
CC_2E8CCDE89E2D,0.2915720839194877
CC_2E927D910813,0.16811670276619192
CC_2E9891F5A2D5,0.13577851559211027
CC_2EA56A7EAC04,0.28389988538964667
CC_2EB45D13B248,0.11908507978870474
CC_2EC924B0EAAE,0.12018669898112855
CC_2ECC248C96B7,0.034623851162419624
CC_2ECF0C98B06D,0.3980525633948385
CC_2ED3F6481454,0.16512691679379748
CC_2EDDF0B40ED8,0.17489910277238502
CC_2EE2A139642B,0.15316312286656122
CC_2EEE072DA301,0.1739889356583856
CC_2EFEBB85DAEB,0.1936089251783904
CC_2F133BEFAA69,0.13916148924944752
CC_2F1AAE3B81F2,0.08164818153124993
CC_2F1BC47CC90E,0.035021068223747676
CC_2F2128FBBDDC,0.16477929364634442
CC_2F3D3342834E,0.06353407033947349
CC_2F42D39F710B,0.6166721403557628
CC_2F4AFE398419,0.7442583213407996
CC_2F4C24B38EE6,0.07386358797584007
CC_2F508C0838A6,0.09730244964151849
CC_2F50EC193942,0.18320997473366388
CC_2F5BD03D4900,0.07547963581552124
CC_2F73AF6728BC,0.05535956016178673
CC_2F7EBEAB9CF2,0.1562451800545177
CC_2F9AD2BC25F5,0.06951437079044671
CC_2FA3172ED3FE,0.6953013760129543
CC_2FBEF8808F48,0.25235793269533485
CC_2FC014F0EA3C,0.06619529392312333
CC_2FC3AD2EC986,0.2120816764766947
CC_2FCC82AC097C,0.19939355608918558
CC_2FE2ED7D464E,0.25360896363096175
CC_2FFCC9802D2A,0.17601495590354319
CC_2FFE32627DF8,0.25346210636985606
CC_300BEA90EF3F,0.09880058533315904
CC_3017B64D0364,0.1926138122852435
CC_3017E5E87C94,0.18471858111550757
CC_3028375CC87E,0.8416372860173839
CC_302A48CFCEDA,0.08210553780597563
CC_3031F96196BD,0.4678432056043434
CC_30328ADA0AE8,0.09917712980512607
CC_30451015D913,0.022780805303428596
CC_305D33AC15A9,0.7789680576960942
CC_306015CFB66A,0.18253055148884786
CC_306413849CEA,0.36697000654869266
CC_306EF0BC7CB3,0.015201599689204854
CC_3075C5B861A8,0.12673036342301564
CC_3083D9B76858,0.05300845240363374
CC_3096994A495B,0.19382986201530567
CC_30B106BC1657,0.18926868927711313
CC_30B967417C42,0.17382500942259024
CC_30CABAFF5453,0.08787150896697152
CC_30D68208FB23,0.34414461846534583
CC_30E2A90BACAD,0.19897487500129343
CC_30FFD856443D,0.57538421006967
CC_311EF26786A8,0.07817899542415896
CC_3129843EADE6,0.7317807745561983
CC_312C34EF683B,0.03422438948815087
CC_31302B64C078,0.10166610381763266
CC_31344A25B569,0.015201599689204854
CC_31397A399AD5,0.05594493808897337
CC_3145B5EAD7AE,0.2198204245920816
CC_3146EE0BF81A,0.10080419146984651
CC_314D02632843,0.2830320967007156
CC_315133406E42,0.2409564363885591
CC_3180D1C6FB7E,0.22599367580883364
CC_31827EE8A968,0.26287610997784966
CC_319BE06CC27F,0.035639314375676856
CC_31A0A97AFFCC,0.38641652126706005
CC_31B22116E36C,0.19149041871913822
CC_31C78D9B6494,0.401344004827098
CC_31D3FA367B41,0.14084572370261228
CC_31DAAB3E6DA7,0.18651292044506895
CC_31E36F666FB7,0.055094225385969135
CC_31E72EA14FE4,0.11546381075245894
CC_31FC6DC9482C,0.26352862243362896
CC_32076DA6AE23,0.15440816071979394
CC_3209FA12D938,0.31712324489448546
CC_320E17F947CD,0.48077088727119766
CC_3223C706DD92,0.19371980235064634
CC_322EFB2E377D,0.11366936436912471
CC_3248EB928073,0.09786761624679408
CC_325D5DC52B1F,0.11643586814879814
CC_32662A6DB78D,0.15327823938956328
CC_328DD3BA068A,0.261877724910509
CC_328DF7798F91,0.16660112461362808
CC_3295CFEB188B,0.08366671831555461
CC_329DC79286ED,0.6736683368562427
CC_32CB77D55C73,0.13422472405715016
CC_32D129B9E651,0.12373968236233483
CC_32DB12551D37,0.6753461943946131
CC_32F00D77D5CD,0.12421204391115712
CC_32FF5F6892D9,0.16588268209112061
CC_3301EF60877F,0.16672595840926835
CC_330F334BD816,0.09316292956108245
CC_331285B3494C,0.1744586330476159
CC_331364283D5C,0.11243896709042063
CC_331718E0F54F,0.16743699263038028
CC_33194D48FF66,0.08561348807792347
CC_331E8B8BCAB8,0.06493765330267862
CC_33254134ABA9,0.8150785375664165
CC_332E42439579,0.07280669727898996
CC_333102AB964C,0.14461711932783197
CC_3338AC0E8112,0.2640820534134842
CC_33656EEDE6F2,0.44680417873869016
CC_336777D934E0,0.4933051175663439
CC_336DBFE464D1,0.49952431481085585
CC_3382BB2F3152,0.12084465925810135
CC_3387207793E4,0.02646493169939939
CC_33992C973839,0.2213987535920705
CC_339C36703675,0.0807898225222443
CC_339CA5814519,0.10397087197238421
CC_33B157F2A921,0.07576465795659293
CC_33BBD10F239D,0.05803414437964316
CC_33D3B12EE56E,0.07259640850794405
CC_33DB68EA27CB,0.1344966678106297
CC_33F0B95E70CE,0.2291655571698637
CC_33F40275D630,0.02826607188484932
CC_33FD5DE22692,0.07085508520786025
CC_340961106343,0.17294390403159207
CC_340BB1F4CEF0,0.0982673981930284
CC_3410B11F1FA3,0.1623142227105817
CC_3424972707B6,0.6136693402194058
CC_34452758A645,0.021071918954799203
CC_344D239879D6,0.1360549842460053
CC_34503B6891CE,0.2604673007910912
CC_3451722A3813,0.08405596287530463
CC_34517B513D8E,0.5048276293228653
CC_346ECB4CF2F8,0.106592066410441
CC_3478E8B6B56A,0.06543699834369736
CC_347AFDE16722,0.07852074071647522
CC_347B1A01467F,0.040427082109962875
CC_348AA62FF484,0.2478445359336584
CC_348D3F098A4D,0.08673557272500587
CC_349290E4D0C9,0.17050109467125177
CC_349347D553D1,0.2789176221754258
CC_3495CE27BB05,0.22806853544624464
CC_34B10A654721,0.14569346629403895
CC_34BD2C5130C8,0.16293175152329298
CC_34C433439160,0.051267717504401976
CC_34CA271F73E3,0.30387387120608805
CC_34CEBEA3B15A,0.06883042484290079
CC_34E58CF793A0,0.13395778035977562
CC_34E6909B6027,0.6058071001079911
CC_34F4292A8B5C,0.1897094838105186
CC_34F6DD223594,0.03763827754793387
CC_3508A7A5E9EB,0.14251394115560378
CC_35094977DD75,0.1424980445880361
CC_350DE157CE6D,0.2284773170188897
CC_351BD5C2EE8B,0.015201599689204854
CC_35486249EDEF,0.19572510689026543
CC_354C9ABE6DDE,0.06541345570864075
CC_35578162927A,0.13401991202279318
CC_357C3E7518D3,0.8065395839034598
CC_3584C15BF11F,0.03712168298424276
CC_3588C5166872,0.09158966509068028
CC_35A68306B19E,0.2600328848800058
CC_35BFB3093D02,0.05176010978148542
CC_35C085ED37BD,0.5364559271838121
CC_35C695C13279,0.06836332099698127
CC_35D1668A4C13,0.2071577138897272
CC_35D27495E0CB,0.8507631342738758
CC_35D562E1DBE1,0.7062038507724298
CC_35DCDC74A757,0.5102467437199041
CC_35EC2AB1D1EE,0.12948951367952774
CC_35EEB90317B9,0.5355677587521569
CC_361A9EAF7706,0.2821605803051921
CC_361B968FEB98,0.34160626564582935
CC_361C9FA031A7,0.7856257693145753
CC_3620C5D1B3E2,0.060366375644497726
CC_3622D7221940,0.015201599689204854
CC_363175E92F74,0.3245167239876361
CC_3638C9146BFC,0.14467585987862303
CC_3643A4C7EC5C,0.04149528502615497
CC_36690A9AE112,0.6830388064537904
CC_36719170F638,0.07837239856832343
CC_3673466BA7A7,0.09039573119033284
CC_36847054DF52,0.3183333549149896
CC_3691CE792752,0.8085130382743769
CC_36A27FE53743,0.4876832148129241
CC_36A3FB06D1D8,0.8174277768597757
CC_36B0F2AD5413,0.03555638252695557
CC_36B1B7BF5F75,0.11853161059046796
CC_36B68E66951E,0.4753484738193713
CC_36D3F09AD810,0.507494371037001
CC_36DBD8424220,0.5353565252776419
CC_36E5645D8018,0.06355281571358441
CC_36E6592E4E23,0.17572977545538632
CC_36F143AEC864,0.10600269222232525
CC_36F2A735DF73,0.154605531728508
CC_36F81C003E8F,0.021839282438009967
CC_36FCD55EE425,0.5216565766925736
CC_3701D5DB7FA1,0.07257796224204237
CC_3706E1EB2587,0.5166525746447687
CC_370E0F8EF86F,0.5551104475655715
CC_371D47444D5B,0.6817364837319677
CC_372CFE308EA4,0.646648049971567
CC_3731D90357A6,0.30021003105486077
CC_37322F66C543,0.029283462885351
CC_373539DE38C5,0.0959954987263665
CC_375225700242,0.3375938819984476
CC_3762D0B6F3C2,0.14640349862588445
CC_377A277E831A,0.1935954522748972
CC_377B6066B91B,0.27439733679485895
CC_378D71726B5E,0.07833033686130948
CC_37A46BD0DCBF,0.04240571951407311
CC_37B447368F02,0.7169530949731342
CC_37BFDFE369A3,0.22268575797536586
CC_37D09FE492BD,0.06713091533456197
CC_37D3F4C07235,0.2712088882216854
CC_37DDACE48E3C,0.1386810298725608
CC_37DEF85C0A37,0.2829162873156446
CC_38020CED9EEF,0.06890430306237283
CC_382207621EC5,0.8021516464744791
CC_38374AB27F95,0.07815576171457189
CC_383A5544DD5C,0.14475871674533455
CC_383C129A5B96,0.21452046120678792
CC_3847AAA649C7,0.11797705901511157
CC_3849D992C1E3,0.07531597722517502
CC_384BB17F0F0B,0.6250429045133908
CC_3851177E5E76,0.08425219429266818
CC_3862F88850B8,0.29002097845936664
CC_3867CFCFCC94,0.26184490821681733
CC_3872ED018F85,0.19992811796229554
CC_3881A587C072,0.13921525564651788
CC_3882F8EB5EEB,0.5842731540572053
CC_38911341EA6C,0.08571578115743146
CC_389E5B71E254,0.5619315780499391
CC_38A0DBCD3728,0.09675839590900422
CC_38B3E9142747,0.0778697811357036
CC_38C1B8860300,0.06103419755080334
CC_38C8CF250B60,0.015201599689204854
CC_38D32B790B4A,0.12501256984088532
CC_38EB304A9915,0.1730412700138718
CC_38F26461C872,0.730502551443823
CC_38F942257E28,0.5552315261152762
CC_38FA5D78A8A7,0.04632668207718913
CC_3903D7BCCA95,0.08403448278091424
CC_39043D7ED04D,0.19730878220337456
CC_39098B256732,0.07013495527732451
CC_3909A2E4C679,0.1268821469499897
CC_392344DF8D55,0.35784675956886436
CC_392628C8AD47,0.07257185065101229
CC_39285F4C42BF,0.36713410725640866
CC_392A376EA1A2,0.097953249921827
CC_3932E086F150,0.1815807196301582
CC_393D1D3640D0,0.07176576105713714
CC_3943B3490B49,0.7247532582078782
CC_394DE164DBCD,0.12674552449090412
CC_395600E84A54,0.11843545144998813
CC_395D181A7E1F,0.09898625703467025
CC_395E8CACC437,0.12510224185871166
CC_39635AC6A70E,0.06630173001955099
CC_3969352E3ABC,0.08007818752124686
CC_3985C0DF9CB5,0.528226403835516
CC_3989F2C6A9F8,0.2889539436289261
CC_39A82672A1B2,0.0904461684086585
CC_39AA15DAE17D,0.6615189997051057
CC_39AA2A3D98CC,0.021550432301716323
CC_39AC257B00C5,0.10981379779284108
CC_39ACC63CDAEE,0.14911824260758938
CC_39CE40784C2C,0.20321814587962123
CC_39E1A306D418,0.16615096535491222
CC_39F2B11C46D7,0.06937011144967328
CC_3A10F5F50A27,0.037251153509888994
CC_3A27CF9D162A,0.5465745613497843
CC_3A297424A7F7,0.13422472405715016
CC_3A39F7930BF3,0.09554529831706092
CC_3A57566F9977,0.5802859314467317
CC_3A61121254E6,0.0590841919895884
CC_3A81C568A7F8,0.19948631547952378
CC_3A82E7050A4D,0.04700470803548821
CC_3A860AADE6CE,0.15339842277017682
CC_3A8B3FC29C9E,0.11579547493774539
CC_3A8E9056A5A2,0.13098706749992317
CC_3A9617A5777D,0.4133039453608798
CC_3A99D25777CD,0.14727044723552465
CC_3AA9E8D01340,0.5941321106065681
CC_3AAEFC09C290,0.7134735337540059
CC_3AB5E579843E,0.24128727312821138
CC_3AB77A30AD40,0.19689711391487819
CC_3AB7BA36A414,0.2799558962733751
CC_3ABA830A5BB2,0.1186544651050955
CC_3ADDDA550A57,0.09136296776959996
CC_3AE7B1151DC9,0.14261066917459853
CC_3AE9A209EE00,0.04716463148103546
CC_3B06FCD75C98,0.045426363182400224
CC_3B0722FB5E8E,0.23284598387856922
CC_3B1C51DD7429,0.1730412700138718
CC_3B1F4696D710,0.6135356250065076
CC_3B224413A072,0.25442567603553834
CC_3B35C3783CCD,0.2533459648319943
CC_3B3626F3DF9F,0.23522658621320786
CC_3B4405C7E486,0.5545554232390115
CC_3B4C4A9C9D99,0.299709206087575
CC_3B72F0E9E3F8,0.19068818974332635
CC_3BB02A95C6C1,0.6969718654503579
CC_3BB8B675C2BC,0.48562654298622837
CC_3BC51B069218,0.11682270976105441
CC_3BCA5BD201AC,0.16442436989941223
CC_3BCAC9793441,0.2637958470744537
CC_3BCBC867AC4A,0.032685468331752086
CC_3BE51412ABE7,0.3390394674376413
CC_3BEA98B401CD,0.6819488387114461
CC_3BED6DF1ABF1,0.139518418793912
CC_3BF0BF7CF827,0.8475075272810867
CC_3BF110035599,0.6659374984644016
CC_3BF213810DEE,0.6733750118885463
CC_3BF21CA88D3C,0.4695511485800104
CC_3C0E29764C71,0.07489410408608255
CC_3C19509D4636,0.12359681785221034
CC_3C1B038BB068,0.13561250954506623
CC_3C594CADCA2E,0.2123449431146759
CC_3C5D909498F7,0.7183752792145781
CC_3C68D5179A01,0.12980117224595833
CC_3C83955704BA,0.8368048787852326
CC_3C93218F41B2,0.30588875911665375
CC_3C9CFC8FB4D1,0.7270752237592916
CC_3CA266EB55BE,0.11309955992409075
CC_3CE49C937F7C,0.08489360817551757
CC_3CEEB9C04F0B,0.43237181113085327
CC_3CF504AD4DD9,0.0558132953859288
CC_3D1092DBC5C2,0.24865521625624812
CC_3D185833E7BB,0.01635424048349411
CC_3D2309981121,0.31152161186539773
CC_3D27A0086AA6,0.1903204473846574
CC_3D3BE7D0F4D8,0.1116437179865778
CC_3D412B5EA919,0.09783411255317236
CC_3D47650C6F30,0.0693544518713983
CC_3D55D1FD8457,0.0502446003831256
CC_3D599501BA76,0.06584871898990795
CC_3D6181EE3C87,0.6980602615588846
CC_3D65CC165F44,0.11503083823796123
CC_3D6CF6DB8014,0.49231694933794834
CC_3D7C14801D40,0.18642278746385396
CC_3D836BDBF866,0.6554438883753969
CC_3D8DF3A3DB71,0.7432300376708331
CC_3D9309851089,0.18447149607797295
CC_3D9ECB4274C3,0.1300178494292828
CC_3DC8A9A92802,0.2599207815797432
CC_3DDD3813D1D4,0.08690338591098358
CC_3DF3FFB3CFC7,0.16921875874938666
CC_3DF88701601B,0.16040830309275234
CC_3DF91A482CFD,0.31952955709683833
CC_3DFD6349D046,0.6024971930874796
CC_3E0D54125AE0,0.188340553582318
CC_3E10CFE1DD57,0.0492594498141539
CC_3E13CB98572B,0.1497095836298683
CC_3E142C8ACA6F,0.07676557952440448
CC_3E1BAC4E5B90,0.05315729937872029
CC_3E2DD0D1E2D8,0.1556905026386091
CC_3E403BF08A45,0.07765114566396451
CC_3E46368104AE,0.10062917580606816
CC_3E48A086B5C7,0.2581439102162664
CC_3E54451B0F6D,0.0904461684086585
CC_3E6335ED3F4F,0.08929850314713045
CC_3E87A65C50A5,0.21920518919453416
CC_3E91109E2090,0.04620548735532974
CC_3E92A1EDA618,0.3239831152609918
CC_3E94684FE270,0.5034281911495198
CC_3E9DB402F352,0.1679059556533551
CC_3EB5A15A6C04,0.7981002304604885
CC_3EB8A9A6C49D,0.10095351231213183
CC_3EC96BC884F2,0.11282110018386401
CC_3ECA9E44B90F,0.29637034728570527
CC_3ECE4EF16A44,0.15801304686026887
CC_3EDDB8E70F57,0.20694521372557315
CC_3EDF137D0E1C,0.1537294615340479
CC_3EEEE844410D,0.42349430144372924
CC_3EF4F348C967,0.11914765547440802
CC_3EF91DD11A81,0.14369217165296277
CC_3F08C55E7A40,0.19364898689786722
CC_3F171CED0CFA,0.02160397662415173
CC_3F2544EFA753,0.13534300426735643
CC_3F28F3286CCA,0.08241537574065627
CC_3F379CB37B0D,0.14550114101756606
CC_3F42D798AB1D,0.6485030158145756
CC_3F48724540D5,0.16421348036529043
CC_3F68068E2D5E,0.11257262965595163
CC_3F7FBE71B77F,0.05150223707530465
CC_3F80017B8599,0.056368827363146516
CC_3F8B17953200,0.05652399957895549
CC_3F964BADC4BC,0.700588533449676
CC_3F9767602FCB,0.22591305494977312
CC_3FA84F0B23CE,0.06384903927075856
CC_3FB4B189143F,0.16861843202933668
CC_3FB7C976EB26,0.49384672651546674
CC_3FBCEB2F36D5,0.12602276112758945
CC_3FC4FE843245,0.1415974894505301
CC_3FD52E32FE8B,0.7140189506956715
CC_3FDB44EC6254,0.030308955842474207
CC_3FEFBD6DC62F,0.27569802496121454
CC_4005466D00ED,0.46337686529790634
CC_40095FFBC1A2,0.04155721644249317
CC_400F1887A662,0.1457812748285123
CC_40133FF3069C,0.09503568201633536
CC_401C6F0EED5A,0.0814289971897096
CC_4021AD03FA01,0.14110204532341175
CC_402E91F3A56C,0.11902350250033011
CC_403754B6988D,0.11056937573984653
CC_4052DFCB1656,0.26882827726627406
CC_40579C5C13D5,0.7941095970360157
CC_406937FF97E7,0.08102594832193888
CC_406C4233347A,0.14365357948587598
CC_4073E42E11E4,0.20345873206193102
CC_4077BB12A5F4,0.13208705663050352
CC_4077DD5B5C4F,0.13399742636885406
CC_40824D899215,0.08652413347398605
CC_408D79189FBF,0.3121350806823442
CC_40A3F1D5EA0F,0.3458339419673415
CC_40A852A592FB,0.13593782762944187
CC_40AADA91D560,0.20032874918357735
CC_40B39CB2CC58,0.02839614556438112
CC_40CE2030F058,0.04130584045693817
CC_40EA2F8481E8,0.16049622484080306
CC_40EFD7778F98,0.14784434996940768
CC_40F278D49681,0.2627973534372332
CC_40FFCF631F19,0.46167338278783937
CC_4101D1B82788,0.19984783416410828
CC_4109B79A4B06,0.027236423476362372
CC_4119348F051A,0.14109744495583249
CC_41206EE45803,0.08425943254046882
CC_412DF740DA62,0.14642823804725053
CC_413AB4CA7451,0.09135134344688127
CC_414C06C60FF7,0.7058855135487482
CC_414F50748A51,0.03828554997979523
CC_415C65EA66AA,0.06510596872462984
CC_415CED95F7CA,0.15489941178931338
CC_416584250060,0.10469560826377394
CC_416B3A1F0F0B,0.10720905257550936
CC_41735021FC7A,0.2685959186585555
CC_417858CD20F4,0.12386474058095383
CC_41902EFB3974,0.03738586577385617
CC_41A27790EFBF,0.11564740781062706
CC_41A4A223F39D,0.1101572128947352
CC_41B464757ED6,0.13324827747860868
CC_41D1A87E1136,0.4689044995251685
CC_420FE297808E,0.030589922187928966
CC_4211096D5588,0.17139376918054425
CC_421F4D78128B,0.4737891165403745
CC_422F2780C85A,0.30912071761835347
CC_423B0296BE24,0.06322524254079577
CC_423E78000AA5,0.14123958761172026
CC_4246081DD359,0.10731988090587033
CC_4249EDF2FDCC,0.8175135385233313
CC_42568C67F412,0.340704407342456
CC_426A25EA9E21,0.7256567003875647
CC_427ECDDEECE6,0.30736443983477135
CC_4289EEC8F0A2,0.17324333910347828
CC_429A7158AD07,0.13636687031265204
CC_429C51AE729D,0.03629072594116358
CC_42A0DE1E5E80,0.06603387812841925
CC_42A7D0F5388F,0.09289284020382374
CC_42B23C8C9F66,0.17284030977386503
CC_42BD3999AC3E,0.2770282677014662
CC_42C95B199130,0.40991654362276475
CC_42CD6CE97523,0.48394797640103776
CC_42DA114F12A2,0.33207340954461484
CC_42E2736AA331,0.17518463740362603
CC_42EA825C351B,0.44217622801093004
CC_42F1B2B4D258,0.5454869151830509
CC_42F4588EB38D,0.32245515805161235
CC_431F29A12E99,0.17760338465436226
CC_432EB78A198D,0.2181167858358685
CC_43383344BC72,0.20249837406359322
CC_4339187DD10A,0.07169811444361128
CC_4344A2E7EA1F,0.4918004803051857
CC_4347468ABE51,0.6060854669400126
CC_434894BC2577,0.03902172662074185
CC_4362DB93FC92,0.06759707981903168
CC_436850DDC704,0.10778391071462962
CC_43698E2EEA0A,0.09506765886094061
CC_4387F73F131E,0.161437426729058
CC_43A33C994C70,0.4283538316503983
CC_43ACD82B5514,0.4017994548195588
CC_43B37131B8FA,0.20343736660504189
CC_43BFCAF8BD20,0.21182900825751536
CC_43C060E01266,0.19054486113830746
CC_43C41AF27375,0.06558599007938608
CC_43C5AFA48B93,0.07360744281056315
CC_43C767A44C55,0.18828369243720103
CC_43DECAB53552,0.03776020440730439
CC_43E6D931158D,0.3521268488641853
CC_43E9F88019F8,0.060777340432226816
CC_43EBD6EBD675,0.07533909251133913
CC_43F81C577002,0.3201896243056057
CC_443C4E041687,0.08413634083469947
CC_443F63BF238A,0.11757809244724957
CC_4463776F9AA1,0.09744663183255813
CC_446F1EDF03C8,0.0737060765470059
CC_447BAD4F7820,0.9190989407483825
CC_447D02F917B5,0.05101390941596092
CC_447E705746E2,0.19657679168267606
CC_44A017104F93,0.65984439648864
CC_44A1E58CDBC0,0.03619909937048553
CC_44ABCC04C418,0.07961708301372945
CC_44BF6BCCFC2E,0.035192209245946786
CC_44D0671A3B87,0.11926460005679942
CC_44DBEE3A7D81,0.1653355143954485
CC_44F7DD6A88A1,0.2049502648241985
CC_45080C42280D,0.18996099213010498
CC_4524AD74135F,0.502094927086893
CC_45262103231F,0.19427343986701737
CC_452D8C5D039C,0.8225297403980867
CC_452DECDBC90F,0.06461423513068594
CC_453C9B3A5992,0.5168666105444343
CC_4542AACA1FE4,0.09562517044651413
CC_455209549D3B,0.87446719895659
CC_4555C804C4D0,0.07320861139244225
CC_4581E4190B2E,0.08778903198038102
CC_458912F91D6F,0.43338997219705017
CC_45913E1BE65C,0.3060110327641103
CC_4594791FB40D,0.13597762949302983
CC_459B49073E2C,0.3055297448207107
CC_459EA8E0E2EF,0.10853275396674826
CC_45A4A38557E9,0.12252171260760625
CC_45ACE2B1DB6F,0.05348516487910517
CC_45C1A92F0E8D,0.09522498975429002
CC_45D0673EDD20,0.13235526823357222
CC_45D70DC84DA0,0.10723445940982135
CC_45D96479EC1E,0.04497022174063605
CC_45E8597BF74E,0.0699499643214589
CC_45E97246F83A,0.2927236164999787
CC_45EC44761309,0.10383913495286189
CC_4603A6F83E2A,0.036703586263429656
CC_46045CEE8330,0.06971592426451645
CC_464E17187A4E,0.4407935986718361
CC_4659FB4B8536,0.16879313982505056
CC_465EF4F9B68F,0.2126414398787889
CC_4663FDE62E3A,0.28537153757651906
CC_466D54BE0809,0.08054959129151142
CC_466ED9BD34B5,0.08126024825829152
CC_466F7908E13D,0.18536183133003156
CC_4695A5525A11,0.14645002274684127
CC_46BBB8A4854A,0.07278815096338953
CC_46BC61EC8F2E,0.19180775831873698
CC_46C0DFA660B0,0.1117527557634269
CC_46C2DCF84CA0,0.13922819063155145
CC_46C38B9F0D8E,0.1259298338458686
CC_46CAB9AE7C87,0.5821903785567494
CC_46D0D1ADEA59,0.15280773397385394
CC_46DFC1AA0821,0.8255107171301739
CC_46ECA5976180,0.16849577736798654
CC_46F5F6D27991,0.07119539850684968
CC_46FE9F226120,0.22548124090255758
CC_47130CC63FC5,0.14974930790126517
CC_472330768F5F,0.09339974491943806
CC_47292EBB8BD1,0.14193959923911653
CC_4734AB1281DA,0.0526158307388805
CC_473989E6BA47,0.25217671694453786
CC_473AE07014DC,0.15279992745479376
CC_4741EF45C3DB,0.20376467439122561
CC_474586BE49EB,0.14247642358643922
CC_47490BF44944,0.23538846037836259
CC_477213DAED38,0.08702107241960697
CC_4778086276B7,0.14574075127215258
CC_47910B073CF3,0.1343178427431383
CC_47939776FDF6,0.7012379807067524
CC_4796F6A64420,0.03731784442851248
CC_4798549B52ED,0.34786945761970145
CC_47A3714E7D2E,0.3330469336653239
CC_47CE219EBAAD,0.18704502402708192
CC_47CF9074E03E,0.16976079201301025
CC_47E4537A53FD,0.14417301239388255
CC_47E8BC938FA1,0.17140183480553806
CC_47F134D17818,0.09230015477772154
CC_4812FBE05C7C,0.36554556837440594
CC_48152725FAB1,0.5256611658738106
CC_482256495FAD,0.6906625904142494
CC_4829FF15D21E,0.1645016821378406
CC_482D26D81935,0.669199922465354
CC_4838990A8D02,0.07056860306068738
CC_4862EA9CD1DD,0.03468295443126869
CC_4862F8C1B0AC,0.08108300306302282
CC_486CD67D26CF,0.17800637120638768
CC_486D8F9AE549,0.260663344413912
CC_4877D1BDB737,0.09792288773756921
CC_4885E34F0B26,0.12747651963640377
CC_48928CA8082E,0.16795717475610616
CC_48A74FF0E6C5,0.10533677806670162
CC_48E0791DDD62,0.07503246824339532
CC_48F620B6A472,0.0960343226270961
CC_48FDBB1D7493,0.1459049936015438
CC_4910EC928152,0.13790708766169585
CC_491C18C17767,0.07546248299493172
CC_492F65EF8D9D,0.8081791241348713
CC_493DDD53B97E,0.047718584898044314
CC_495F82AA5B9B,0.13973510203811781
CC_49618412FF86,0.08708775188833544
CC_496A7CFA344D,0.7169796314921096
CC_4983EBABAE3F,0.05482481386478199
CC_4992C1915957,0.5645092996336339
CC_4993B31028A7,0.057158722647671696
CC_49945441A644,0.17857795445000277
CC_49A80692BC68,0.14219174706743626
CC_49AB67613A58,0.1619000689025496
CC_49B05CADDD95,0.5270796032265046
CC_49C6F9AD111E,0.06325249553920174
CC_49CEB94F0B3B,0.030621522899329245
CC_49D3A79B55CD,0.07593492616677174
CC_49D6671DAE8E,0.1465941954284469
CC_49E6C539B1CF,0.059154819230290416
CC_49EEDF0DA684,0.017211847744539235
CC_49FC290E33A7,0.1953052319351859
CC_4A01CF2F67D2,0.7716922355806025
CC_4A16DC668832,0.5626165634908405
CC_4A212461781C,0.083344156457986
CC_4A237A8E6706,0.13708438564994987
CC_4A3DFA0E27A4,0.1380607821304988
CC_4A513D39DCE3,0.05597552404755785
CC_4A532B0E6165,0.17437047725535648
CC_4A5FA9F1C804,0.10648593915782405
CC_4A7BDEC665FF,0.05482481386478199
CC_4A7FC9B23222,0.3749855372625642
CC_4A8A7080FA25,0.2709960792727257
CC_4A8EFD589879,0.05342949435297108
CC_4A8F7D2B857C,0.16690074344279357
CC_4A91E8D4289D,0.49645198365992277
CC_4A93163A12F4,0.3116850138190094
CC_4A9FEF48EA65,0.14043333577725328
CC_4AA73D751AA5,0.31907801832156607
CC_4AAED0C85F70,0.159474372258918
CC_4AB1DEF044AA,0.032623978045702995
CC_4AB5AE299217,0.18104434643228745
CC_4ABA0CDC2270,0.1836671078723445
CC_4ACFFC2F295F,0.6779939246761887
CC_4B0490BAB1B9,0.06883146444070563
CC_4B28B03CEFEA,0.10373470151837381
CC_4B420765EB9A,0.1424898091755678
CC_4B47C16D9867,0.08866285716157432
CC_4B494C4D7D03,0.4391304540654333
CC_4B4C84B015C2,0.032717856675721836
CC_4B607295E983,0.03773214349713657
CC_4B6D24E81483,0.06898017974079149
CC_4B77AF6FAF2B,0.6591348863294844
CC_4B7EC3F2FFBA,0.05629367672692481
CC_4B85318DFA50,0.1357523504169689
CC_4B9B36B36DA5,0.7286008386126126
CC_4B9E0AD5D692,0.5073107892525659
CC_4BA041C9678C,0.10091284443828454
CC_4BB40F2129A6,0.09002629438600078
CC_4BB8FD274E2A,0.04657476880953987
CC_4BBB8118FBBB,0.11908921081825527
CC_4BC8CB91719F,0.11118152793820411
CC_4BE447D54BB8,0.15675107578321426
CC_4BE85B1BDB62,0.3131154563425214
CC_4BEF3C7F6395,0.2440408660265062
CC_4BF03FF61B97,0.4835589118774525
CC_4BF4C38EAE8D,0.20928757499987297
CC_4BF95B8140C8,0.12922979656883976
CC_4BFE0CB61B5A,0.42141122825413996
CC_4C2A3F254101,0.39617454504538213
CC_4C351DEB6230,0.24532307981971585
CC_4C38031A2A9E,0.11473139154115132
CC_4C3E35875F03,0.09103795153417295
CC_4C4D79F933B2,0.14878973772014312
CC_4C56497F4AB0,0.7099493679170638
CC_4C827B493CFD,0.11521791481629899
CC_4C849C6073AF,0.09769346913634133
CC_4C869E6F618A,0.19244587977739544
CC_4CA21C15763D,0.12162499683941175
CC_4CB2F1CAE684,0.105413656724222
CC_4CC0265E0778,0.05238710176773111
CC_4CC5483903E9,0.5313846141264209
CC_4CD7C76FE235,0.4703021244998662
CC_4CE2BFED4F4C,0.07479795157980516
CC_4CE751CB58FA,0.5139176037562374
CC_4CF3E184C500,0.03962218569807668
CC_4CF668E60D64,0.27569802496121454
CC_4D1A1AF53E18,0.029182753249159702
CC_4D29155FCF33,0.20152736838931842
CC_4D2CC7618AC2,0.5026710176536509
CC_4D350FF7402B,0.3977499258812796
CC_4D38AE84E3CB,0.1979326227698286
CC_4D4140E1056D,0.08463161001580605
CC_4D5545FAB130,0.48402471374661166
CC_4D55E218946E,0.09105582262531406
CC_4D5E14BD6AFA,0.0937887844626391
CC_4D78935D66E9,0.045569945242438945
CC_4D883AAAC6C9,0.030469867741744757
CC_4D8D8108C51E,0.6713153990762064
CC_4DB40331777A,0.795640734469305
CC_4DBC8652D26F,0.09400245280396807
CC_4DC0E154EBB0,0.6665541503864602
CC_4DD5B8780C4C,0.07896205298777657
CC_4DE0070FF683,0.11969947154517713
CC_4DE688CDBC27,0.09702320107856796
CC_4DF37857FCEF,0.05597552404755785
CC_4E20F0249BC6,0.7310304766469377
CC_4E2F01B7B9EE,0.1580850912409865
CC_4E41C247B4E5,0.18685261515870732
CC_4E479F6989A1,0.06959551797838734
CC_4E48AF17BC29,0.08510238500877294
CC_4E6BE67E3C4F,0.018989038822479
CC_4E70939C5933,0.5096778525384298
CC_4E70FB172717,0.1744432980280873
CC_4E726EE8C026,0.27579781271644976
CC_4E76F48DFDEF,0.11503929850983238
CC_4EA180B2B913,0.015201599689204854
CC_4EA67A160C3E,0.5992191317450682
CC_4EE41FC91AD2,0.17253682307181187
CC_4EFECC6C2E36,0.6582238023009436
CC_4F22CB97C34F,0.04656098403061542
CC_4F2444DC6C75,0.8351427244680303
CC_4F2B7F512DD5,0.06150802195325299
CC_4F504A9744FB,0.1349460637561242
CC_4F6FEE589187,0.15074633182850836
CC_4F71AAF96C32,0.09189185073422805
CC_4F76E57C55EF,0.33998939781062965
CC_4F88D3E5AA2E,0.031954821032216814
CC_4F8A4384F6DE,0.1465014255348774
CC_4F8D83DCCF25,0.22910506077838988
CC_4F956AA47816,0.6143344630480071
CC_4F99FCEA10E8,0.10853998741344215
CC_4F9F10A183F6,0.07375940559748853
CC_4FA766935F14,0.09002212345810398
CC_4FB0B9E398F2,0.4188572391234787
CC_4FD0DF6CA3AA,0.04942948079553263
CC_4FD902F7ADEC,0.04213881930989898
CC_4FF1155E3A6B,0.37879942594062677
CC_50103368F241,0.09652467024292553
CC_5012B9991935,0.18275707800750862
CC_50172FF2C2C1,0.15490929808022844
CC_5017C9BA7773,0.06634222932893791
CC_502C3D0EC4CA,0.09994384674498828
CC_504157951119,0.06543699834369736
CC_5042938B5A9A,0.47198601596398815
CC_504A57293FE4,0.8295912413772082
CC_505812CFE43B,0.33862227466293665
CC_505A6EB06E39,0.3299730451180183
CC_5064CCE0EF29,0.22793301919749281
CC_507BDF639FB5,0.19512309373058354
CC_507E53684AB6,0.1214417155029841
CC_5087A0D1765D,0.221775575077832
CC_509229AEC221,0.2110322267155245
CC_5092D3A72B03,0.2318932977309062
CC_5092DF691F74,0.5381047786102393
CC_5094BB59416F,0.21040330893849168
CC_509926B384D8,0.7698406743113186
CC_50A6C96DA7D3,0.041285483802601566
CC_50AE75A10F3B,0.34046176638066017
CC_50D4BB93EB1A,0.0748631097023319
CC_50DF7B02E356,0.1963714558581491
CC_50EB53CFE7F8,0.05139062503949107
CC_50FC7D563CE4,0.16748682629993525
CC_5100E6EAA3FF,0.2097395080555031
CC_510F2944B2A0,0.13006947772563657
CC_5128881AAD54,0.1156950951141233
CC_5138941DB7A2,0.15754154875235354
CC_5139EF8BEAFB,0.15282303465285887
CC_513E5EEC6B04,0.13224470803203914
CC_51427EF15375,0.30931655991860524
CC_5147B281DA64,0.4468144567730695
CC_515D968ED36E,0.07007229486185557
CC_5176FF858154,0.14181205040246547
CC_517CB40FB016,0.08413320965625017
CC_51884D5F3E4D,0.11216521629329809
CC_51AE98263438,0.14148695681141826
CC_51C9CE782368,0.15334606665824124
CC_51CC80D1570F,0.04335478990526037
CC_51D2E3476902,0.05998533361096032
CC_51E05E706D64,0.1494775699934297
CC_51E5A5E9801C,0.04612263980147795
CC_51F5DA44F9A0,0.500166196424804
CC_51F6BDD355F4,0.04726687948291092
CC_51FE657FE212,0.08648289011595575
CC_520950C9BAA3,0.04128540321247809
CC_520B1D31AB99,0.11457465592061022
CC_522550E1761D,0.7983449888640745
CC_524CD519E76B,0.09374291705486167
CC_524FE9E3DAD3,0.40660852885271054
CC_52629A025048,0.12216762120565418
CC_526765FC100C,0.22410818813499828
CC_526E56249FFA,0.2854028164749914
CC_528B42A34966,0.2310092712038186
CC_5292B36E4882,0.25635983161804843
CC_529A2F110236,0.15154701513347243
CC_529BC4ADAD6A,0.1875089677032788
CC_52C1C5A6F887,0.0803345157247549
CC_52C3B674FDFD,0.22612915149480237
CC_52CCBB8F9964,0.08084517490030564
CC_52D21FFA24DE,0.7582261106174288
CC_52D32EDBAA78,0.2248377463259515
CC_52D7821A8363,0.1356058390599926
CC_52D9087EBCD6,0.8330573871239026
CC_52DD62E1AC2E,0.1827068287244144
CC_52E8B04F0FA0,0.10722677194743223
CC_52E965E9E2C3,0.17229239901435706
CC_530BA492842A,0.32420467014096954
CC_530F6E906D6B,0.030006830664683324
CC_531FCFBE3B13,0.08665904606374808
CC_5320DFEAD897,0.1832729032069392
CC_53319AE7B829,0.6509954272933506
CC_53481151859F,0.03200427880044339
CC_534D4FC05F82,0.1956785548552763
CC_53687DA8C9E5,0.3228685744920005
CC_53795A7B7751,0.0315768201863673
CC_538328A6B3BA,0.43621597324453526
CC_5385266461B1,0.1570326599352444
CC_53891CB35BF8,0.18528844188256172
CC_53A6E1083B13,0.06594852179886823
CC_53A77DA726A4,0.07234803419755904
CC_53ADBC2F6E34,0.21214188186637142
CC_53B249809561,0.08990623592409228
CC_53B2DF5B019C,0.049110827902220204
CC_53C1F3E031A3,0.16424942176744284
CC_53CBF2E8AD05,0.4944554887088097
CC_53D04793ED9D,0.062150188953708774
CC_53E23A9B6F74,0.07135964909307706
CC_53EB59C99100,0.37654390129970916
CC_53EB9AC04311,0.10742903054483768
CC_53EC732C9B30,0.017471074740350968
CC_540122E71534,0.14191112410715243
CC_5405C89DF8BD,0.7589228747394422
CC_540D69F5BA23,0.15891044308937072
CC_5414446319CC,0.7720991208949116
CC_5418410F95A2,0.07334297810163107
CC_5431A01C30E4,0.07805487749203514
CC_5452437FC605,0.4709770418855322
CC_5452979BF98D,0.074391084712595
CC_546EE83F84A4,0.4769312424212029
CC_5473268241FC,0.17107238007849626
CC_5474EE64D859,0.300337272467889
CC_5476E2B2FCA0,0.09992338062033668
CC_54892024F98D,0.15622886144300815
CC_54B33C66DCF7,0.09000100076120773
CC_54CF66B660B4,0.45724921840619587
CC_54D3A35EC69F,0.05813104628736492
CC_54D6AE2665AA,0.14359986830189211
CC_54D93974E62F,0.30270660643746744
CC_54F5F552A0F2,0.12669405880747078
CC_54FC3B361BDA,0.07316689744598873
CC_550135E8FAC6,0.15742674609737595
CC_55020AD0D117,0.11898595414693473
CC_55094AF7EFEF,0.08647005390774064
CC_55126E23462E,0.03554671203194701
CC_554C21CCAF3E,0.0880519312614153
CC_554C912C7DBE,0.083299420549264
CC_556B02A2B401,0.36822007478380653
CC_557A0B0CD0F4,0.16295635565993963
CC_559A14E729EB,0.31681112864603256
CC_559F0DD4E4A7,0.39486839979581945
CC_55A82B4E57F6,0.16388100026661495
CC_55A98ABE4C75,0.125693243232456
CC_55A9D45EA466,0.0338576969539743
CC_55CB872FF50B,0.25115588456082977
CC_55D9E3D58435,0.2107802993331318
CC_55DFF3C3BB46,0.05333921160983495
CC_55EDC3996984,0.15059355375481204
CC_56013299D8C5,0.07266371410858767
CC_560B519C1F50,0.09648118244242225
CC_560CABF0F5D0,0.18479875142518987
CC_56178AD87948,0.2850912274459335
CC_5619A7BB54EA,0.10509238640479128
CC_5624319D7B28,0.14267325053882196
CC_5625119D6C37,0.22325713835854535
CC_562BE7245E1B,0.678544248990961
CC_563684010DF5,0.6137453380010855
CC_563EA9A29338,0.09090961777969098
CC_564590AFB575,0.017032843552420154
CC_565E01191BF6,0.5605767132666766
CC_56612A039382,0.060640946225394586
CC_5665FB827721,0.5774371959696141
CC_566932C3CC97,0.11585553169149573
CC_5671D59B2A51,0.16925875345669306
CC_567E7DD24A97,0.0953574668045397
CC_567F47F37683,0.01924795338162576
CC_56847A91065C,0.0789625868555649
CC_5698480F8634,0.0626037864720794
CC_5698B024CECC,0.5738093977608157
CC_569DC051A2EA,0.10749397624402801
CC_56A322152604,0.42595321664455693
CC_56BFD9A8335D,0.3846706375883242
CC_56C9379BADB6,0.05162656437440354
CC_56D410FD8F56,0.34966114549728455
CC_56D4549919EA,0.14148517015316697
CC_56D918CA6353,0.14931709620204778
CC_56DB30CE666D,0.1644570250018565
CC_56E760C3206D,0.27053189620275503
CC_56F73F905615,0.9007499282036803
CC_570683C088DB,0.11333899215122863
CC_571C6AFD00ED,0.39708476479063115
CC_5725663C3B89,0.08996888817330526
CC_57291D7667C8,0.20218243839064184
CC_57313F6E7927,0.1838240900086514
CC_5735F9B859AF,0.6775103555618085
CC_573B34826B2B,0.6677089817478445
CC_5744447CAF7A,0.07058661593742313
CC_574CC0FC7B05,0.10688259490518649
CC_5759E2982909,0.08798801621577726
CC_575CCCCDD7B6,0.6761149156420794
CC_57603A37D19F,0.03154051818846726
CC_57639D4995CF,0.24857867238160078
CC_576E6676FD55,0.06496723788609257
CC_5775C148E05C,0.11874612366094636
CC_5798E560E9F3,0.7812155208906334
CC_57A486F61065,0.5628880005184895
CC_57A726458B99,0.06091581937683788
CC_57B0D41BD7D3,0.34393896708204885
CC_57B501E60C35,0.07086336940207155
CC_57CA90509CB1,0.7279042734338294
CC_57CB7673547B,0.1300706455068944
CC_57DE479CB61A,0.7169796314921096
CC_57E7F1A6B895,0.027477059910585157
CC_57F13C4115FA,0.4115992406601735
CC_57F480CA9A42,0.08435829239980952
CC_57FDFC6DE726,0.23112304660562336
CC_5810468B76BE,0.12795907709070936
CC_5810F212B2EE,0.4626097932411046
CC_5817759E7007,0.1499455813104234
CC_5818B5089B3C,0.0754075342887567
CC_582C78363EB6,0.0652014232250102
CC_58391600720C,0.15595160667192
CC_583D7B177F85,0.08470828502147135
CC_584C11014F63,0.15358707373887026
CC_584CDC12578D,0.022839832637864224
CC_5852F443C55D,0.10479551621385161
CC_58565AF0F70A,0.5066647260475007
CC_58568DF9AECF,0.19318029747619178
CC_5859EE6309D5,0.4875000591684302
CC_5872B45E1C19,0.7455452198358854
CC_58797A417EEA,0.1661700499363654
CC_587A4844B482,0.23215035031761302
CC_587C0CC3DD82,0.6429282931950155
CC_5881A04052CE,0.08984951426405641
CC_589A4E02EF81,0.15162125247806035
CC_58AB46E5655E,0.15559188355137787
CC_58B0CFC9F3D2,0.05797965726020267
CC_58BEFDA6B4C6,0.10080419146984651
CC_58D95C7247D5,0.06152634245181708
CC_58DBF3409D48,0.0486138280295011
CC_58E35A47B880,0.16496511717503726
CC_58E40EFF57CF,0.44539728496520153
CC_58F551219BD6,0.06120315738518754
CC_58FA76C6C45C,0.6171072285392898
CC_59018149723B,0.07831931892741378
CC_5904459ACECB,0.7951854381271641
CC_59088B2886E8,0.02200978233386552
CC_590D2E0AD18E,0.6169883683243969
CC_59146CA05E8C,0.04555774751510596
CC_592592397DC2,0.5662974373411686
CC_5926F5B4E054,0.17153725289553687
CC_592A5A163624,0.3414753381586048
CC_5941C323917F,0.07754432012414154
CC_594E4E86A1C6,0.22436551713116543
CC_595ADAA76A32,0.08965170428932855
CC_596A20270C3D,0.19507882598600162
CC_5970E93E11DF,0.29264227735572956
CC_597AD111527C,0.1275007161012604
CC_597FDFFA265C,0.10683420114577533
CC_599C287D2BAA,0.40603298802927745
CC_599E345094D2,0.12920134543641337
CC_59A4741B5A92,0.18362301676220097
CC_59BB3A5BA2A3,0.603388872298978
CC_59BFD1200F6B,0.19108817923860175
CC_59C07CCAF4E0,0.21546407061190628
CC_59C49474B501,0.13122063943712275
CC_59CFBC2CA471,0.613954808748671
CC_59D62BE0C0C6,0.16247191955067608
CC_59D86F572716,0.0940928081533288
CC_59DF71FBA4B0,0.03922655352119366
CC_59ECB7465DCD,0.07131384170348842
CC_59ED43A803B3,0.021159576195209247
CC_59F5E81F4EA0,0.11993061382682063
CC_5A10371BE7B1,0.8085397579149056
CC_5A2F9A594A05,0.5696595998467356
CC_5A38E46246FC,0.5142945109315449
CC_5A3F52B0A07B,0.20409417707772629
CC_5A5507A49F6D,0.09772363821699881
CC_5A58A5E6DE82,0.10988731587695623
CC_5A5BB6DC1018,0.15586225768281253
CC_5A5C0DF50E01,0.10680375555033153
CC_5A633C535360,0.09242658084749002
CC_5A67E62D8D5E,0.6890305264475839
CC_5A6BA0007593,0.12367790772038957
CC_5A7513434C72,0.04194220777316393
CC_5A756D8AE60D,0.2229679345156382
CC_5A7C13841B7A,0.6436579765930257
CC_5A7CBB6E8716,0.16253284373640123
CC_5A83A1E25A2B,0.41127740857103695
CC_5A86EB53A14D,0.7695215173206369
CC_5A89E13CE597,0.17111042170513976
CC_5A9466D0CF9F,0.11183350519595217
CC_5A95331BD0C5,0.11698815842064376
CC_5A9F63C3E428,0.06630173001955099
CC_5ABC76FF707A,0.04377691642338184
CC_5AD0F1B43457,0.07670220148362826
CC_5AD82250C271,0.028922017052744373
CC_5ADD27165E38,0.7577468661295744
CC_5AF32E5C8018,0.02008708589640723
CC_5AF3690FA0B0,0.2394685091657487
CC_5AFDFAA63B45,0.14963342340225833
CC_5B025DA26FE6,0.04838287957589894
CC_5B07C7DE7E7E,0.22647453916477794
CC_5B08171A6880,0.20499757897568535
CC_5B09FB1A0BE2,0.06246755488912126
CC_5B0D6BA12702,0.5186918136462846
CC_5B0EF2D4C3CC,0.1286592002499464
CC_5B195D88C182,0.47253644787116167
CC_5B1F6FE71A38,0.070225304623777
CC_5B247961602E,0.07116438594811984
CC_5B276421F4CD,0.05650279863440021
CC_5B289AFA1662,0.3266779616526153
CC_5B3A16421A31,0.030182265782384185
CC_5B3E78897EB7,0.060613391605282625
CC_5B480B44A9B1,0.1370510902353961
CC_5B546C3A21F8,0.1671470425712986
CC_5B5BC4023EE7,0.1567334590127691
CC_5B6D63DD34B7,0.09164505463223989
CC_5B6E868912E6,0.06444947110056491
CC_5B818D2581FB,0.1181829547742865
CC_5B82E8BB921F,0.2845838676117253
CC_5B8E8DA14EE6,0.1442562076921304
CC_5B900A135A69,0.10232308736744337
CC_5BB64BDF3C99,0.08661638969559846
CC_5BCB2C79D1CA,0.27565874927433437
CC_5C072DB8586F,0.061821784747654436
CC_5C0BEC2A0850,0.08017051923871488
CC_5C24010127D1,0.25659364888049674
CC_5C2DAF5E0EB7,0.3256441974641514
CC_5C3E8DB90978,0.13999320295193177
CC_5C4A7CE69975,0.3116850138190094
CC_5C5766F933B0,0.49095247882472975
CC_5C5808240054,0.10903074964268875
CC_5C5D6E15EA27,0.221860313205694
CC_5C60C4545922,0.10258115117380621
CC_5C626D70F6D6,0.17542790498001684
CC_5C670F0622BF,0.049975197394540094
CC_5C799E57EF53,0.060603788508901135
CC_5C7B44735AF4,0.189656634542086
CC_5C7D8DF047E9,0.18416615327185273
CC_5C80F394EFC3,0.10080419146984651
CC_5C99E6189441,0.08073852975227228
CC_5CA9AB4A6AB4,0.12056109771235259
CC_5CB78ADD2432,0.1440741017488803
CC_5CDE37CE08CF,0.03460571749847277
CC_5CE258D12432,0.38499513998662777
CC_5CEEF006ABF9,0.04449017501735843
CC_5CFD2850E277,0.26232335678380336
CC_5D01F71B9FAD,0.09381060870525418
CC_5D065A455A45,0.16819229038836947
CC_5D0AA7D4954A,0.35707592288140455
CC_5D242448B812,0.16411344843398873
CC_5D2C5115BDD2,0.16097892881861536
CC_5D3273E039AF,0.7204217841500962
CC_5D398BB3365B,0.08137734115602865
CC_5D3C1CE64952,0.08170377997265382
CC_5D4B0EBB5CD6,0.09764600040452927
CC_5D5E897588D3,0.1198103961914868
CC_5D65F25FFB8D,0.06526025093534174
CC_5D665A86C465,0.12802281300738608
CC_5D80C353E475,0.10226188509782
CC_5D8895A0AB4C,0.15420525451141173
CC_5D88A673BF50,0.20760345824165274
CC_5D89688B69A9,0.4426436377885556
CC_5D8AC8E18A8E,0.08465564727821627
CC_5D8E7DC2FA6A,0.5817432524209217
CC_5DA29AD9E85E,0.056185632890889556
CC_5DB286EAC626,0.29284448547568676
CC_5DBC1BB95B84,0.8589743029622223
CC_5DC0A465470D,0.039197433153102
CC_5DF82CB03C3F,0.11536226159816904
CC_5E001C93F359,0.0460476429043887
CC_5E029094A55C,0.6970374816870679
CC_5E0808121A65,0.1626034500009325
CC_5E1117E4E593,0.16139513536791333
CC_5E1541060A97,0.7391289398222097
CC_5E1C11540C0B,0.091774739170028
CC_5E1DC0E143F2,0.19119468439897022
CC_5E206AC277E4,0.23345322140854402
CC_5E22B4BC8B12,0.09934721191573223
CC_5E22D889B6BF,0.13053394309981495
CC_5E38425EC99F,0.7238366191869069
CC_5E3A70C2077A,0.13785730731571036
CC_5E5607D275CA,0.11238380092461286
CC_5E73C3D2B3EE,0.13122638766222347
CC_5E7F23A07A71,0.09298090060415527
CC_5E80A96974B8,0.26847107905060325
CC_5E8C0453B9B8,0.3072708408033042
CC_5EA599FBA5E0,0.5287482110526818
CC_5EB379BA6C7A,0.1404711442259991
CC_5EBB96F65AFE,0.40466980653070284
CC_5EC41568C2E1,0.07847339351522109
CC_5EDB5C924107,0.2891885281648307
CC_5EEE5D0FF8D3,0.17631695638632416
CC_5EEF07FFC243,0.0752403988781452
CC_5EEFD690759A,0.11146244295517234
CC_5EF2176F01D5,0.09620176960104228
CC_5F17CA33D26B,0.0688539653099386
CC_5F20750D6658,0.18349943761547363
CC_5F2CE32A6EC3,0.12566319337983728
CC_5F328EE757B6,0.040906502775297816
CC_5F35B8D87D06,0.22739489117291428
CC_5F390BA40E83,0.7182161151430567
CC_5F59092CA9B2,0.09636882775921095
CC_5F5916E96E19,0.15705849846592684
CC_5F5E835B9E6E,0.09471081674379181
CC_5F648D39D67F,0.5736152680904821
CC_5F6D4104C808,0.16308691218420526
CC_5F72EBE104D4,0.015201599689204854
CC_5F765C41F051,0.04576883239289978
CC_5F8859A6F0DB,0.0177441288617246
CC_5F88ACC7C384,0.09117371219138969
CC_5F89DFA97B7C,0.5465105096357448
CC_5F93A3E31DD6,0.645088352722939
CC_5F9A44423DD4,0.1671677821581852
CC_5FAA7965BD71,0.16502353986649648
CC_5FAFA265CA02,0.361491286480539
CC_5FBE1A34704F,0.18002376260328226
CC_5FCAA919577A,0.20023789090640712
CC_5FCD208ADD77,0.20598188831517175
CC_5FECD2BB0094,0.11569341919814566
CC_5FFDE52E6B7A,0.09886627380875965
CC_6002BFD3F26A,0.14815602333924865
CC_600311592F72,0.06451861958942928
CC_600AE12112D6,0.23558470909392557
CC_601C3178E38D,0.211493325981836
CC_6037EEA42F2C,0.4564265091663486
CC_604C08F76272,0.6475549491267532
CC_604C72AC662C,0.14863673948708947
CC_60510AFA8A87,0.13143235670378142
CC_605E2E26E52A,0.3155497006933484
CC_605E3904CD8E,0.13631762432309041
CC_60611B935106,0.11049372660479875
CC_6061787228F8,0.16978371585131136
CC_607270A72DFD,0.254881809964349
CC_60738E418DB3,0.1175429745390507
CC_60961DF8A134,0.16161685981027768
CC_609B7A7FA165,0.0788827737243991
CC_60AC5C892D01,0.12296259292312647
CC_60C09FF84412,0.1806808520824257
CC_60C87349D73D,0.2984005393092536
CC_60DA2FBF1FBF,0.10032347631656273
CC_60DA539A39FD,0.166440725021432
CC_60E974A0B278,0.06016834296822048
CC_60EF7D647EFC,0.019063355576638685
CC_60F525A39898,0.020446813266715446
CC_610009B69EBA,0.6858305230137767
CC_610FDDF5FE54,0.13799910265866613
CC_612C06CB5FF4,0.09940431334467117
CC_61307D82CC26,0.6664517051403909
CC_615030FD33CC,0.6923696544077897
CC_61649241FE59,0.16833722825555636
CC_6170051A606A,0.1554175197074407
CC_6179A630658E,0.08001717680059407
CC_617BD59427E7,0.09683501635144794
CC_617EC8BD5153,0.20586621357524715
CC_6191E14D21BE,0.055796102294716834
CC_61A798B8D222,0.045597317087394805
CC_61B4A983D1A1,0.06895998595866484
CC_61C9732AA682,0.6996539601499562
CC_61DC64E37471,0.03793648727677118
CC_61EAF14033DB,0.09899636963013712
CC_61F18E0C218F,0.034188668973045386
CC_61F1A1263F5B,0.1371396274639265
CC_6209EA426553,0.046362315803696534
CC_622BD8CB3807,0.40300328150949843
CC_6234A9617A7F,0.08530619678019973
CC_623AC074EB25,0.2325038437512195
CC_623FAACE8A80,0.04140739868179736
CC_6244E2935407,0.27136023444900875
CC_624535E11F69,0.05177856808098782
CC_624EA2917CDD,0.6845139258480106
CC_62565D08DDDD,0.7444549470724776
CC_6268ACD3F95B,0.5354433001879483
CC_626B61F4789A,0.572402447910147
CC_629193C2A090,0.28151615142485203
CC_62933641AC43,0.2565808350555135
CC_629480877536,0.3305763970172578
CC_629CB045D9FE,0.1111697081089266
CC_62A84BC400F0,0.3309709030513472
CC_62C36DF81797,0.19078102542714825
CC_62CC835CAE4A,0.7085316066300655
CC_62D4192F126E,0.8142375968348242
CC_62D7A3C9483D,0.07685131625353468
CC_62DF1B99B4DA,0.11216054730884933
CC_62ED7BA3E620,0.03211425906515331
CC_62FC001AFC78,0.09574217411065768
CC_630412B4AFDA,0.19275320935538753
CC_630903AD39C1,0.02191141189598123
CC_630938DCC1B5,0.052485013053971685
CC_630ACED773E9,0.49990593901435204
CC_631E1690D913,0.0624447039902309
CC_633A7C7FC25F,0.25797499696914833
CC_6342051D8FEA,0.24804116682149863
CC_634CE4E8AE49,0.19999035545398386
CC_6359692F5EF6,0.12989863064436952
CC_637278423A6D,0.2687455573102506
CC_6377AB848081,0.08727881672913528
CC_6381A65E0A3D,0.1054995015267744
CC_63871B4814E2,0.11530424997001959
CC_638AD269F05C,0.025377815768562628
CC_6391AE0FB83F,0.16149202771250296
CC_639703EE2ABD,0.03215990128713296
CC_639750C87A7A,0.7264116766830117
CC_639B1DCECD2F,0.18633249907530255
CC_63A869443AC0,0.42287386560327117
CC_63CCEE26BCAE,0.05998533361096032
CC_63D51CECB6D2,0.22251761811846585
CC_63E53402FC02,0.015201599689204854
CC_63FC6895901C,0.14040710206879667
CC_63FC8A97D9C1,0.1481846054733252
CC_64117B93EF73,0.34530653611641976
CC_642D9C325F1D,0.33280352799171664
CC_6436B950E22B,0.20650978292190783
CC_6445BD3DDB6E,0.030077562882145702
CC_645C15569E42,0.14123749870623878
CC_646472AD66EF,0.08778903198038102
CC_646B8254357E,0.17081957364465142
CC_647F4BB4983D,0.5776261936704454
CC_6489ECEEFD0E,0.09128129828158725
CC_64946E57306A,0.03517718268180275
CC_64976830B0B7,0.2749851374070188
CC_64BA10F3FAA1,0.10431017020652454
CC_64BA39A0DFC6,0.08533217107150522
CC_64CF9A79EBFC,0.08444793759330615
CC_64F0E0473D1E,0.0751293353025253
CC_65006C2AB2D4,0.7853782704910404
CC_6500BD19FA06,0.27876840154872207
CC_6504DCAA90E1,0.07288373923975257
CC_6509C7361994,0.17060891849122814
CC_651486189673,0.09994655553450076
CC_65194BAE506A,0.19942651772844988
CC_652539353439,0.16143449806425297
CC_653CE5FA5A76,0.2554832305945222
CC_6560C2F4EDA4,0.18679422215494185
CC_656137F98187,0.6304100519093084
CC_6575B4B39113,0.025997625640997297
CC_657F629D31E2,0.28336771535854965
CC_6580B7583ADE,0.1909470457906971
CC_658477BA75D6,0.02448793861901249
CC_658B7867BE7C,0.1392705982763148
CC_6593FE5349F2,0.06451314340639142
CC_659EE0F05A75,0.31656350528260424
CC_65A0D8134410,0.2684208913293079
CC_65ADD5A19F64,0.13875899389991034
CC_65C3F0F73BB1,0.09396688747849487
CC_65C47521C285,0.0206703854090717
CC_65C4EE0B737C,0.2549874873856618
CC_65CB68404333,0.20096351330072407
CC_65D6DFF1B766,0.12323079555137922
CC_65F1545C35E1,0.21951176367389458
CC_6602547E2FCF,0.2108343277527321
CC_6615D7044816,0.30092846913225024
CC_66244D4B72EA,0.09635846627191176
CC_662E5AAE07A8,0.06238800920866202
CC_66322B339E84,0.039331851749811506
CC_6634FD4B1CD5,0.7863278202505968
CC_663DCEF4923E,0.21916657626764063
CC_663FE5BF918D,0.5093752286733908
CC_6645798E740D,0.08062417879626138
CC_6649736C8321,0.7945268027897303
CC_664E1026C4D9,0.27213148158692047
CC_665603C4A33B,0.07336651570567038
CC_665BDD9C8039,0.4311156688336443
CC_665F2AD58363,0.1908245416239741
CC_666767444BC3,0.23394193754391418
CC_666C0A2A8674,0.04852186224240254
CC_666F2BCDC7D7,0.19844667716025885
CC_66775178B226,0.06617861930696112
CC_667B6F8C846A,0.6978525852589216
CC_667E909835A4,0.24060481801235928
CC_66809C278FCC,0.18880400987617016
CC_669CCC44CFCD,0.07730766041723187
CC_66B0BD3F6516,0.28581065264976174
CC_66BF02C05DD8,0.14778561443998822
CC_66C491256BE4,0.0719202955595021
CC_66CEFA65F912,0.42385007936378494
CC_66E025DB3282,0.6696648021608043
CC_66E7B423A32F,0.7101319037288725
CC_66ED26E7BAD9,0.0872418984167802
CC_66F7FF7735C3,0.14698201581832449
CC_66FD0CE6D57B,0.033240482515105155
CC_66FFFE05C2E8,0.08955534804054016
CC_6700012A39B8,0.1540884844852336
CC_670FC6A064F0,0.17532117659911456
CC_672932B65802,0.05998903872362536
CC_6742C6478F98,0.18504017423921787
CC_6745321663BF,0.05837550373310035
CC_67579CF57290,0.15149205809808142
CC_675F7483FB90,0.15863092625494832
CC_676ACFAA6131,0.6637449595908079
CC_676B423C495A,0.6319681077116409
CC_6771C0D1CB1F,0.04341711695160395
CC_677EE0369CA7,0.0837852892854644
CC_677FE35855A9,0.23103853673596905
CC_678091614A14,0.10829697530378798
CC_678A43ED0803,0.6476474575387439
CC_67955C210226,0.08950076130361712
CC_6797E0B01112,0.23293936464746146
CC_679D90941842,0.1720150245958502
CC_67C05273700B,0.10237961782437514
CC_67D5172B6450,0.15187163004051105
CC_67E8CF412D93,0.1205665463267139
CC_67F6576A6836,0.24758130891629215
CC_67F985A00A12,0.058868846101823524
CC_6801AD1D4478,0.08170377997265382
CC_6803BFA94B17,0.03953836065855463
CC_680B16E5E240,0.13815990938158515
CC_680F2D0F4F6C,0.07671797970121619
CC_68221E1393E1,0.10131011894317374
CC_6822590B968C,0.17836724987708216
CC_682D8EBCEE94,0.2250568296445207
CC_68429B4AE401,0.4887820460167846
CC_686B26BDD061,0.047810596852494655
CC_687518442359,0.49743607662669315
CC_6875DA61F422,0.19287763063617272
CC_68A3D749608C,0.1784823051989988
CC_68A9C3CE2557,0.07891371246461194
CC_68B9F8C6D9D6,0.6764226836117935
CC_68BC65E3C84A,0.5228225138390621
CC_68CC4D1D898F,0.06774763176255978
CC_68D0ACBD2D0F,0.015490535634218013
CC_68DA8D5488B3,0.08430968951960013
CC_68E675A69AF3,0.18808399964493516
CC_68FC9E6FA27E,0.17089046267127259
CC_69322F7C4CE3,0.1286463204030468
CC_693710EAD59A,0.21310109766196017
CC_69387752F41F,0.5205665001493084
CC_693B71DDFE67,0.13752167195435663
CC_693D4AEDA3A2,0.10293684954169088
CC_6952171BCD2D,0.16266662821922262
CC_69547DEB412A,0.19474279694072183
CC_695E80DBA42A,0.0873052733059326
CC_69717E76CFAF,0.4916550978554836
CC_69741BF89A2D,0.13434513293074976
CC_69825C70EEE9,0.28471703379887103
CC_6985C268DC74,0.4999771674702506
CC_698886C4AD90,0.1605524084334579
CC_6999901A6060,0.18387330284615658
CC_699ABD34646F,0.05327786210620949
CC_69A98DC7A907,0.07452162628302132
CC_69AA6E0DDE10,0.40318719864912045
CC_69AD5A48A78B,0.23923141758273805
CC_69BA7BFF98E2,0.12583026106290965
CC_69BBE365C097,0.041692314787855324
CC_69CD95A00D9C,0.05821379217690478
CC_69D328691680,0.06272893581810751
CC_69D39C9F36F2,0.23576925943116203
CC_69E09390CD64,0.06585780670949318
CC_69FD49E90AC9,0.3431898095130954
CC_6A099AFE73BC,0.15345360417337092
CC_6A099E6C91BA,0.3029009421305698
CC_6A19EB191A81,0.015201599689204854
CC_6A39017046FE,0.11560346892028969
CC_6A4A401F2920,0.361013900470937
CC_6A5261180031,0.04280890298062019
CC_6A7432494840,0.18447149607797295
CC_6A7963180D20,0.40047441200663014
CC_6A7D7E5F814F,0.6099210132603031
CC_6A8B8BBA749E,0.13492589412880618
CC_6A8DFDB0621D,0.15737570932186062
CC_6A93C436E2FF,0.11255167786351622
CC_6A97F81D9A0A,0.15293324064597502
CC_6A9D1622B4DE,0.3073527880582367
CC_6AA6589445C1,0.6859778627919816
CC_6AA7A87F59FD,0.17003619008158488
CC_6AADD44C0B52,0.09175740815360371
CC_6AB4A5EBA3F6,0.17512238829921037
CC_6ABA7D0ABAC5,0.10530508390830073
CC_6ACF1E52BE8E,0.13501248049810746
CC_6AD3513459CB,0.09420098319340275
CC_6AD4238EE77D,0.19371945269330626
CC_6ADD0FE5DD74,0.6938740883807225
CC_6AE2737BD3A8,0.09090096441556474
CC_6AE48C1F2448,0.17498184493311245
CC_6B00A666A420,0.6943204486455102
CC_6B07C3992304,0.05192011213249014
CC_6B0A72BBD800,0.624338112099198
CC_6B12B975F2EC,0.3222095528643914
CC_6B12C9507F32,0.19379333992904146
CC_6B34719D93AC,0.6471625600693811
CC_6B34740DD355,0.1640724761123877
CC_6B41081727AD,0.3075906959355318
CC_6B4902892E70,0.08558042917346786
CC_6B5BC2D89077,0.7344539708044756
CC_6B65242C2CCC,0.17042670999009218
CC_6B823BACBE75,0.34975338199256784
CC_6B83E1A959C2,0.2838041583686457
CC_6B84FB3DE604,0.018176083123344546
CC_6B8AABAA752E,0.17842773401844667
CC_6B8AC0DEE990,0.3962912480024479
CC_6BA45C072D40,0.15070048219997995
CC_6BA72ECB5027,0.09909158843168106
CC_6BB560F020BD,0.07517757631739741
CC_6BDF0B68C126,0.015201599689204854
CC_6BF0A9437728,0.09622403988083475
CC_6BF3B9097199,0.14049993813971365
CC_6BF7A1EF31B9,0.16813649727824165
CC_6C29DF49246A,0.06291541984832702
CC_6C3C86C2125E,0.10074563652472589
CC_6C42FF6D7218,0.6994994803989154
CC_6C541A482CF2,0.2364303110236859
CC_6C585A6BFE01,0.8498043058149118
CC_6C5CE36700D0,0.1896282988053015
CC_6C62C2094733,0.10426758812595543
CC_6C66539A9D02,0.2966904882270025
CC_6C684505E498,0.08942089699071691
CC_6C6E40927C35,0.015201599689204854
CC_6C7736F51C12,0.7158495733986124
CC_6C781CEB6F52,0.08699416197440529
CC_6C7E39BF4744,0.10888994202135595
CC_6C9EE9BAECEE,0.058278603809603105
CC_6CA0F076091A,0.09794331730454019
CC_6CAD299645B0,0.10156978543231855
CC_6CC3C50BA394,0.09954110361980689
CC_6CC593C5385D,0.033697426956415547
CC_6CDA4B24C602,0.29033904572997754
CC_6CE31AFF7813,0.06295563438658604
CC_6CECB68DE9C1,0.3503485589471053
CC_6CECD3DBA212,0.19846390043206993
CC_6CF17D012682,0.20328429343369725
CC_6CFCDF903310,0.15819791972941505
CC_6D08B5E62654,0.08714429501937695
CC_6D0F60667273,0.2842831775498253
CC_6D127EE83945,0.053018007189244494
CC_6D134DB29068,0.35063659341085973
CC_6D141A49D94E,0.5325313864735626
CC_6D148C0A624D,0.1794329439742756
CC_6D1EFDDE2EED,0.058286306387627614
CC_6D22B938D7B9,0.08086325261304478
CC_6D27409F4956,0.11583475608631032
CC_6D2F0EBBCA4D,0.2613645528462094
CC_6D43BE30E8B8,0.22894745514551926
CC_6D4EDEAF67C7,0.2024621590324197
CC_6D72571304DC,0.5109308617641994
CC_6D7C62C7C161,0.05997227132284465
CC_6D8A18C28AF0,0.06228237795317357
CC_6D8B35007242,0.0687711980928661
CC_6D93A9E49E3B,0.17537372239395518
CC_6D9C644A082B,0.10849993165159029
CC_6D9F52BD4D0E,0.09083697380454862
CC_6DA058F9B631,0.38576595491634424
CC_6DA1F8DF9CDC,0.2588198775634914
CC_6DB000AEF16A,0.12229994174731434
CC_6DB5025899E3,0.22975921630111443
CC_6DD6FA2FA0C6,0.11169992838739869
CC_6DE4E4C1A31D,0.17908430028971103
CC_6E09CBC15C94,0.4941604572358785
CC_6E353816938F,0.035021068223747676
CC_6E3AB992A5C9,0.20272695340509853
CC_6E420A2FE490,0.1638673686766478
CC_6E46D01888D5,0.17704610696577502
CC_6E4702162475,0.06988134496834637
CC_6E548AF15091,0.20781892182832573
CC_6E5C9A2DA27E,0.023857380726562682
CC_6E610F3976CB,0.21493455778803808
CC_6E614FF9BE02,0.6697324878224117
CC_6E68D46447E2,0.08664653647236396
CC_6E712C21215D,0.026829275610168478
CC_6E84DED41B8B,0.13683164420506144
CC_6E8557E30DC9,0.5500243909269694
CC_6E8963475D35,0.19659724206653453
CC_6E9880CA0BF9,0.28183739435007094
CC_6E9FCD68ED52,0.6905308445367545
CC_6EB194A93F60,0.1131365462768656
CC_6EB370F511F7,0.05064166667475262
CC_6EC722B2BC2F,0.14397216850008152
CC_6ED1B0EE4B6C,0.19546105003560926
CC_6ED65E7CABA2,0.09071326080809203
CC_6EDA84B653B8,0.4097702161425043
CC_6EEE8E7C1D1C,0.17569376808069856
CC_6EF17801ADD6,0.1517824338845725
CC_6EF337CC4BA9,0.23058350969173438
CC_6EF464EC9FCF,0.09534038118804196
CC_6EF6B8AE7DCD,0.03343885723453006
CC_6EF8C59D8395,0.9568181923572076
CC_6F2146FE362E,0.03754288584496491
CC_6F2408B665A6,0.37782906426376023
CC_6F2B8E925D59,0.015201599689204854
CC_6F3034E96848,0.14046002170646993
CC_6F3559ACC2F5,0.03557128186119536
CC_6F46C5897DA8,0.4390378961151699
CC_6F49ECAE902C,0.06543699834369736
CC_6F4B818665D3,0.10196053106350682
CC_6F4E696A1F88,0.32100758946567737
CC_6F54BD66C0EA,0.1640048257092315
CC_6F786C433998,0.12309662297533625
CC_6F78BF56B0C0,0.0900944498580233
CC_6F8346F138C1,0.45715925387275425
CC_6F86CFDB23D6,0.03821800800901627
CC_6F8E30AE9457,0.20493590685552934
CC_6FC25B27AC26,0.0742233643606474
CC_6FC8BE007FE9,0.11803567889238852
CC_6FC8DA40122A,0.20094472852717452
CC_6FD8BAB1DA3E,0.06917049590549142
CC_6FE4FD09A9D8,0.08147068258878583
CC_6FE78CB02174,0.027782830460918683
CC_6FEB8EDBF2A4,0.16441629349051515
CC_6FFCF2DAD0A4,0.089146219918315
CC_7002034B0979,0.07561300302501657
CC_7006523D45E4,0.08648981136916827
CC_70097151A773,0.08330944683868396
CC_7011BC95A91B,0.01924795338162576
CC_7020F3C11A3F,0.16937563864651684
CC_70306409A3E8,0.3517910230312596
CC_706B18DA7204,0.15645089799422385
CC_70703A59C070,0.1493682893651955
CC_70749DDFF595,0.15628873369233226
CC_7079CE5127A3,0.02394870156930848
CC_7087A46F0AB7,0.09686109322521673
CC_708B73EBD939,0.14007962217947734
CC_709315667BCA,0.08073611518939681
CC_709970475B6D,0.6518960885515459
CC_70A56ADAC199,0.03350388302309195
CC_70ABB244502D,0.037766186953950114
CC_70B0176647CE,0.13504362276696716
CC_70D3353DA1C3,0.06522234545070425
CC_70D652DF4E91,0.14045164001104998
CC_70E3121BFDC4,0.12039911412449009
CC_70E5FB8B072D,0.03145283588920935
CC_70EFECA3FAEB,0.16173647303037048
CC_70F59DA18BCA,0.4868585022078595
CC_7100129A0AFF,0.07978391396375856
CC_7113554E33B9,0.06199764467488687
CC_71260405461D,0.07228287402085833
CC_712677251322,0.18705052776779385
CC_712D31B2785D,0.04916553244052206
CC_713052DB1E2E,0.06181949191581991
CC_7139C2D6F1AC,0.13661899802979813
CC_71427FC8FA49,0.2468590796373331
CC_714912E93A71,0.1321246454207392
CC_717A5C2ED311,0.21175169552595738
CC_717C94F5C8F1,0.06998401333899827
CC_718F067F4DA0,0.032685468331752086
CC_719E714DD38C,0.04053335340052619
CC_71B169C874D0,0.1543513761741335
CC_71BB5070615C,0.1226259301390789
CC_71D37D6D19C6,0.26080119546526664
CC_71DC80205F42,0.19807617457618
CC_71DEB636B8CD,0.5608971312689469
CC_71E4CBAA1211,0.16164742950113953
CC_71E787049755,0.09032491213071914
CC_71F1EF5575AC,0.0843813716441608
CC_7201DD8EB33B,0.1671582406503943
CC_7202C8CE2317,0.29354291291178275
CC_720B06583C57,0.027860609086459324
CC_721DEC038BAF,0.07733616115091664
CC_72219BCC83E3,0.17663807336856713
CC_7223DABA7E98,0.08554926003408198
CC_7233459FF7B8,0.17258169768570594
CC_7238A8A6767A,0.19615175741051263
CC_724559551664,0.7257660545046087
CC_7248EB4B76CF,0.04676333047643303
CC_7259B5314D92,0.09071329020366702
CC_725CA03102FE,0.031760142256951
CC_726E05E5A555,0.1454525383571998
CC_7276AEED6D4A,0.05840047568723412
CC_72A18E8D6670,0.03163353779044544
CC_72CDBC38202A,0.4978862103926591
CC_72D8B2ABA2D1,0.7925114452906602
CC_72E4590D362B,0.38388662193970785
CC_72E8542AE4BA,0.05210804478400572
CC_73010B6E55DD,0.6636309636761833
CC_7309A4693D52,0.13449514395403375
CC_730C2A3FF1BF,0.16485427434035643
CC_731C1BCED024,0.582774015734218
CC_732C325832D8,0.2067667428627975
CC_732DFCAA0A75,0.17294170979261267
CC_73322A6A24B1,0.7758412941271203
CC_7336B19A18AB,0.20992472086617914
CC_733AF1D123B8,0.33258852556386614
CC_7344A0E90AFC,0.0902480370514825
CC_7348C2B475B7,0.1365826930322292
CC_735E1A78B058,0.08243478317617468
CC_735ED2A02DC4,0.13871817756366484
CC_736015DE4E3D,0.3557811060692739
CC_736A42761E55,0.1062915224334372
CC_736C0436B98D,0.14100048210132243
CC_7379212919FD,0.0723103331907373
CC_73859CD59E75,0.5301872793173326
CC_738B201B1CF9,0.1176935111919854
CC_738DCB11942F,0.05235063579319346
CC_739198ACE582,0.13658318548828113
CC_739D093D7B69,0.09103795153417295
CC_73A7FC903662,0.18501358386852723
CC_73A8927DCEB9,0.08929850314713045
CC_73B575BBBBE3,0.1751952556162668
CC_73B6B9AD2002,0.0499527203558859
CC_73C28D72A5A3,0.47714889674766026
CC_73C38DBDF9A7,0.11048744558541856
CC_73D44BEF6754,0.356884673013142
CC_73D4C1D7C022,0.08424710721391009
CC_73EF383F3C2E,0.1491856401397436
CC_73F34B1607C1,0.06282261986956993
CC_74137206902D,0.08224010571814469
CC_74198E5EC366,0.05501972180837183
CC_744FB5804A8C,0.6002360372587692
CC_7451E64B6D47,0.16230035136505974
CC_745A64878AF1,0.07537676919647394
CC_746B196CECA1,0.16402922508041037
CC_746C06898D5B,0.6682881778037318
CC_746DE1EED0DD,0.250374009716957
CC_7476938CF6A0,0.5248999812476473
CC_747CFDB7E305,0.09425527320990275
CC_74845374E870,0.7664673114883859
CC_74AD8D3B192C,0.7093622455511503
CC_74B90A15B270,0.1424980445880361
CC_74BA5D46E909,0.6793122880232578
CC_74BE0AD5E21D,0.1900737071804892
CC_74C33B66F002,0.14522773947930984
CC_74C9C3F17421,0.05634518157834291
CC_74E4BD5C07D2,0.06882469013809976
CC_750D90249EFD,0.08754193642729316
CC_750DA21B7EDD,0.3086623256423933
CC_750E6537383A,0.21441729571889143
CC_75137D6F9DCB,0.07826071239940563
CC_75173A8A11D1,0.4061037790776534
CC_751DDC1FC2AD,0.10014103445960838
CC_75357E0206F5,0.07272981630803156
CC_753D160E3A58,0.10748581100661093
CC_754447632F75,0.027628758361695288
CC_7549363C5D36,0.055054877051759085
CC_754F3894627C,0.1010774016787728
CC_7562CD43897F,0.16110769233536026
CC_756A077EC614,0.41929901464662667
CC_756D3492443F,0.30638391170404966
CC_75783B3E6C6E,0.041185659084625896
CC_7598068A716C,0.032717856675721836
CC_75A37D8C1F6C,0.5432517880496712
CC_75ABDDA24C26,0.1226602174065041
CC_75B287424E59,0.43861067047543884
CC_75B2B88876B6,0.08787150896697152
CC_75B324FCDD4A,0.22360825132897796
CC_75C1466E61E2,0.2144044888604867
CC_75CCCD9D4568,0.10806767505782376
CC_75D2DAF4491C,0.2957922387531367
CC_75D54090AAD4,0.10879479737946902
CC_75F1927E5941,0.6819488387114461
CC_75F99AD6844A,0.30638391170404966
CC_75FBA505C727,0.30021003105486077
CC_7615CC930B76,0.14845662181813854
CC_76168488EBB0,0.575263876911029
CC_76197A77D666,0.015201599689204854
CC_761F48F8E962,0.240359975904103
CC_764C6ADC6D1A,0.09865195936947252
CC_7658A6B0910B,0.03487729897475312
CC_766347951B7B,0.5363154881422768
CC_76857712D8F5,0.3691231021398154
CC_76A0DF2549B7,0.0960945760626228
CC_76A636414AEB,0.2558821390223847
CC_76B01540CDD1,0.17318734869752417
CC_76B420FC66EB,0.08955318586425959
CC_76B6BCD2EBAF,0.07313665551371613
CC_76B7A0029620,0.11196359490134018
CC_76BA435EF2AC,0.1596356373230655
CC_76BCC1AFDA4D,0.073171739238082
CC_76C35913E797,0.14030941697591084
CC_76DE3DF1DEE3,0.1883198614381292
CC_76DFA4CD068B,0.07630995581253482
CC_76DFE3568C72,0.24081032483135156
CC_76E201F1E036,0.3403427717250937
CC_76E83166FE0A,0.14685404906906344
CC_76FD9E9D9ED0,0.14686188382207843
CC_7720BBD06736,0.35915564103830866
CC_77340228F356,0.6828378708524594
CC_773CBBCBAFFE,0.08656239204622893
CC_773E9B092923,0.12276593361626245
CC_773F22C3E42F,0.040427082109962875
CC_774ED295BF96,0.15814363456921282
CC_7751ED6DF76C,0.039896151142877014
CC_77571749B970,0.1292010059145798
CC_776F8B3BAC08,0.11771139858267088
CC_777889F9694E,0.033764898655885445
CC_777D08513AE8,0.07191899472580333
CC_777E3D988EFD,0.26215490937590713
CC_7795BEDE05E8,0.27275580257285176
CC_77A9EA3A6784,0.09113881678936657
CC_77B1AB7960A9,0.21150704647766763
CC_77B6EA810549,0.2356974800921168
CC_77B9889C9BFD,0.15813131963175497
CC_77BC55DC92B6,0.16902868380640057
CC_77D1DFCB0A8B,0.05137925717917939
CC_77D9AC43DFE1,0.1774991643885691
CC_77E6EF1CF2F7,0.13013751109150992
CC_77FFA8E6B36D,0.12222776555301847
CC_7801661A9DC2,0.1643665101131817
CC_78069B1BD931,0.15579574577469707
CC_780828B48716,0.07958266070915698
CC_782130B98F34,0.11038191937983428
CC_78273789B3C5,0.7404631401105614
CC_78296783E4EA,0.17287263406420356
CC_782B06291D87,0.07270495596669646
CC_783A2D4C89F9,0.4493734162892977
CC_784407E16923,0.1211562757389535
CC_78491B6255F2,0.3998182277974157
CC_784F17AC712F,0.07375343490037446
CC_7852FC3BBADB,0.07388050568040289
CC_7866E4CE528E,0.7011697896427942
CC_7867E7C01013,0.19769841979738353
CC_7869F609EC2E,0.20053273451865056
CC_7874F14ABD7F,0.20033939978415435
CC_78774E05FF12,0.14956419265394041
CC_78815A352067,0.10416007552126855
CC_788FF4549766,0.2505611573505519
CC_789977501322,0.09496219730165278
CC_789B2BA880E7,0.03668687298285244
CC_789D87F51AA1,0.05362445531513277
CC_789DC3C358CB,0.20807961481409282
CC_78A036DF6320,0.7121593044339743
CC_78A3EA63B7EF,0.026393860931794064
CC_78BF1B8FC1CA,0.09731034875642555
CC_78C96E7015BA,0.6884551204414422
CC_78CC84FA2CE2,0.17494542874617144
CC_78F0087076CF,0.2054949860076658
CC_78FAA95F5B5F,0.10840697900357513
CC_79033EFDE096,0.13711565412348417
CC_79086C18A963,0.15107470655267125
CC_790DA2ED9F5B,0.11598321125998243
CC_7928811F7D86,0.08422503395168898
CC_79345478FCE5,0.22445217408605883
CC_7936C8D65B95,0.1431330266639517
CC_7948C5509411,0.5003119569681636
CC_794ADB0677CD,0.11768773845814731
CC_794FF8E7F876,0.0443388014405125
CC_79500EA652BC,0.5920612150504573
CC_795083A66DB5,0.04152798845135237
CC_7950D4B773CF,0.13681894088865046
CC_7955AEB49759,0.1491789872191021
CC_7964F862DFA3,0.4549249800166619
CC_797A700CF967,0.5341080322948331
CC_798180DDF677,0.3749627344085726
CC_7981ABA9C370,0.10587804655031964
CC_798B2DC03C5A,0.08235261769268849
CC_79BD986C23CA,0.07957699489655534
CC_79C6BA680815,0.5213051803866582
CC_79D694E6F5AF,0.21900094979237156
CC_79ED9A0F6E49,0.47770160636777353
CC_79FA2512E5A2,0.15664360405748307
CC_7A0024F6FA60,0.21726172314061998
CC_7A193A453F27,0.03307774563149211
CC_7A1F071DC5D4,0.4064975439926534
CC_7A5D96BC99AA,0.7357192071883757
CC_7A6B51562949,0.15506794285238742
CC_7A6D7F9654DD,0.45038517541896966
CC_7A778E010F33,0.28062083712751673
CC_7A7FB841B669,0.590918741403559
CC_7A91013D31E1,0.1267596854794519
CC_7A9117596769,0.0448288583436345
CC_7AAF340DCE8F,0.19038086681199284
CC_7AB146267981,0.292058383954235
CC_7AB2A9CC8424,0.26959980668367645
CC_7AC1DF18CBA4,0.2270430180423361
CC_7AC4240DD225,0.3248688667023214
CC_7ACB325BD924,0.19164964615518346
CC_7ACB88002397,0.5164678608454096
CC_7ACD4F370AED,0.19689857712901151
CC_7AD4072A9F82,0.03647194393953767
CC_7ADEECDE4D73,0.2529673871429514
CC_7AEB48D8C5E0,0.07464807396687138
CC_7AFA5CD2B29E,0.12239445908413597
CC_7B092786DDB0,0.04942948079553263
CC_7B1B35D5628E,0.03347996709968951
CC_7B210557F04A,0.1531378578240702
CC_7B369A7C1D3F,0.17221639643288592
CC_7B4002591821,0.6572105660617621
CC_7B42BD80D79A,0.1761674697841825
CC_7B44FDF08B93,0.0991703949954842
CC_7B501C32CAE5,0.08062347371067545
CC_7B88520D4FA2,0.41024115683386736
CC_7B8ABE6E552B,0.23812655020654633
CC_7B8D2E07908E,0.4007846779620644
CC_7BA150468D19,0.5921047612656455
CC_7BB159FCEB53,0.24832771098729528
CC_7BDD72710831,0.07336651570567038
CC_7BE02C65B967,0.17882914478827042
CC_7BE382988C1C,0.6374814060722923
CC_7BE6110DBAA1,0.3310207240096628
CC_7C0B14BB0573,0.1563956342025239
CC_7C0CF5558904,0.654777693864812
CC_7C13E7F561DA,0.7107326021670751
CC_7C46F7F667F3,0.1184404262564066
CC_7C510CE0521B,0.0937405852485585
CC_7C61B5D39E49,0.4679995899863458
CC_7C6770DDA182,0.12734752611821792
CC_7C6DBF78A610,0.1026679370939254
CC_7C7B0438E3AB,0.15661879317753005
CC_7C87DFBC3176,0.10178344385779181
CC_7C9528E94215,0.34960127454057394
CC_7C9ADE65CF81,0.09581854726869948
CC_7CB6CD1B9DD0,0.0303137334852632
CC_7CB7C7E55BE6,0.1614208079167924
CC_7CCC3A690325,0.17609817740827996
CC_7CE5689488DB,0.0198181405414407
CC_7CEB758A9814,0.0522117605113554
CC_7CF7443D923A,0.056165447513308556
CC_7D0D597690BF,0.16290502511387897
CC_7D0EA0307817,0.04664621245986724
CC_7D12E6FF25C3,0.10877011769006839
CC_7D28D39AED1F,0.5865534915580581
CC_7D2D19D832FF,0.058286306387627614
CC_7D34A67E1369,0.05897667801777971
CC_7D4388B41EB9,0.14663677139791867
CC_7D46FE573D79,0.0748631097023319
CC_7D7810799F2E,0.04558496123605513
CC_7D79241150C8,0.1821680208795231
CC_7D7B92EF2655,0.1428235487339226
CC_7D8C2495C1F7,0.07918067392483855
CC_7DA4F1BA24A1,0.6212373016113576
CC_7DAF18939084,0.06968737826382998
CC_7DB8BA427410,0.04802139725689478
CC_7DC9456F1161,0.032623978045702995
CC_7DD2CBE0F0BC,0.21033035702921166
CC_7DD495158BFD,0.6805937317625748
CC_7DD5411F7A14,0.32420467014096954
CC_7DF099A7A092,0.21430004222156024
CC_7DF27D2AC111,0.021493086254802292
CC_7E0CA072EF93,0.07223950353625751
CC_7E0DA100F5F2,0.21475187572889215
CC_7E1086EFDED5,0.03594300759535331
CC_7E12E0F3CF6D,0.09705267698531145
CC_7E178CE78FB8,0.07832208683624531
CC_7E1C1A6D0E9A,0.15931813012036364
CC_7E2A76850DF6,0.7940865117180248
CC_7E3ACB15C69D,0.0902747617739071
CC_7E3F3373A73D,0.7247476502691306
CC_7E42A3D0737F,0.12368798609645058
CC_7E4679C534D7,0.21123950875701153
CC_7E53FEEB19B1,0.2417805454878251
CC_7E71CE7FC603,0.21224420997306953
CC_7E8333DBAEB4,0.3842410379606962
CC_7E843438DE4A,0.06154991295254796
CC_7E8E4747C0D0,0.5996064161128216
CC_7E952828C1B5,0.08619168829822806
CC_7EA6431FE6F5,0.0991479021032356
CC_7EA7BA7621C3,0.25436006240769793
CC_7EA8F24B3010,0.1055843024500058
CC_7EAB28B0309C,0.07114686052706384
CC_7EB4A5BDA97E,0.07709447559415174
CC_7EB4B0A36534,0.09688241438377107
CC_7EB791F4AB2E,0.15152694492654747
CC_7EB883C9D5F9,0.038469990598620704
CC_7EC59C577F02,0.06780996709314854
CC_7ED2683D26DD,0.08381614041852781
CC_7EDB3440E0AB,0.5891020496553455
CC_7EE12013C7DF,0.15916563007742285
CC_7EF824CC0D3C,0.1189373153903855
CC_7F09C6F6321D,0.7175004579852635
CC_7F1AD40DA179,0.24698652064646015
CC_7F1D38A39164,0.07528606268637801
CC_7F22B7D326CC,0.18774935370328727
CC_7F2614F1AAAE,0.23064541484182538
CC_7F2CDC7C1634,0.0328172079842398
CC_7F2D46DF9BC7,0.1542313395781937
CC_7F57A90B69E0,0.22656793518745932
CC_7F633226A676,0.3117749802647584
CC_7F753D809267,0.7042290284719392
CC_7F7EBF25AED7,0.02021689150631487
CC_7F8496CC5779,0.025029300494330192
CC_7F88D9C5D258,0.09396698534057499
CC_7F8AB4DCA794,0.1416739126553548
CC_7F8CC9509418,0.29730555380650037
CC_7F9069571F79,0.2578155738938755
CC_7F9AD27E079E,0.189006252330791
CC_7FA281AC1C7A,0.05688360407234264
CC_7FA389E90548,0.06921378118368057
CC_7FBF4A48AF55,0.055199277140545684
CC_7FC40175A8E1,0.3309228579878428
CC_7FD58EE7029D,0.07510306370060663
CC_7FD7F635C341,0.05468263961831217
CC_7FDD458DA059,0.19687190372906324
CC_7FE85C259E03,0.0688539653099386
CC_7FE8CD30D7E0,0.08852055740689928
CC_7FFA32DE7B04,0.13679776643436534
CC_8014F1E2C5BF,0.038330451073315085
CC_8015895C1C29,0.2277401133015371
CC_802BA7E39A13,0.04600257208339549
CC_80300D23C3FE,0.4794360805123997
CC_80465303B6E2,0.17576067310314575
CC_805ADFD46B84,0.05679930887450847
CC_8060F40D9522,0.18257642625313802
CC_80621E822131,0.05386064833360417
CC_806654B580B5,0.4829686284623445
CC_806CFD6A52BA,0.022630186443966686
CC_807935BBEB7F,0.04218388121653112
CC_807C57E626E4,0.07418392658805711
CC_807C91C98684,0.015201599689204854
CC_8096B589BB07,0.17204027952560877
CC_809D60155E9D,0.03979114986304334
CC_80A2189E5125,0.5353895761048733
CC_80AF87F62770,0.19191609255281822
CC_80C03DF9CC57,0.19771512182889667
CC_80D9B6563750,0.5608789800387028
CC_80E9638ABD4B,0.04700086613690613
CC_80F7171B71CF,0.10680375555033153
CC_80F9983BC18B,0.04663344043594231
CC_811109A98EFF,0.09549108522158639
CC_8129480B056D,0.299164820363509
CC_8134E5DA9FEB,0.5693321770140913
CC_8140399AD344,0.1040561042759012
CC_8140E278B6A0,0.2236026071473969
CC_814E0F756757,0.48872305480983835
CC_815FAAABFC91,0.25185593761018005
CC_816B28807CED,0.07826750341906302
CC_81821F9F2307,0.4893693116872489
CC_8186D7991EB8,0.03955671362915414
CC_819E203180C8,0.8089362591794647
CC_81A5E3141BDA,0.5137080091938069
CC_81B5CED8EE79,0.15107425933177734
CC_81B91198E00D,0.7668353932333908
CC_81BADC379C8B,0.1938003858647717
CC_81BF8EA390F7,0.05628207710438245
CC_81C5FC962C72,0.047487932111804056
CC_81DDBFAF1CB6,0.047278464807047914
CC_81DE637E6138,0.03172883008266297
CC_81F389DEC9C5,0.09030245301905472
CC_81F647806849,0.13387418659479342
CC_820D491B2903,0.7698406743113186
CC_82172863AA45,0.2753216974595977
CC_82195FBE9366,0.05535032477916632
CC_821F503DA953,0.08055281574097739
CC_8221AF9B0B93,0.7605578064973332
CC_8222D1C47857,0.055796102294716834
CC_824BB6CD2B25,0.059658712134209216
CC_825192411933,0.09536769927625972
CC_8270E213EDF5,0.2130269095567797
CC_82839CC161E8,0.06620216145652354
CC_828A0B6D7291,0.0768614662168459
CC_828EDE22A438,0.033350528827634944
CC_82928B5ABD45,0.2989838120938601
CC_82A7FE954659,0.16168096889556113
CC_82ABE1FFFA1F,0.12366878086705879
CC_82BDFA01C41F,0.13806275935288484
CC_82C20057CB4A,0.11816827392068648
CC_82E52529A567,0.29518695168053033
CC_82EFBFCF68AB,0.12040843121651998
CC_83092F58B321,0.12394699465019118
CC_83098B4BBD4A,0.10070837625470229
CC_831F9E623C5F,0.17650759006636826
CC_8326C8A3D569,0.09916035852089056
CC_832730F42A18,0.12424270345567444
CC_832A44C3F2A0,0.04534146372210137
CC_832EBAE498AE,0.6317729966960874
CC_833B196A70F3,0.7149745560557512
CC_833E14DFF4C6,0.16335892750568423
CC_834092035687,0.4831175926291529
CC_8351244DE3CB,0.05945673027824581
CC_835B90025058,0.028949624908379885
CC_836534CEDFD3,0.14690772757078202
CC_837ADC1EA55A,0.18797311268520814
CC_83884D799788,0.19436950592726004
CC_83947255841B,0.10933309187362465
CC_83A5A3022ADF,0.7936782518152284
CC_83ABA98906DE,0.07991584889513845
CC_83C75D07414A,0.3738841996273994
CC_83CBA767432F,0.7162869670744311
CC_83D342F53F36,0.13733816080010292
CC_83D5CA2A23C2,0.024900792872683885
CC_83E002D6D82D,0.19325295821776667
CC_83FE1BCC83E6,0.32587679648621
CC_840E5B830DB4,0.040206272163577944
CC_842525788FC1,0.1916957569763907
CC_843076C8EB9E,0.27569802496121454
CC_8442C97EE91A,0.08235272537924257
CC_844C3C30ED67,0.09744012563036152
CC_844E345D2636,0.20460926577748792
CC_844F26E92B12,0.19515804210830665
CC_845032D8A261,0.28857414018186506
CC_845223F606E2,0.310631209915073
CC_846F5B19B110,0.3338238532239628
CC_84797EA9ABF9,0.20332644202879102
CC_848D59D48081,0.18010901688379363
CC_84AB057BFCCA,0.026814668219332014
CC_84B0BA112537,0.06382524682980434
CC_84B8FCEDADD5,0.07528993167276712
CC_84C61A6BE99D,0.10044694909630679
CC_84CDF830F68F,0.08841847459028698
CC_84D5B88572DC,0.2015092551554704
CC_84FABECED186,0.12191440105392266
CC_8503F43FB29C,0.23396941371937147
CC_850ACB004EE2,0.08327381546007889
CC_850B114489CE,0.08767549960772822
CC_850CC17BB13B,0.11708586932184227
CC_8518C159BDE6,0.16565528339042507
CC_85299261146C,0.060336502069157735
CC_853986C52A17,0.040633955228195726
CC_853ABBECF2E1,0.7911946555507776
CC_853BF4485D85,0.16942011643416965
CC_853EED03843B,0.08374012881974428
CC_853FD1B551B1,0.171398340614724
CC_854AAA98CC0C,0.8561950483973572
CC_854F8AB5F1FE,0.022258233653324307
CC_855E2A785BAA,0.1100283418648376
CC_85614CA68432,0.04632547790661276
CC_856B92B23BB5,0.7815000526778545
CC_856DF4A30E13,0.727589274186393
CC_858704DBD5A6,0.05346204294812574
CC_859EF0AAA74A,0.03137501519367212
CC_859FB710961E,0.15598441974494756
CC_85A0EB3C9884,0.5991751002430676
CC_85C887BB996A,0.09027737490374131
CC_85D9A6C9CA60,0.11906995264609235
CC_85DAF10E61A1,0.592867769548043
CC_85DEF8ECB524,0.15105738801375806
CC_85E2E0B8B15F,0.7176887555201461
CC_85F018DC47FC,0.25035532644484726
CC_85F376B33951,0.21204897379132467
CC_85F745E1D307,0.13902322936891792
CC_85FAFB430486,0.2706537768392773
CC_860D4B868C17,0.015201599689204854
CC_8614E30C9FCE,0.47024063353202517
CC_861F5DC22035,0.04213421231503934
CC_8624ABB391B1,0.18022855954057967
CC_862BAB422756,0.27640334832908403
CC_8642F98E5504,0.1780901105841928
CC_8655B8862C81,0.15842701739225631
CC_865FCEE75A8E,0.015201599689204854
CC_867372811CCD,0.49083109259553914
CC_867695B5C296,0.5975688955679511
CC_8682B1F914ED,0.1541420475889996
CC_8691DF144B92,0.5167185537320084
CC_86AD259FA5B1,0.16333346243636507
CC_86AEC21936BB,0.7251291550707339
CC_86B1D15F8424,0.05605468223378672
CC_86C2A6EC5712,0.6845925117198447
CC_86CF816B494B,0.06307904425974921
CC_86D4D58B1D0C,0.16820890212061476
CC_86E2C4E17CB6,0.052668672257448354
CC_86E9E191E3CA,0.3448823375528504
CC_87000C16C856,0.1035867771157236
CC_8703DD5FA02C,0.20490109633060885
CC_87065B1F429D,0.11439792276544938
CC_87434BBA1CE7,0.026924220928174286
CC_87450EA8CD55,0.6912717993147274
CC_87480F785786,0.08551579145320456
CC_8777EA6EBFD4,0.05535956016178673
CC_877A35E76904,0.08768546007154461
CC_877B37D01563,0.09909057635595614
CC_879759A5EFB8,0.3684068734549718
CC_8798AF2651BC,0.08342764459508324
CC_879989FB3B92,0.5755524997383281
CC_87A3BECEE5A4,0.1443761636971286
CC_87B7CDF4BDDE,0.02837562031059446
CC_87C13E620006,0.3614282498421205
CC_87E3AFB080F8,0.1000973610102485
CC_880044F77ACC,0.07920005065440369
CC_8809BCAC74A9,0.036329479997054506
CC_880E0019DB5D,0.017124181183076962
CC_880F027D886E,0.13198964628294715
CC_8812BC579F7D,0.06617861930696112
CC_88225FE57D82,0.19489655076747686
CC_88315318E9DA,0.3305763970172578
CC_883864E584A8,0.07528722367129961
CC_88469BAD58C4,0.04298743547920995
CC_8854EE679596,0.06400054000171854
CC_886273CC4072,0.08117482236617837
CC_8866B6D4524F,0.31906513815364684
CC_88A943606806,0.24347594262809633
CC_88E916A3F984,0.9413239326937565
CC_88FDC55C31A4,0.1319178104735548
CC_890D5EE59076,0.015201599689204854
CC_890F721517F2,0.07749757736823389
CC_89129D16418A,0.21643989987146312
CC_8917F02F9326,0.12906384289300862
CC_8920B6584A43,0.07588652420546416
CC_8929DF270419,0.7100614285289908
CC_892B119F0E5C,0.1585591829105603
CC_89302456B9D5,0.7012657215496928
CC_893FAA6D1F04,0.6484862600760045
CC_895AF697BFBB,0.3779627075911692
CC_8961FF892F79,0.015201599689204854
CC_897674493060,0.05935037672200804
CC_898AFCD28B03,0.1341163048223397
CC_898CC919D10F,0.2064060794986251
CC_89A711195EEB,0.14613399171177027
CC_89B4DF07DF12,0.08022647617624953
CC_89B941079E10,0.12803000671994924
CC_89B97E9FF67A,0.09400723433122314
CC_89C5162E8055,0.21117354999410198
CC_89CA0F1E2DBF,0.228676199128986
CC_89DEE29A78AA,0.10067714712903929
CC_89E089707730,0.1442156570086357
CC_89F0B865A6D4,0.15096481366921632
CC_8A04C5D4D02D,0.06543699834369736
CC_8A081AA1FB92,0.32398924971906296
CC_8A0C640E7A89,0.5465485015816727
CC_8A12B68246A6,0.04979432548914794
CC_8A14A46B280C,0.15550982398018626
CC_8A165A18560F,0.24482010475237795
CC_8A19196788FA,0.0636117648323439
CC_8A25FA445037,0.09395837355034396
CC_8A29EA87B295,0.1304889401631452
CC_8A2AC87CB22A,0.048549869931313015
CC_8A34634E7423,0.5786216504784332
CC_8A38BC1AFE57,0.06451459037827068
CC_8A4CAF0CD0F3,0.09488234888603352
CC_8A5A0429CAB0,0.1378249511054697
CC_8A6E60FAE870,0.07951066854718837
CC_8A7DA054E397,0.6832624108976059
CC_8A7F5FF4B421,0.25687809909933806
CC_8A8249A44847,0.1472398446887967
CC_8A8BCE16DF45,0.09830393897499803
CC_8A8EC764734B,0.06810611616215517
CC_8AB553BFA00A,0.10114507376088282
CC_8AB57DC077EE,0.5883099356240917
CC_8ABA5808D313,0.05415646380560741
CC_8ABDD9A05C87,0.3998226975650815
CC_8AC7520DBCCF,0.17252265006970635
CC_8AC7F8BABF28,0.06366945491468955
CC_8AD67FB3A5CC,0.8126270130393806
CC_8ADDCF5EDCC1,0.09772218762899515
CC_8AF1C3A0799E,0.7052361047620094
CC_8B388FAED0B6,0.12289403010362716
CC_8B46CA903D09,0.015201599689204854
CC_8B5819403FC8,0.7074540249344771
CC_8B581B8207A9,0.13771367158614817
CC_8B6DBEF19F46,0.14931218413587344
CC_8B8326C4C229,0.1396723376226103
CC_8B850FDCFC83,0.0736230789106208
CC_8B8F41F19B72,0.0784251053373077
CC_8BAF98C60957,0.14195463784687756
CC_8BB0824B181E,0.03835602359231817
CC_8BB963DAD9E2,0.1484293489160143
CC_8BBF5F939D7C,0.16434671559961025
CC_8BCBDCF4DFF1,0.08010031074960036
CC_8BCE343561CB,0.796287858818955
CC_8BDA87361657,0.07979560473306155
CC_8BE68A4DB87C,0.07617405091378343
CC_8BE9BBD879A5,0.02269805484541609
CC_8BED85B91011,0.5166615160019316
CC_8BF68E552DA2,0.18990732264077084
CC_8BF832E6464E,0.8502743166323209
CC_8C1561920E84,0.20465744669615715
CC_8C2A7D9A667A,0.18051118322505416
CC_8C3A5DFE70B9,0.17562563732389525
CC_8C534CCBDA4C,0.2193623076874309
CC_8C6472A3EEAB,0.04576883239289978
CC_8C6B4854D16C,0.20874457287663117
CC_8C76DE4F58D4,0.05628010091638246
CC_8C7DA3F4F88F,0.06357351758621792
CC_8C8527DE7DD7,0.07153879883470664
CC_8C9416612FDE,0.474553055528168
CC_8C9973F02AD6,0.3521265809399933
CC_8CA1DB61A2AC,0.050702169449430706
CC_8CA59CAE22F6,0.24889123935756274
CC_8CAFD04A6EDD,0.10217305338399503
CC_8CCCC389913B,0.6447090715728031
CC_8CCEF12DC7B9,0.17601066260680684
CC_8CDCD714BD1F,0.7767150540798188
CC_8CEC7987D1B1,0.07740664178086516
CC_8CF621ADAC0A,0.25353779451838776
CC_8CF8FE2A4B82,0.4714403276740364
CC_8D048396D9D5,0.10857312458458632
CC_8D1089C58563,0.4975224191593461
CC_8D35A37FC4B1,0.138183785871428
CC_8D41E12FE5B6,0.16815689839021752
CC_8D4A859839EF,0.15931954034486062
CC_8D4AD431C55F,0.08702362977013695
CC_8D4D882CA579,0.1244119503331057
CC_8D6151025078,0.15481868892859307
CC_8D637233FE54,0.1513252016876484
CC_8D6AEBA2D7EC,0.07917841477958629
CC_8D6E16DED971,0.15942223229070748
CC_8D7329F79BBD,0.5013638210785718
CC_8D7B7307C43F,0.08869282238812534
CC_8D7B9D4936EC,0.7682147188664108
CC_8D80B1B44AE1,0.5364171239492327
CC_8D9516D61143,0.4475077515472826
CC_8DBB8445786A,0.09997649130426993
CC_8DC5B86D9DCC,0.7443307836648431
CC_8DC6465998DD,0.21894624602544188
CC_8DDD0EDA9CB2,0.16491051734410733
CC_8DDEF0265CB4,0.06556011151700111
CC_8DE06BEB95A1,0.08239949307379567
CC_8DEBB5B14A14,0.15867949474898166
CC_8DF5BE7F759C,0.07132425064818824
CC_8E0ADCC71F85,0.04047592482324263
CC_8E0BD86F6F0E,0.1529309252067401
CC_8E143BFCF3E5,0.09333318898806708
CC_8E170A60D71C,0.371580326451323
CC_8E1C3A21FAEE,0.11794753406514426
CC_8E408E18F060,0.0955713558130983
CC_8E42FB163DA5,0.8561462121613765
CC_8E47536D29BE,0.22260779526434657
CC_8E50AFFC5BBD,0.03702782973299473
CC_8E5FB1035354,0.1859773095575285
CC_8E7B9B8DD1A3,0.08865465428862143
CC_8E85B08196AF,0.03486962362250761
CC_8E96FC75AE5A,0.0835516462244597
CC_8ECAB5A6C7B9,0.08130701336020985
CC_8ECC4C7A6638,0.4421109143280624
CC_8ED6F13C35F5,0.17650906085925924
CC_8EE5E9467038,0.16330265447219217
CC_8F037E5AE692,0.05998533361096032
CC_8F1A418D96B3,0.3026030683023295
CC_8F1C4014F91A,0.14017592953567737
CC_8F30A5FC9D49,0.08503652446157206
CC_8F3456F298F7,0.220102019389678
CC_8F393D485C29,0.16224209820930632
CC_8F4A41130110,0.03625914443587183
CC_8F7AA6E4D486,0.14320073409084635
CC_8F887BE25314,0.14033971905164178
CC_8F90CD1A5E00,0.14720257487676416
CC_8F9B26042C4A,0.13165193063518976
CC_8FA9423E65C6,0.10834931281396967
CC_8FBA6C32E0A5,0.2297908804386535
CC_8FC1C50C41E7,0.08052597149399239
CC_8FD005425792,0.07031935087279603
CC_8FD6A223135B,0.11550909832718055
CC_9002450E1B5A,0.039155599341219115
CC_901CE62199C7,0.39223856479321206
CC_901D2136E1F9,0.23340772011178265
CC_902648F62345,0.14931218413587344
CC_902BF0612E70,0.11171566673357598
CC_9036F7423277,0.1832671497952771
CC_903AD2767BAE,0.7344978383000116
CC_903E4BA690FA,0.23701111224931787
CC_904386E31210,0.06589840110354138
CC_904EA6C846F8,0.4309534010686441
CC_90549DD3CC39,0.11913655417065708
CC_905739E5494F,0.08250762694874873
CC_906F852C69D6,0.6663856728249801
CC_907911F4930A,0.2740715381994189
CC_90798A7273BD,0.13471260821545838
CC_907F3A8AFCFB,0.08515862723623407
CC_907FA7722881,0.10531923737358012
CC_90812D9F30FE,0.08561348807792347
CC_90870A89F310,0.040955696092541766
CC_90894CA021C3,0.5872854897603623
CC_9092C5EBF5F6,0.05395526716176533
CC_90A10D649D9C,0.742504784306289
CC_90BF8E127519,0.5965307012726481
CC_90DBB385A7F3,0.6996800707539655
CC_90EAD308012B,0.31681112864603256
CC_90F4BF0B868D,0.10848361500618925
CC_90FA39516EAF,0.07063092614558295
CC_9117894F31C2,0.24446860940729442
CC_911ED63BB556,0.2808747175462765
CC_912730AE6E8F,0.2731350610589964
CC_912CA7EE4C26,0.11122942148004056
CC_912DA46AAED2,0.09075725078810955
CC_9132E67EA479,0.1850197471422444
CC_913D95FB31E0,0.19245268812687327
CC_91529F20D461,0.7696496975375616
CC_91586318C780,0.026643775982449915
CC_915F2708219D,0.16359249580118002
CC_916CCF9CBC08,0.015201599689204854
CC_916CF77A29CC,0.0866600176401261
CC_9189E4FF82C5,0.1702312895807777
CC_91A27CB6139A,0.14847984446190307
CC_91B7A4A15A37,0.6638198885394762
CC_91C2077BA6D7,0.06809351757378104
CC_91C4CC43EEE5,0.194795109625269
CC_91C55BE33AC7,0.06764265582642452
CC_91C81BC58B49,0.053417254234517396
CC_91DE12EE18A7,0.39113251659036224
CC_91DED13CDCD9,0.16297457513255678
CC_91EF639761F8,0.1555537557303888
CC_91F23A7E743A,0.4308245668884276
CC_91F4C5E889C7,0.6992740344240332
CC_920E91EB28A7,0.172185121663091
CC_921481F5F77E,0.09453887997483043
CC_92221DB27176,0.1724017190740111
CC_9224D5677C66,0.08707619905104616
CC_9230B9656F93,0.20041978921828862
CC_9231D0F8A993,0.7045766092036935
CC_923727159A8F,0.05608005138763684
CC_9248706729D9,0.03839769626400688
CC_924AEB5DD991,0.1653873384033715
CC_9250BA851692,0.3268741058690213
CC_925BACE3417D,0.09395837355034396
CC_9260CD0D7C0A,0.14205774070867241
CC_9285EB21B38A,0.09846899789098341
CC_92A09F03DAB5,0.8119161812746754
CC_92BC35D7F9CD,0.07823613633347844
CC_92C5FE9E5B12,0.7193235476816043
CC_92DC8CF8C902,0.09841231215359893
CC_92E006664648,0.4021830595358698
CC_92E4EFB9F0DD,0.1401595105337106
CC_92E621E0298E,0.1729337269556699
CC_92F412AC7D22,0.0582699094679897
CC_92F42886B7E4,0.20229082422930703
CC_9301E23D376D,0.6030512090712394
CC_931133320380,0.21033966458706044
CC_9314B6D8B7F2,0.08659245708457229
CC_9337E3B43211,0.24445023829010565
CC_933E044F26DB,0.060108464873756484
CC_934BB89938A3,0.1301625784232007
CC_935296A995DA,0.12458259142114293
CC_935326AF26E2,0.18724870220927115
CC_935B72B8E7F0,0.03373717528931631
CC_936FF3C9BE68,0.03892180308666624
CC_937FFE1718BC,0.04184497109684709
CC_939F92AEE460,0.8416372860173839
CC_93A4365B25CF,0.7964321381005491
CC_93AB9D6A7EFA,0.07617970566804332
CC_93C719738590,0.8467791032897323
CC_93CB48930B37,0.26782750009740486
CC_93D24FAFD21D,0.08807357777806799
CC_93DB5F477493,0.13835618217989068
CC_93E1CAFAD44D,0.06736917631194729
CC_93EC9F853123,0.20008061055670673
CC_93FEAF515A8E,0.06541345570864075
CC_94063A67F136,0.37116546553663676
CC_9406E32819F5,0.06617861930696112
CC_940971CBC1A4,0.17976360226157953
CC_940ADC8DEA3F,0.14275303404065295
CC_940C7E8E0C52,0.21298711914563803
CC_941DD2E1DE56,0.136617742060568
CC_941FC1FD0D55,0.20409247871474417
CC_943B720DB5BB,0.11051723428276077
CC_9440309323A0,0.09166844916203547
CC_944B461BC558,0.0728693982133128
CC_9453654BACE9,0.17507170864554125
CC_945888CEAF10,0.4074433843003803
CC_9458D4A483A8,0.12729394581790948
CC_9464BA7E98B9,0.07792770345720558
CC_94794B478A5C,0.36298633146322334
CC_947E58EFF90A,0.056347713975072426
CC_948537FC17AA,0.7658166760356013
CC_949576D25153,0.0670921691628143
CC_949B8CEAD619,0.08505665859765305
CC_94B4E05906A9,0.15171098260195565
CC_94C3B6F3B0CC,0.14795486365136773
CC_94C3D9D8FBF3,0.6406966906213599
CC_94CD530B2099,0.07203397275287877
CC_94E9D1E527E6,0.01782591910153735
CC_950450C0845E,0.36884266439075336
CC_95169A4360C6,0.04457219418957052
CC_951A69571676,0.05256043178368217
CC_95232636844F,0.34274662424406027
CC_953A5913EDD3,0.19427343986701737
CC_953B678083F9,0.09501939066509407
CC_9541BD0604B6,0.14962292536479652
CC_954404C1BEE6,0.41582942623874236
CC_95444ED71872,0.07630132583302532
CC_9544B86C78A6,0.7058368831577397
CC_954AD7E7C8F1,0.16790049808963636
CC_95525CC6C854,0.1537246683508092
CC_95573B318A91,0.04309542316665423
CC_9569309DC18E,0.07249008022797661
CC_956A2DF28600,0.1942147262606367
CC_957C7A0D7B72,0.45867025257887584
CC_958BECCA0BAB,0.5151670544354734
CC_95A6C4DA2F12,0.6031917818349987
CC_95AB75B5BBBB,0.16315471225189648
CC_95C1274DD7DF,0.015201599689204854
CC_95CD8F6A8CBA,0.0288788253138183
CC_95DD4DC604BD,0.22013731921242102
CC_95E1AC08266F,0.12673728666029951
CC_95E3DDCB74EF,0.057764171853116726
CC_9601384AC971,0.4982429896928957
CC_9608A73A8025,0.16548504671121964
CC_961F3BFBDDAC,0.9675098975626938
CC_96206C1277EB,0.271928978316279
CC_96396AE6347C,0.18932581772959453
CC_96416D2A937F,0.21766200464127594
CC_964C2E0B00C1,0.19108503494711562
CC_9657A2A04BAF,0.20307360741286334
CC_9662D713B7BB,0.18931342307161544
CC_9664F83B7F1D,0.1916383577457169
CC_968AF836D0C4,0.05523548602630514
CC_96A6735A4317,0.07706746698391333
CC_96BC62A4A0AD,0.28211025095486736
CC_96CD75668A6C,0.07049636440471028
CC_96D928252719,0.34673394980993294
CC_96E40BDE9A6C,0.14139244100594284
CC_970116768415,0.20381840810331434
CC_970E94875C2B,0.7204483181663883
CC_9721C8A61D80,0.06666022142176714
CC_972313B0F814,0.160779132852926
CC_972FD8FFFF63,0.4953135211347908
CC_97478A77EC17,0.166440725021432
CC_974D14774BD8,0.06154991295254796
CC_974D86BD39FD,0.0362944389813876
CC_97508465AB76,0.10094299239073445
CC_975689C0CD6E,0.06311867483767855
CC_975967702106,0.031944148438132446
CC_975F3F07ED23,0.05283666147561474
CC_976E0D9A64ED,0.43488738716088177
CC_977145B2B363,0.4561569048170562
CC_9772CABFE1D2,0.8099435464732148
CC_9773C1E6AC8B,0.6463008511045365
CC_97832657396B,0.43924075282614206
CC_97963C337FD3,0.5110221365711932
CC_97978B581F20,0.1652865390953549
CC_97A9ECF23955,0.21981904414920922
CC_97ACD6D965F3,0.12174642809131726
CC_97C69AF6E34B,0.7469723381037016
CC_97D0E7256861,0.616144910022903
CC_97DEBFBE2BDE,0.24411486660482984
CC_97ED469F2950,0.15202268842283098
CC_97EE84ABA6BF,0.41564731282566686
CC_9801B22BF375,0.09354337548636728
CC_9803B6D4D780,0.23325950677918866
CC_980E90C8A301,0.11880417982768543
CC_9814B3D08A69,0.07768071173162698
CC_9821BD45BB0D,0.18684285588386598
CC_9829FA0350F7,0.02448646428346772
CC_982CAA309A38,0.18261214266929254
CC_98346EBF382E,0.17371874693550324
CC_986698CCC6AA,0.1429266892138947
CC_988FC580CD50,0.11282028876921085
CC_989795BA3DD2,0.08169578148819918
CC_9897A1DFE807,0.06374708450092048
CC_98A2C8F4E956,0.08633915936981187
CC_98A3E6CDC707,0.17154656430116053
CC_98CE15EE1565,0.07115125080749102
CC_98D036D16215,0.06737137300308911
CC_98D09B14EE3D,0.3923641101978249
CC_98DB782DF852,0.05784979354850381
CC_98E2EA67BC97,0.0631970466900791
CC_98E6E7CF74AF,0.0972495811337465
CC_98EEEB2A83DF,0.7159704585975966
CC_98F3D3194788,0.13553838489943276
CC_98F8A8CF4F9C,0.3453460052989821
CC_98F91BAB57EE,0.16042500470585064
CC_98FA377070FB,0.2966726103216406
CC_9900D0479959,0.28023346188501486
CC_99061A735C6D,0.24430261942737783
CC_99093EC1A2C2,0.11756919382473126
CC_99376CA4DC26,0.03657149232810997
CC_993A588895DA,0.114629965102402
CC_993EE6417CED,0.08186147570521235
CC_99559319913F,0.028331368205039866
CC_9970123DCC41,0.33852228946329127
CC_998BB6848FDE,0.0986076094724514
CC_99958287B2A9,0.4837497607212013
CC_999BAB2D16FA,0.3933269038177294
CC_999C7029261D,0.6676323366529274
CC_99AA61D1896E,0.06639813510110251
CC_99C03E7D99CE,0.052827100892848144
CC_99C62022794F,0.08787577567863357
CC_99D46BE6593A,0.14603330044854457
CC_99D5A5371B39,0.1474516755054879
CC_99D79709AD9F,0.7262033147057788
CC_99D7DDAA460A,0.16458787101959008
CC_99FC44B3C58A,0.11677832067842647
CC_9A02B2A17C07,0.09341448547153598
CC_9A05DE55D408,0.18411803172912486
CC_9A0C42AA09BD,0.4644901037621123
CC_9A2B390551F6,0.03504275254285801
CC_9A2D66206BD1,0.4928332860796387
CC_9A366E181FA0,0.16279980172276676
CC_9A39365FA850,0.6065392085953557
CC_9A42833BA860,0.026924220928174286
CC_9A4911A0140F,0.08021534672068392
CC_9A4FE1E8E0C5,0.32896937855624253
CC_9A51017C734F,0.39913814269148656
CC_9A5DCCD62D0A,0.4096636608991287
CC_9A602F492510,0.1867294575977932
CC_9A66BDD34B89,0.026020026783971858
CC_9A6AB0AB1E67,0.04674623100090504
CC_9A7049ED5656,0.6094319270828416
CC_9A7AF31828E5,0.08428811326677813
CC_9AA750377C6F,0.11085403034120221
CC_9AB359C82202,0.040271245559144526
CC_9AB7BF77EE83,0.7806516856217409
CC_9ACAC8474B9F,0.015201599689204854
CC_9ACCA4FB9101,0.07336651570567038
CC_9AE1529AF9E0,0.14175921149503007
CC_9AEE181F1156,0.2674478773033191
CC_9AFD130D3725,0.0832454274825943
CC_9B09C3353732,0.08389171419638895
CC_9B0D37817EBB,0.08592105080227315
CC_9B290B59155F,0.4632689634424801
CC_9B2D487C64B0,0.09151739621461293
CC_9B3DEC76ABF7,0.06529818573744203
CC_9B4F778D0A6E,0.1601314298016227
CC_9B581A92C2A3,0.47494248951253815
CC_9B5CA8C38414,0.16498420403151992
CC_9B6E82167593,0.18619665257027906
CC_9B6F6B2BCC05,0.34644689604020845
CC_9B7FC3DA1594,0.3542762130671353
CC_9B957DC280F6,0.18622854703993177
CC_9B997DF20042,0.2727085177115101
CC_9B9BC4B83736,0.08119990663619597
CC_9BBE1A16C04A,0.16958921911889302
CC_9BC63F1A568C,0.2292181757086991
CC_9BCB0166227D,0.2582725477559608
CC_9BD3DC96ACC5,0.13606213330993075
CC_9BDC5A0E43C7,0.4833068403735404
CC_9BF9485A3F9D,0.32732914960627835
CC_9BFE93FF2145,0.2268732051597125
CC_9C0470A0536E,0.18144987191942874
CC_9C205AF09E47,0.5550474464597256
CC_9C30DC5C1E46,0.06681756197064848
CC_9C325B6CAD11,0.03545784964488124
CC_9C4A200D0BFB,0.48251649047879186
CC_9C5EAF238007,0.28003709141217464
CC_9C601C6BBD37,0.06759820245166509
CC_9C606C2C92CC,0.06933041561743146
CC_9C6192D3A16B,0.05735884524519599
CC_9C84FB9B1469,0.05966024415339571
CC_9C989433D637,0.23484058287667664
CC_9C9B2FEB4937,0.14495328864518764
CC_9CA7FBE1DD54,0.13202562960035566
CC_9CACA50F80F2,0.16455573474303797
CC_9CB40D552388,0.06663224247983326
CC_9CB8127D17F0,0.02969987826150012
CC_9CB9CE2989CF,0.685543958326033
CC_9CCE51CD83ED,0.8610327753719766
CC_9CDD2F3D0BE7,0.03411004574298843
CC_9CDEC693AA99,0.43075392929965867
CC_9CE9091AA9A9,0.21724599653682897
CC_9D007C60D29F,0.0713855374324674
CC_9D017774D4FC,0.6539491144789606
CC_9D095EC1F232,0.2644350378811009
CC_9D1A1281C8FB,0.2644157759330957
CC_9D23F42B7996,0.4995753315132587
CC_9D2FBC479646,0.7054712845868095
CC_9D363365CAFD,0.10517412103269697
CC_9D44E4543573,0.16221970132660815
CC_9D45F67E3B01,0.045961244918800465
CC_9D535DD207D2,0.08031813425396467
CC_9D53ED53A15A,0.589277607689429
CC_9D5D97AEE98B,0.5426043246745708
CC_9D5F2A5B6913,0.06332197622945156
CC_9D6BC1C470B0,0.5356352284575964
CC_9D71FBDE765A,0.04098875237903354
CC_9D73939E357F,0.09784805697592079
CC_9D82F401BD88,0.5860027692272016
CC_9D8B4454BE84,0.28745976238468696
CC_9D92537645DB,0.051898770576309435
CC_9D95ADE03ED1,0.19313259645897374
CC_9D98FE7A1809,0.043279835628394915
CC_9D9D59757786,0.056544695284532875
CC_9DAEB38616AC,0.153856717323421
CC_9DD55CC0E928,0.015201599689204854
CC_9DD6B460CDFB,0.29402333073009224
CC_9DD80B5E3729,0.08909660799853891
CC_9DD82B4310AC,0.3463081061621171
CC_9DD9389E8AE0,0.09601780268445292
CC_9DDA8ACEB3D8,0.06617861930696112
CC_9DDCD898D01D,0.12588485417470355
CC_9DDD90B42A27,0.9657231117741442
CC_9DF1807A4316,0.02512649602991956
CC_9DF786FD2620,0.5005354351321669
CC_9DF7B9B3C8F8,0.09189185073422805
CC_9DFF6E2AC586,0.15571159538215526
CC_9E0546BD7BD6,0.1410833471844443
CC_9E0BE8227931,0.09329361436458594
CC_9E1A205BA261,0.4155392783526751
CC_9E2967559B00,0.04204662196726344
CC_9E323A031449,0.7323752416165805
CC_9E377CC03D51,0.03946040028607058
CC_9E3B83584C12,0.19301223001518705
CC_9E3D46FF5709,0.5657851831060899
CC_9E4FA91B86A9,0.054289229036284886
CC_9E53534DCD6B,0.1702643566380008
CC_9E73656FC8C0,0.6900686586719256
CC_9E7430675033,0.1792812166384182
CC_9E84CACDD7B6,0.4709770418855322
CC_9E84E0E4C5BE,0.2983045318248882
CC_9E9C65275B4C,0.07490115473530641
CC_9E9CB6473D59,0.18472603336565852
CC_9EA4F11BE6C2,0.16580997166951128
CC_9EBE3F26F2FB,0.06543699834369736
CC_9EC23AB6C573,0.281930569691337
CC_9EC34DDD0E53,0.06150802195325299
CC_9ED8EDFE8C55,0.0787580167688345
CC_9EF352F179D2,0.03634485131687317
CC_9EF505400F8B,0.6629787327161712
CC_9EF66D83B743,0.3219122501232251
CC_9F051572BFE4,0.18484435217717018
CC_9F151A782BAC,0.21959009558642548
CC_9F1A5DF4619C,0.46963018111318106
CC_9F1BF78ECD7A,0.07826750341906302
CC_9F263092AD72,0.1824274648869
CC_9F36EC36A9E6,0.09438828337024358
CC_9F3D52242888,0.17473507552113512
CC_9F41F312CDBB,0.3145301539735126
CC_9F425167F9ED,0.1571853336886545
CC_9F6981E0009A,0.3533394057652339
CC_9F706DFE0AE7,0.015201599689204854
CC_9F7B525DD52D,0.3903989316914693
CC_9F8D5A5A9DAC,0.17250654746662705
CC_9F8FAE57E6A8,0.11033557837608794
CC_9FD1AB8E65FE,0.032477387212267415
CC_9FD2689202D5,0.13544639525517038
CC_9FDBB5C2CD09,0.021055780896664537
CC_9FE52BD71CA2,0.09127754539497693
CC_9FE8E62EB24D,0.07639415845829665
CC_9FEA59AEA00C,0.20779858780941463
CC_9FEA77B36A29,0.32775890112496403
CC_9FEE9701D16D,0.21576616362858642
CC_9FF35BA60E6E,0.2589353615983292
CC_A0003F08B22E,0.2007019200619909
CC_A00AE2543224,0.06700963246266392
CC_A02A29DECDC6,0.10267090136567203
CC_A0336C21117C,0.6720987565129313
CC_A053B42BBE0B,0.0742233643606474
CC_A0591F16FA37,0.015280861035949804
CC_A05F962C80FF,0.16590603749075775
CC_A07B0549E53F,0.05751799216797105
CC_A09F230CCF5D,0.6803293598691391
CC_A0AED6346ECD,0.16825737960424533
CC_A0C4A796643F,0.09771739934986214
CC_A0D6DDFB430F,0.06844652572972079
CC_A0DF672F9C4E,0.15143502384974833
CC_A0E8C7C5558A,0.2875496182724133
CC_A0E9269DF22C,0.45384227304652736
CC_A0F1DB5CB28C,0.09222270457568829
CC_A0F42B26F8F0,0.05615651039541569
CC_A0F8F80EDFB0,0.06288137363827871
CC_A10AD9550E4D,0.02501443778678938
CC_A10EB26E5EE1,0.17458098112588186
CC_A111B065F623,0.06154991295254796
CC_A113D95B4AB2,0.11178301037756573
CC_A1320C0F0129,0.7372300334215758
CC_A1348D850EFD,0.7475953242324396
CC_A13D08B372E8,0.04527663251516642
CC_A143E64BD9D6,0.4270770935362917
CC_A14B0A24DC3C,0.10511808959152844
CC_A15137F25F7C,0.07696678897967611
CC_A152DBEC5BE7,0.053454576867878675
CC_A1591CFF6D81,0.04229265280607556
CC_A168CCB582C6,0.3009297891042792
CC_A17DC38133CE,0.8224221638933003
CC_A185D5EA3DE8,0.6410404806806802
CC_A19C842508E0,0.11247862917994943
CC_A1B648DA406D,0.01707301043601854
CC_A1BF7028CAA8,0.015201599689204854
CC_A1D035FA36E1,0.07811203704486426
CC_A1DD653D41A7,0.11276176269588178
CC_A1E3AD4B934C,0.2429784117693108
CC_A1E58421CE87,0.04997543460262079
CC_A219144EDEFE,0.050166997978119465
CC_A21FCEEBB3C3,0.42620466107461646
CC_A220E4278D79,0.033996874302506155
CC_A2231BDC961C,0.24508488889200497
CC_A234E219EFC7,0.28009098718840675
CC_A239B1BD81FF,0.07055302349933816
CC_A23D8CFFA31F,0.08249617377018013
CC_A23F463F4B4D,0.04098561992971027
CC_A23FFDC4A7A4,0.07759766266123629
CC_A2423E273F84,0.10770536260965695
CC_A2493E6036AD,0.28571727895477705
CC_A25C54470CED,0.1047834928369598
CC_A25FA690BBBC,0.13757345873950863
CC_A2636CF7C075,0.10568530408157682
CC_A26C22870E3D,0.494183770909876
CC_A26F6A272B3F,0.1318554730585679
CC_A27CDC9BCBAA,0.17758947430828104
CC_A27E5269DA60,0.1714631612892508
CC_A28D4A46B6FA,0.10802114576169293
CC_A28EB319030E,0.05034958529635464
CC_A294D3A59462,0.83778243943727
CC_A29D8034C304,0.06247985825364197
CC_A2A109409963,0.053295714282724865
CC_A2A4FA5F9962,0.12277199733555061
CC_A2A7E30C59D0,0.1507366717763465
CC_A2B5D2D4E269,0.48624650494306393
CC_A2BB24180208,0.22733801015226068
CC_A2CF1DFEFE46,0.494837367884015
CC_A2D6090EA5B8,0.13935352960141834
CC_A300BC40BC9D,0.0474012409371832
CC_A3212501F639,0.17870589946532145
CC_A3278A566572,0.05753640914113579
CC_A327EBE4F783,0.16841005739151035
CC_A32FB6659B01,0.08248108810994681
CC_A33915EE72B6,0.14994406964668774
CC_A33D350BE79E,0.18324684734681235
CC_A3553B8AA8F6,0.14410372605282762
CC_A36EB077BF3C,0.015201599689204854
CC_A3753EB66DEC,0.11181748851090147
CC_A378342AC9BB,0.20996327269701906
CC_A379E9455C60,0.1513952037851316
CC_A387ADBD7249,0.09027737490374131
CC_A39E961FC29F,0.15827787673318494
CC_A39FA1EF0B16,0.2575340149433589
CC_A3A4E39FB04D,0.1647433777871354
CC_A3A751BE68D2,0.03769051367335597
CC_A3ABB3C5E9D5,0.6999357882197726
CC_A3AF9C2C68F1,0.18456038714936535
CC_A3BEA14873AD,0.14074402487870927
CC_A3C2FEE13C37,0.10890414563248707
CC_A3D6435D5F17,0.16111839339257836
CC_A3E3E51AD0E7,0.05898689410369189
CC_A40566694D53,0.22602482930905726
CC_A410C0DC7125,0.029285147054548027
CC_A42168D2B94B,0.07981084685477924
CC_A43CED9AFEF5,0.4302737620918264
CC_A4475A788D13,0.14625050539012616
CC_A44D677C0C07,0.035478986572378204
CC_A44E2673E71E,0.04441597524412893
CC_A44E79A96425,0.21859031203838145
CC_A462CA147DB9,0.13152283996619568
CC_A4660E424386,0.18511835766824455
CC_A476C9F116F6,0.14584755326929055
CC_A47C83B6EE2B,0.14766356339872397
CC_A47F8594678C,0.25736104656711734
CC_A48A7592F96A,0.03955671362915414
CC_A49195E659EE,0.05372479333759898
CC_A498A936AD21,0.07486432879793324
CC_A4BE6692361C,0.5764060851810726
CC_A4BF2115580C,0.07937596210121543
CC_A4CACCD14A0E,0.11566887645879012
CC_A4CE57A1AB74,0.07517757631739741
CC_A4DE4F1B5F93,0.20950600274645442
CC_A4E300558DAB,0.04703622388936671
CC_A4E972915D89,0.7302437933615283
CC_A4EEA04CF3D0,0.2046608170953676
CC_A4F400E9A0ED,0.055796102294716834
CC_A4F550D7F95B,0.1949055608766373
CC_A4FB91B1BF31,0.21442942731212183
CC_A500C1ED0A33,0.21361707461216434
CC_A50471962A96,0.6798949432850162
CC_A5161D8AA57D,0.10552738915677765
CC_A519C84307D2,0.08619168829822806
CC_A5277A9BE02B,0.7280274760018998
CC_A53578FCEA71,0.13327135470311044
CC_A54EAD1CCE27,0.1401924659816615
CC_A5512DA239BF,0.15265047076537766
CC_A5545DF298BE,0.04971118015682461
CC_A556EEF3010C,0.43147675590290796
CC_A56756C65136,0.4301389594850898
CC_A5852E06D2D5,0.28946578497213743
CC_A5886994671C,0.19896913884293538
CC_A594D8B41A99,0.045233947883457845
CC_A59C6A6B71C3,0.05980906444987498
CC_A5A06987AF5C,0.19182026377978367
CC_A5A1512FEEFD,0.1665020659652749
CC_A5ACE4284283,0.16345771513984428
CC_A5B10F07BCD5,0.08767188457776927
CC_A5BC9ACDB4CD,0.06521376240268063
CC_A5BF8B260922,0.47301492646419024
CC_A5C52379AE06,0.2828542137354649
CC_A5DD4441568D,0.01747077469736987
CC_A5FE3BE2949D,0.051583567888410654
CC_A60EF94F09C4,0.3275824903477412
CC_A628BE74CB45,0.16556034188695903
CC_A6292E9B43AD,0.06371248855641003
CC_A638610BF8F8,0.10297074239113484
CC_A63BBA86CE9A,0.2998521960870032
CC_A63BDDAC43CB,0.06955427266367949
CC_A6409E37A735,0.14984412543144657
CC_A655EC341406,0.14978342118260168
CC_A6562E47BFC7,0.2172626141483473
CC_A6563A22D668,0.7298163244532359
CC_A6601278C1BD,0.08616154115179607
CC_A683678AC9FC,0.32281184448622874
CC_A6864FE80A94,0.08680388142357515
CC_A69117CC3C24,0.11533345126224671
CC_A69928C7D217,0.23244774670805654
CC_A6A8BAF7124A,0.2990240691474561
CC_A6B7DFC69AAE,0.5607503108282982
CC_A6BB595B55AA,0.06424624690887802
CC_A6C5284C4586,0.12286196934953586
CC_A6CB0D0191D3,0.08381841386678991
CC_A6FA3FA9F0FB,0.09108168883809847
CC_A6FDADD23BD7,0.029482394985328966
CC_A6FE3938F001,0.1792746361153199
CC_A71DB65F0BBA,0.717509510886383
CC_A730F4964FD4,0.10838816027788267
CC_A73C02C58DDA,0.09147959565169315
CC_A746BC2289C7,0.2735431786842272
CC_A766C3608214,0.12588017022371437
CC_A76F48111A8D,0.1351184794762761
CC_A77AEC8AD2D1,0.015201599689204854
CC_A781174166B3,0.186105981990887
CC_A79024286DFF,0.07049122691396681
CC_A792720B875E,0.08866285716157432
CC_A7952C2BC5B6,0.08221136020777298
CC_A7954EE1A1C4,0.05058425637587922
CC_A7991E6B3CAD,0.17769416758689746
CC_A7B141DF4AAF,0.05773658525646083
CC_A7BE2CED0B93,0.050841209691545264
CC_A7CF446093DD,0.2206006740492652
CC_A7D1C6692090,0.08727365918378685
CC_A7D6CAB54328,0.49384672651546674
CC_A7D8D1DA4EA6,0.13654270641039026
CC_A8102BA6933F,0.062150188953708774
CC_A81C1EDC5FE0,0.07016077292212715
CC_A82C0FDDC303,0.35643016789612003
CC_A83F92C0CABC,0.14777691819110547
CC_A849B0F60EEC,0.06116803107853541
CC_A852AAB180D7,0.03893882209404757
CC_A8536626873D,0.19176060950107635
CC_A85F953FFD40,0.4473655679544072
CC_A865A3F1E28A,0.7078321599390746
CC_A867253FC73C,0.6986731488346456
CC_A877592FE1AF,0.03826637736186347
CC_A8AE26057851,0.1572904896833247
CC_A8D50530622B,0.15599854807942617
CC_A8D5C834B061,0.8142375968348242
CC_A8DF49EED27D,0.8409245463719953
CC_A8FB53A944AA,0.09989024374540416
CC_A8FF19BCFB18,0.15151327610007925
CC_A9042AA97760,0.05883255562513362
CC_A917D68B7F33,0.05223048937345155
CC_A925B3023F01,0.15552836844866785
CC_A93A49678A0E,0.6971034285920165
CC_A944C14551E0,0.11108569048515304
CC_A949A4D6CFDF,0.02045490359351669
CC_A96085AAACBB,0.4341618449409911
CC_A968E7B519AC,0.5912923929194754
CC_A96F61DA3920,0.23546304486319666
CC_A98AA461487F,0.046143153134162625
CC_A98DE37F48B1,0.020538363727358032
CC_A99526CAE7B8,0.08667089362453727
CC_A9997F50D935,0.09385720008816865
CC_A99C3B09B728,0.05342949435297108
CC_A9A0DADE60F5,0.29501822898492785
CC_A9E27E0F8BF7,0.1293960466513197
CC_AA06B8C44B08,0.5406253225506127
CC_AA078692F54D,0.052930359373921175
CC_AA3181148667,0.10665298196447599
CC_AA36C8AD0AD4,0.10867735314747524
CC_AA36F0397FF6,0.07946394636895036
CC_AA3A8989A632,0.7015565425230916
CC_AA4A1B7522D9,0.08370031178469882
CC_AA4AE0378324,0.18211241983246754
CC_AA5E4D5A692F,0.15341396151142142
CC_AA68EABEE4B1,0.0681220791304814
CC_AA6B5A7A5B67,0.1506412521442812
CC_AA6BD423C239,0.47282326244599976
CC_AA7074B42A4C,0.5166525746447687
CC_AA7A7F3159DC,0.09966809643876369
CC_AA7BDEB972E4,0.1347353698307455
CC_AA83426311A1,0.04773141554352338
CC_AA8F7D307212,0.1361582621499153
CC_AA994120654B,0.07171523696327546
CC_AA99CC1D0A77,0.08638195640536726
CC_AA9DF917E958,0.16006292406935316
CC_AA9FC6678135,0.3275824903477412
CC_AAA47EC0D4CE,0.05935122467577336
CC_AAD9F600283C,0.11522898994277861
CC_AADF003A3927,0.04163309698733441
CC_AAECFE806C8D,0.1760043530214846
CC_AAF2022B9CD1,0.251876988463926
CC_AAF445E4CCF4,0.06337524476139256
CC_AAFDCAA5CA06,0.6716143678264885
CC_AB0384E131D8,0.18962413887142687
CC_AB0A4F4A2968,0.16228244708872958
CC_AB108580856A,0.08062544124783294
CC_AB10FED15FC0,0.815660951655369
CC_AB176233A184,0.08035828103153997
CC_AB250982887C,0.12320761119632823
CC_AB25C565EA6F,0.0563656179276227
CC_AB31BDAE74E0,0.305233641902159
CC_AB38A76F5698,0.44916916218662994
CC_AB38F588BDD4,0.1747557441399267
CC_AB3DB55C9A2E,0.1337067783339914
CC_AB42A7DA8FAE,0.17413573057386966
CC_AB486E8855F7,0.13336818061901243
CC_AB4A79BF0F21,0.03426174315488581
CC_AB7472FE1C8B,0.049879959978006747
CC_AB78F64D1DA0,0.13048321417508707
CC_AB821E2FB031,0.04182229620049745
CC_AB873276D910,0.04073527427204039
CC_AB8CF3C05B61,0.14133962850561269
CC_AB8DD8448ABE,0.3106015698422863
CC_AB953366A38C,0.09127909642178078
CC_ABB193697B23,0.6002585358288752
CC_ABB3F0A040BD,0.1175245064070756
CC_ABB618AD3E52,0.2509000275179893
CC_ABC0DA7DAFA5,0.04969202431313248
CC_ABC49E43DF40,0.6316192051890843
CC_ABD89F61734F,0.09965028443030012
CC_ABE04CDC2866,0.5579694303950967
CC_ABE98746DB91,0.5671485271314423
CC_ABFDF22BBD97,0.048519747614675555
CC_AC0498A54CAD,0.2012502291841164
CC_AC1C23EA2767,0.29171178866169106
CC_AC1E028B2A1A,0.10153050065960764
CC_AC255B902EEB,0.1413889520997087
CC_AC44A88F7869,0.07815479626447633
CC_AC51CBCACA63,0.15464558163346406
CC_AC723E5F5EFA,0.020935160831225763
CC_AC7994A5FDC4,0.119385467146755
CC_AC7EFDBCF2E8,0.7306457426754969
CC_AC8A45716CD8,0.14040528714851794
CC_AC8FB78319A0,0.024985457093747547
CC_AC95C517E726,0.08717449722657043
CC_ACA4C6C9316D,0.04870288964079
CC_ACAD97A186F4,0.09283610418560223
CC_ACC12168D6A9,0.1618934765887481
CC_ACC53294D3A0,0.09755520810869078
CC_ACC6A74A8BEC,0.07015244779516143
CC_ACD94D2B1200,0.06226182534376156
CC_ACD988315902,0.029324676029774364
CC_ACDA59536C9B,0.0915396388099257
CC_ACE5A4081F6E,0.18149327165563095
CC_ACF4F9A2CCFC,0.19489655076747686
CC_AD0D7D212968,0.3993765851681661
CC_AD131D09EB0F,0.11499804433859062
CC_AD13C87CF26E,0.16061386764736854
CC_AD2050A0C79D,0.20822177185371604
CC_AD276D71D3A7,0.30638391170404966
CC_AD2C54521FE4,0.2028040516879831
CC_AD2E59624FEC,0.43325385418369655
CC_AD3A36AF2840,0.2430897404595826
CC_AD3D286D0B68,0.18543021770196055
CC_AD46818E459F,0.5691604729348733
CC_AD4BB2E22EA9,0.18966548573015754
CC_AD4F7F88242F,0.3460788254645393
CC_AD58ADCD54CE,0.7001599414263445
CC_AD71619FA389,0.1300869484045256
CC_AD84592B950B,0.07796627926812613
CC_AD9898C0E8D2,0.17891452460554189
CC_ADC70A21D661,0.2554197416968512
CC_ADCF16189AF2,0.19347843763345024
CC_ADD894E6E4F4,0.34442232901834735
CC_ADE899835555,0.1438783413687414
CC_AE0D73A1EE19,0.4228130984635225
CC_AE0F08EA3935,0.19627849719164436
CC_AE23B59E6FC8,0.3191402851502747
CC_AE289E013D60,0.08336353101293532
CC_AE34D3F7F224,0.7177643849254595
CC_AE4069D8B4F6,0.18690286388747823
CC_AE4896E2BE76,0.6951439702367576
CC_AE51DCFE0671,0.08525365710504039
CC_AE69FEA8DA68,0.18218007442243042
CC_AE7C129CC90F,0.17929457262659965
CC_AE7CD49F20AB,0.1581085981562364
CC_AE89526E0335,0.17230260509767728
CC_AE8D62CF30C0,0.11407028648004652
CC_AE8D9CE8D6FE,0.025377815768562628
CC_AEB019CB9065,0.19673266262335218
CC_AED1D50AF584,0.09260003580021758
CC_AEE546316FB0,0.2336848695606621
CC_AEE5FA00FA6C,0.4891853297960387
CC_AEEC765D157B,0.026693637311281524
CC_AEEE44D6C8A4,0.015201599689204854
CC_AF14FF3EF570,0.3332088152509715
CC_AF1C3ACBA6B2,0.14081717850791772
CC_AF1E911C98B6,0.3121350806823442
CC_AF337F410520,0.07567265537474054
CC_AF3C7BC3BA40,0.1070424694063398
CC_AF41E4075C87,0.24968855330525472
CC_AF6B4405276D,0.7897852727580944
CC_AF78FE0BDBEE,0.0723910156859134
CC_AF8238D9082F,0.048992863763639045
CC_AF8CA6EE53C3,0.06754452499190185
CC_AF9AFA7C49A8,0.09875129268479715
CC_AFA1E3D3C685,0.16045332455719805
CC_AFA680030CB4,0.6005247422936694
CC_AFB351270B8B,0.029324676029774364
CC_AFC405AE0029,0.0834633959661678
CC_AFF90422E4FC,0.3918288051921297
CC_AFFBE2744B87,0.7171411651088153
CC_B0043CA53FCE,0.08654894421008497
CC_B01B2BD4EFD7,0.22750365347980342
CC_B01E87EB9940,0.1152573967743751
CC_B0273E66E2A5,0.15734413173003536
CC_B03E98085A9F,0.07049687283309271
CC_B0420D8C42DC,0.5218569672948906
CC_B0497BEB9F6B,0.1676156709279099
CC_B04A5E60B69D,0.06322177026306816
CC_B04D5517A193,0.12549795807424335
CC_B05FF3A960A0,0.22277004794091135
CC_B06A532EC131,0.1730978268437289
CC_B06D33A6761F,0.17485526095683654
CC_B074D4472CE4,0.03990805329200768
CC_B07CE95BCD88,0.30278403299582984
CC_B07D79368225,0.1359321008827323
CC_B07DD1ABABCE,0.7251291550707339
CC_B086C2D77820,0.17077764725654213
CC_B088DE9C9E3B,0.23614076569144146
CC_B0CD7932067B,0.13502286577517436
CC_B0CF90073A5E,0.6426251211145552
CC_B0D397D86639,0.6287405225123583
CC_B0EF4FD19FEA,0.11120798469898947
CC_B0F2F9514AA3,0.09736385109189782
CC_B0F3B79F51C8,0.16164969741931476
CC_B0F4041B1C76,0.015201599689204854
CC_B10FE31C61D5,0.08613760824730286
CC_B114E8F19D65,0.15117495381906731
CC_B117F0E3CAAE,0.13675950290623157
CC_B11D58F331A9,0.0290346794499802
CC_B1262188BC41,0.08999861095896504
CC_B12FFB2FF21F,0.08139239908929348
CC_B13253F34A9F,0.036973305531824485
CC_B137E2BBB53B,0.07209066113163334
CC_B13FEA7CDB99,0.06916133823804914
CC_B1481ED21111,0.026253268430366773
CC_B15BE5C9976A,0.2579593481038802
CC_B15EB6933578,0.07253925726860665
CC_B163CCB3BE4D,0.14554867695544482
CC_B16DC354FD71,0.40269472580485394
CC_B1777349EB15,0.171494041744152
CC_B17C6CE0231F,0.26059690309750627
CC_B17CA8C22E5C,0.13029680233924354
CC_B18F3C9C30E4,0.18365242611614307
CC_B19CD93DDC96,0.07628642007587441
CC_B1A647674B84,0.09951949046698386
CC_B1AEC2E5E33B,0.2022983555563766
CC_B1B5C81AC0A6,0.05095403107980784
CC_B1B932EFD646,0.16057766255069136
CC_B1C3C0B52B88,0.26692437741270847
CC_B1C7216344F3,0.06791951971756596
CC_B1C982DBBD12,0.22694463728247133
CC_B1D81F8197B3,0.349161649426828
CC_B1DF1DCBDC7E,0.5489198150946313
CC_B1E2C36607CB,0.0742357929142026
CC_B21351C93D8C,0.14232916100648627
CC_B2174860AB11,0.7065296370239578
CC_B235818E6A04,0.18802911579863904
CC_B23CDE30F00B,0.07289454004571791
CC_B23DE4971DF0,0.4874151024238858
CC_B23ECF574D8E,0.06919849478083262
CC_B24C41DDFBDA,0.21219006120485107
CC_B25EC73B9510,0.1306000705952279
CC_B25F69904D0F,0.08458808307194188
CC_B25FB6C11D05,0.7021194804308326
CC_B264F2B92259,0.5629884250499146
CC_B26B8FC23F1B,0.05495990037830149
CC_B272E29922B5,0.1525059417619266
CC_B27AA8E27BE7,0.09534379143547064
CC_B2A68FD3C236,0.0939515277789393
CC_B2AC50C00979,0.10131529084577201
CC_B2B16D7B821C,0.19287790648833078
CC_B2B32F1511E4,0.15846290739467378
CC_B2C241A93527,0.07455984367034854
CC_B2CB104FED6B,0.676769598451747
CC_B2D352013F92,0.12984832461976478
CC_B2DF694BAB08,0.10601973763448179
CC_B2E993A9343F,0.22806624271420417
CC_B2EF61C93AB6,0.1365597815806352
CC_B2F94405EA89,0.13878138393559453
CC_B2FC07BF6251,0.06341259186594167
CC_B301A65B4164,0.11585705493791508
CC_B313E3A208A2,0.19717157724016116
CC_B318FF5D976D,0.14261066917459853
CC_B32AEF0A2299,0.05535956016178673
CC_B33BD3C618EA,0.07838998484186183
CC_B348627365A2,0.1427398277371709
CC_B35109450BDD,0.024640476601720883
CC_B3528B870544,0.09128129828158725
CC_B3530E7CF8F5,0.10685985984266305
CC_B35C5B1DB9C1,0.05955705913180449
CC_B35FF59389D4,0.18883409588772537
CC_B3812C6700F2,0.6326289671383443
CC_B38280B483B8,0.12903308558065438
CC_B38B694A18EF,0.5018731933902791
CC_B392BDECD913,0.3298625900770523
CC_B398DF1ABAD4,0.026480874526651047
CC_B39E75E151A1,0.10366013119775902
CC_B39FD0E249E8,0.029129525084429106
CC_B3AA0891CA5E,0.41507151891209354
CC_B3B1C8EBE5C1,0.09280557626399323
CC_B3BBA28E2D39,0.5047025852083549
CC_B3C4DB0303A7,0.12839024060190393
CC_B3D32FE823B2,0.015201599689204854
CC_B3DA429C6C8F,0.1114731437303434
CC_B3DC5786AB0F,0.19259066772607777
CC_B3EA537531A3,0.15817576006203715
CC_B4096D3A38CE,0.024260929141616015
CC_B41EADCCC95F,0.055740938738513136
CC_B421940B9A48,0.6694450266265594
CC_B42B3B83935C,0.916702485421444
CC_B436B1CA6B2F,0.0604479270153238
CC_B439B06AF274,0.27556394009183016
CC_B4482E7879F4,0.06249096532900492
CC_B4660022C612,0.11291285471849805
CC_B46B899B4A63,0.11426033750203916
CC_B470280A580D,0.1425337169479453
CC_B471D3BF0C72,0.5326449057648169
CC_B4751DEE43CD,0.1530677975425602
CC_B482C254BAA5,0.0512780868695866
CC_B4889D036D3C,0.727589274186393
CC_B4950F811C90,0.16838051445617672
CC_B49A6DE7A340,0.29626962064529955
CC_B49CD4C13DE8,0.3298625900770523
CC_B4A90370CA96,0.4905104561855296
CC_B4ADE6BC8A10,0.6653164834268502
CC_B4B6F805888C,0.027936336617564964
CC_B4B8F66BF4ED,0.6919389351929295
CC_B4C6F80DEE44,0.03062638114506034
CC_B4CCE78C09EE,0.16888866546567016
CC_B4D68D1C1C55,0.18588842188610666
CC_B4DAED63089A,0.14167023581526644
CC_B4DD9841E6FD,0.21083689767537123
CC_B4EF6743DDCF,0.04762867067669662
CC_B4F67F73D097,0.09173564171602228
CC_B50EB15EBA18,0.09402597730278515
CC_B51DCAAF4549,0.15063407416826466
CC_B51DFF8702D0,0.5387544639101807
CC_B520A001BF69,0.08690181133732926
CC_B529919BF24E,0.6753817288276587
CC_B542342650A1,0.0708534524189289
CC_B54A106E91E4,0.034436479599462534
CC_B54CFFC21F2B,0.12592215852061905
CC_B55C134C04A5,0.18412329060666344
CC_B55C2DBF6D3C,0.20660252519310038
CC_B569705352B4,0.11115004406003309
CC_B56E74A967C3,0.026751709033268
CC_B57519F33EEF,0.04395033744562616
CC_B582E4405D85,0.07893591528312387
CC_B585A11F7BA7,0.12692075744196007
CC_B59726D36AEF,0.21476554855759727
CC_B5995E4F1A21,0.14326600697400643
CC_B5AC2AAF871B,0.7562920862776498
CC_B5AD19125E1B,0.2167466786963568
CC_B5B1E42858AC,0.0687200837910448
CC_B5B7599E8BC6,0.06154991295254796
CC_B5CAE0595637,0.1991225734880393
CC_B5D49843A799,0.34606951882265424
CC_B5DDFC7AEE78,0.0869346651021327
CC_B5E29344F63C,0.2213149618390821
CC_B5EE5AE6378A,0.4883077459486271
CC_B5F2A93AD996,0.08866285716157432
CC_B5F611613A78,0.07361958570100807
CC_B6055039255A,0.7721744490194523
CC_B607B2B0AFB7,0.04000711274287068
CC_B60CFD0F39F9,0.07608371924867101
CC_B620087B1C52,0.40952832883445267
CC_B6203BBBD151,0.11012514853651836
CC_B622662E664A,0.13923654527140217
CC_B62C9A2BC846,0.15493052793949522
CC_B636210548E5,0.3404644338629065
CC_B642C6714501,0.07610358063902894
CC_B64F81B8A263,0.14448036065239436
CC_B65CA581B9BD,0.13664166648982917
CC_B65D1B9B6F67,0.1296256795917662
CC_B661A8FCA431,0.0436879823740371
CC_B66AC40957D6,0.17482295294050684
CC_B672B35D1162,0.714275807433493
CC_B68379D197F6,0.09302842142323589
CC_B6923D10FDA2,0.1531962093623659
CC_B69CC776BBE6,0.21872348874690642
CC_B69E50D76B29,0.09293319921356225
CC_B69EAA8C296F,0.25007329871148387
CC_B69F7CB8CDA0,0.06841757677376702
CC_B6B4AD157354,0.14940069149114069
CC_B6BD764CB8B9,0.2035600663852266
CC_B6BEC3F4BE91,0.1198275907066329
CC_B6C13F4A610D,0.2895208846591028
CC_B6C1C3B5766B,0.11091779566832334
CC_B6C72241926C,0.13450499826398776
CC_B6CB40E245D7,0.6625589569929575
CC_B6EE58A108C5,0.07197321568822779
CC_B706F631F5BA,0.03302075897492911
CC_B71DC1206985,0.1672379559576283
CC_B72284CED807,0.19091632950864645
CC_B727865A5B5F,0.651457352375908
CC_B72FD7EFA6BD,0.19336827535915777
CC_B7365B5A3392,0.7668365125749602
CC_B73820D308C9,0.12444336889344884
CC_B743560D847F,0.08201304013517521
CC_B76EF26F7C9A,0.30366152306723304
CC_B7764FC130E8,0.5118389944802313
CC_B77B73B95532,0.16273388656508783
CC_B77D6653C7D4,0.029429170065466678
CC_B77DA6B77DEB,0.2652529849697259
CC_B783AE19622D,0.17972537303705524
CC_B78761738CAF,0.015201599689204854
CC_B787BA135B5D,0.3180258512167122
CC_B78B4449EA19,0.12333539802438598
CC_B78B4B7F80B5,0.2058591585079918
CC_B78BEE888CA6,0.11306045366668338
CC_B791FEE1CF37,0.026311010775354984
CC_B79A58AA4441,0.0978492077321561
CC_B79BEC538198,0.1273109380699707
CC_B79DD53178D3,0.06698250052061021
CC_B7A7EFD85149,0.19003523613437148
CC_B7B5F2A15C41,0.12559555939714812
CC_B7BC46A7D4DF,0.08601524222349094
CC_B7CBC65D9AF9,0.5083204592758754
CC_B7D40C5C891F,0.08347522504863186
CC_B7D4337C4797,0.37933545845380867
CC_B7DA04826165,0.35017437977100013
CC_B7DC19DA1440,0.1463806647563817
CC_B829EC622F0D,0.5384492092734082
CC_B82B9C0C7B85,0.6148640225615642
CC_B82C55DEE5E6,0.2842429974676426
CC_B8475B977AD2,0.7680167009083467
CC_B84BD2F4EB01,0.20008061055670673
CC_B86DA7D69F20,0.046655805793112
CC_B87989F406EB,0.2029566679313472
CC_B88B702183E7,0.015201599689204854
CC_B89B80945ADE,0.21970293955783823
CC_B8A3A44BFE8A,0.48872305480983835
CC_B8A7A6548AE6,0.16426193942173084
CC_B8A8FB83065B,0.18670533644370985
CC_B8AAC20D626E,0.18924629389289377
CC_B8AC99873641,0.062150188953708774
CC_B8C9673B7834,0.10837177598668363
CC_B8D5FEB15CC8,0.07686849463750489
CC_B8DA64A33076,0.5419029328472716
CC_B8E912A01706,0.6294118025923624
CC_B90869280808,0.16677298618411612
CC_B908EC99951B,0.22368242174956707
CC_B90CBF2A6775,0.04476778094225348
CC_B91080C1ADA5,0.3372949831167937
CC_B918FB42AFD2,0.18382709567739783
CC_B92CA425080F,0.13519862536019875
CC_B937F632B71D,0.1662186968309787
CC_B94477C20476,0.41837250135776616
CC_B9483A5C922C,0.13273410801739813
CC_B954EC1C63B5,0.2861684918582112
CC_B95580F93537,0.05784979354850381
CC_B96086044329,0.0821515388071073
CC_B96EB0A91589,0.24355390640155644
CC_B98357C70A41,0.6594356171037083
CC_B9929A66C2FD,0.6127848135535033
CC_B9BB52E4C529,0.10997299925284817
CC_B9BD45744855,0.7955709292212505
CC_B9BFDE4662AE,0.09581854726869948
CC_B9CEAF324145,0.015201599689204854
CC_B9E89F42B509,0.18839154650625423
CC_B9E8A3887223,0.20847977595541825
CC_B9FC67268C45,0.23924003928639814
CC_B9FE9DFEB3DC,0.08336353101293532
CC_BA041E14DD98,0.06712587056348196
CC_BA0619F54427,0.10398360533301601
CC_BA15072C4EC2,0.3091716078977842
CC_BA183CDC5429,0.9702539271187004
CC_BA43646012D2,0.4298729542348491
CC_BA4F7E494E71,0.5065232731412521
CC_BA557F75E2DD,0.1742777807779985
CC_BA740903CBDF,0.15347601704226352
CC_BA77722A827A,0.5254138010744187
CC_BA78E47BB021,0.22440138820753927
CC_BA8C427054F4,0.03241556616420883
CC_BAA19F8D2563,0.08962424079148637
CC_BAA1BBFF8C6C,0.28069110503468425
CC_BABA44B5FB12,0.08413320965625017
CC_BAC25BCCEAD2,0.052719994198763824
CC_BAC74D0014D3,0.4252554491844213
CC_BAD99E36CC71,0.22878842572701455
CC_BADE7EB1D16D,0.7984647922700314
CC_BAE7410803AC,0.20517529455471126
CC_BAEBBF8054FB,0.17524068857959238
CC_BB054686B6F2,0.032685468331752086
CC_BB05D9DF72BD,0.052631379377056246
CC_BB0D54068D07,0.827742458278487
CC_BB15DE5E0DA0,0.7760517909302919
CC_BB1A57AA813F,0.14962930435329685
CC_BB1CABE261EB,0.10702616745598455
CC_BB2BC46FCF61,0.28248615619205014
CC_BB2E5437EE04,0.0416691774146727
CC_BB2EF1FF6131,0.07272254119288915
CC_BB2F56C6BF57,0.10068365580183274
CC_BB35CEC5314E,0.09882071476635843
CC_BB39E3597B61,0.05201038108388055
CC_BB3A9EECD51E,0.08007392414547722
CC_BB44CDEE5103,0.1891998473132157
CC_BB458116ABA4,0.34282546420308746
CC_BB5F6936F6FE,0.23627172913332253
CC_BB666F8A551E,0.07248027061229963
CC_BB7355E735D2,0.1219548236332744
CC_BB8A2F186D6A,0.041001955866350664
CC_BB9FDED12C65,0.6902825718222789
CC_BBA8C316C8F8,0.07211090557491334
CC_BBADC7DC73EA,0.1923536935008531
CC_BBAEA7980B09,0.4692743013690325
CC_BBBA078A6429,0.7970921870887531
CC_BBBFC3EC2C72,0.47029021256497244
CC_BBD34B3225EE,0.015201599689204854
CC_BBE6C58C59A4,0.43650117712841113
CC_BBEBBE1E226D,0.11991095844688851
CC_BBED56D34D38,0.09688241438377107
CC_BC0244FBDAF6,0.19176532805822483
CC_BC099E880236,0.16632041641170114
CC_BC0F05C89E25,0.17316604749315528
CC_BC1BD06C1085,0.09534594254125482
CC_BC21E8824A34,0.48730775746874716
CC_BC23655B2BF4,0.05826057043165727
CC_BC24F9024F49,0.05257266192112111
CC_BC2A58939715,0.11288356953871244
CC_BC2B90F226E0,0.1937828157488519
CC_BC31382964E4,0.04675867052125064
CC_BC31DA3EAFFF,0.14836209818079155
CC_BC3A6CF6FD16,0.12054243849548751
CC_BC410BDD9ED8,0.2417805454878251
CC_BC458960887E,0.17469115892532938
CC_BC484C329704,0.15963386244979236
CC_BC4D6D6D4553,0.34919305154249
CC_BC5A59D88AFC,0.118855186244242
CC_BC736DA19A00,0.19129913839114718
CC_BC7B9D13978F,0.19058339110899117
CC_BC84BF34D69E,0.20637300785555296
CC_BC95D473C9CE,0.16300377553343368
CC_BC96FC9DCFE7,0.13914518076856539
CC_BCA0D6159C23,0.17978440917463573
CC_BCAE73132BA2,0.09348229193015466
CC_BCBBF055366F,0.033418478129722845
CC_BCC94F494979,0.07028312684589065
CC_BCF75F8B9A5D,0.10106249664240882
CC_BD10F4F15094,0.08654304854533029
CC_BD1A2052ACD5,0.8132439539579587
CC_BD217C39702F,0.33146970486401317
CC_BD2A9D4B9FAA,0.2250553978656301
CC_BD3EDD1630E8,0.03875318431923167
CC_BD4AAFE9EFEE,0.06695895886616597
CC_BD59D1252975,0.10250341020779279
CC_BD607BE97C17,0.08458808307194188
CC_BD889F165227,0.10124354121579465
CC_BD900B6BCF65,0.16450106499752143
CC_BD9967660461,0.41528249690120994
CC_BDABB99ADE2A,0.16812797870369225
CC_BDB07C66EDBD,0.44130741395352147
CC_BDB71DAAE50B,0.07360858256252403
CC_BDCB91FACECF,0.14354975044797108
CC_BDE1E398B4E4,0.06139669222608756
CC_BDE8D325637B,0.6991984454320005
CC_BDE9E7F390AE,0.08537210708826688
CC_BDECF392D7F9,0.15890648928572157
CC_BDF401C3BBCA,0.14546362357156842
CC_BDF53C42C5BC,0.1846553264948893
CC_BDFE5778530F,0.34042316923405114
CC_BE05EB5976EC,0.7548334501638537
CC_BE08A6D5E76D,0.046009082315496656
CC_BE146CE5BEE6,0.14243459393337582
CC_BE24C1EE877A,0.10999205878088987
CC_BE27E98C4BED,0.084564406492
CC_BE32DACBF6C2,0.1089008213048765
CC_BE3F52F9C9EA,0.1443080970344822
CC_BE3FC1024389,0.14902124755030147
CC_BE4595898BF9,0.10576016921281738
CC_BE4F1F53F4B6,0.07383197081406953
CC_BE648663620C,0.18439006559072432
CC_BE6627F3B9EE,0.6603280013348232
CC_BE673F70B591,0.3506700923617657
CC_BE704640727F,0.015201599689204854
CC_BE7295B354DA,0.29606446712034784
CC_BE760A430ACD,0.18109272611054864
CC_BE8A340F3876,0.029299709587473174
CC_BE9CB8845101,0.2835874886553379
CC_BEA12286E57C,0.13676981843865038
CC_BEB24EB997CA,0.11128694365747219
CC_BEB80CCF2ED0,0.03748917239653037
CC_BEB86014B5BF,0.1789163568922397
CC_BEC035C8801A,0.1371653463900739
CC_BEE1B858F0C3,0.2746202752900636
CC_BEE664893442,0.1893515744082982
CC_BEE75A33F038,0.04486247946268196
CC_BEF22728402F,0.7218793090530023
CC_BEF8AB2DF19D,0.39204659440543427
CC_BF03683CC755,0.11451137574517063
CC_BF066CB8F7A0,0.17425780953915168
CC_BF154A9FEE8D,0.15847204106718454
CC_BF17E635C67F,0.1317823635643544
CC_BF196AFA6AE6,0.15049711389240833
CC_BF2012FCFE14,0.21857349417330263
CC_BF3733356D4B,0.39711925715727525
CC_BF376C8D14ED,0.5047909938917371
CC_BF3BF8B9F646,0.10611602498501144
CC_BF588A5FF18D,0.7132030910590061
CC_BF7C643B8874,0.05555763782793649
CC_BF8919F14394,0.16340903895127348
CC_BF8B759EE1EF,0.07419049933644019
CC_BF971FA7A950,0.13812810519933208
CC_BFACE960372A,0.1336636321537142
CC_BFBF917EFEB7,0.5398127933457614
CC_BFCAE2959708,0.053003047859614454
CC_BFD80ECB739A,0.27684814547257053
CC_BFDEC7E68821,0.07033719941092496
CC_BFE3AD881F4C,0.03779766722439277
CC_BFE511C0F9F3,0.5962047251878368
CC_BFEE9CF8A6E9,0.08878315132309211
CC_BFF8E82FE4BE,0.14408254413000157
CC_BFF9E8C0FE28,0.6165838186557007
CC_BFFCB2882E26,0.036271677007740324
CC_BFFDCACC1E4F,0.10136579181507115
CC_C003A15648F3,0.09514176563212844
CC_C004160ABB18,0.13573235535101932
CC_C012746F45D6,0.0895019796783951
CC_C033B4EC89DA,0.15205774697150257
CC_C03578357D0D,0.4774895685125799
CC_C040C14F27A0,0.056371262362698356
CC_C0474C48C443,0.12505085261902615
CC_C04A1EF46A13,0.22435678371849
CC_C067DA2C5F99,0.5217666507648282
CC_C0731DB0CD7F,0.6045943377218447
CC_C07C70AA1AF0,0.1368750865673685
CC_C0877F4DBC62,0.12790183842052694
CC_C0896CE6B4E2,0.06016689892041151
CC_C089B0517E81,0.08536322423358056
CC_C08B9066A5BB,0.18234688673909696
CC_C08DFB22BC71,0.08344803232377526
CC_C0A2108BEC82,0.2013673009104102
CC_C0A6B0787F91,0.10061351080190128
CC_C0B29B279C90,0.0877890630094327
CC_C0B7151247C2,0.10507907614179636
CC_C0BEDCC974E6,0.12318608298035026
CC_C0C6F913C2CB,0.7103929760236307
CC_C0C7EAB055B1,0.20150880467346044
CC_C0CCCF588BEB,0.27615972451647075
CC_C0D65A1BC1DF,0.6348621417228402
CC_C0D6ADDF1E0F,0.0805159179460966
CC_C0E49708EB44,0.258855634405263
CC_C0F32BA57D17,0.04465708392379669
CC_C1094828B26C,0.30397375031429835
CC_C124E4C094F3,0.2256048491949312
CC_C12ECF48FA03,0.15493898117947993
CC_C12F5F7E5C54,0.08988776307097951
CC_C131509731A1,0.1919633156465251
CC_C14173B64C58,0.23446594123595696
CC_C14A4D39F494,0.42474511339704174
CC_C14DC9106B7E,0.26199143882757925
CC_C1624A910E58,0.0177441288617246
CC_C1645FA6EE7C,0.06403130624574409
CC_C165A26E7C1D,0.6900226890392652
CC_C16824A69631,0.03767679107235766
CC_C177831DEDC2,0.07819633715999204
CC_C1815DD481ED,0.7120856252161458
CC_C18313F97FC1,0.30048786973903674
CC_C18A7BC23071,0.22354630677086376
CC_C1941883C762,0.11579366098577051
CC_C1A0989CDF23,0.015201599689204854
CC_C1A8C99D910A,0.10365594947284487
CC_C1B057BAE0BB,0.2832736228328286
CC_C1B5D9A95708,0.08062453630530017
CC_C1C28181E30E,0.1307256694746931
CC_C1E8CA45E983,0.09080993294950879
CC_C1F4DD05F5FB,0.17981427549743476
CC_C205BAC0D181,0.07035144333579862
CC_C208790016F7,0.07172165309121747
CC_C219E603FD0B,0.07769240049274351
CC_C2323893E922,0.15098018476269953
CC_C236A614F73D,0.1337067783339914
CC_C241491551A8,0.09221169754360702
CC_C247E0377048,0.10900956542946236
CC_C24FBA584039,0.2491013390976776
CC_C25078D044CC,0.22597518431007593
CC_C255BE787955,0.2067465308437742
CC_C25ECB5C5FD8,0.06649839411944115
CC_C276E722FB1B,0.35334975538694524
CC_C279090E1F74,0.7794366464726148
CC_C279CA96D14A,0.10576461489698966
CC_C283330B9999,0.02480400872866714
CC_C289AF57EB24,0.3219255478343577
CC_C29558864857,0.1020949366637924
CC_C29846DE78AC,0.6339083560563537
CC_C2AEE09D92AD,0.08371994463906789
CC_C2BBFB603032,0.36721382908673644
CC_C2C2B2EEBA69,0.023365577612809614
CC_C2D1CBB42952,0.15794907077025447
CC_C2D4587A871F,0.7081184876612002
CC_C2D583F20739,0.3715767703886914
CC_C2D9086A8C67,0.04876211198892837
CC_C2E8FA308586,0.16142718974766684
CC_C2EA104630E3,0.13297300728976544
CC_C30ED2C6265A,0.028045944035194285
CC_C31BA9FD4FFF,0.28835754491707943
CC_C31DC3117984,0.20684630461302206
CC_C33142B2E26E,0.40877951907113963
CC_C340668CE604,0.09761677856145341
CC_C36580241000,0.14361425399901973
CC_C3664AFC710F,0.10881174086623761
CC_C3676D2ADC91,0.19558482132152136
CC_C368AC6AE19C,0.028628006369143574
CC_C38B446B7432,0.20352068183838395
CC_C38BE6D69E61,0.04112900517558402
CC_C38FB634E7B9,0.058837881052774495
CC_C3913A125FC9,0.1519877125160268
CC_C392AC1AABDB,0.12208972472917645
CC_C3A37C3EDCC5,0.3288729808360978
CC_C3A42A96D260,0.27826488974427566
CC_C3CA355F78BC,0.10987865082593747
CC_C3CD972B25E9,0.15918110553754858
CC_C3CE9FCB05EA,0.03648765288380278
CC_C3DA12B31CD5,0.07484357005417946
CC_C3EF46D2CF29,0.19814138959321537
CC_C3F301EAE202,0.1717688098293363
CC_C404C200B723,0.10568234150814478
CC_C40BEE2EAD73,0.2510904757260668
CC_C40CA3E960D9,0.14419488108379755
CC_C40E0EEBA53A,0.17793897243953852
CC_C42183D7A586,0.07561300302501657
CC_C427199DAC5F,0.49460970628078316
CC_C445AEF194CA,0.08844200263090952
CC_C45051D20EC8,0.13323476586685626
CC_C47FCA703A69,0.28541383841748924
CC_C4965C6C6935,0.2717228364692624
CC_C498BD798847,0.039048052615758395
CC_C49A42D1C3CA,0.11711912608631671
CC_C4A2F5B06976,0.06432761274051442
CC_C4B632AEB96F,0.1614350965210672
CC_C4D194378554,0.016247982525703242
CC_C4D90E9CA5E9,0.15785364551640865
CC_C4D941D5A5F9,0.13921430428616177
CC_C4EB2486A9B1,0.1917177985182757
CC_C4EC2923D96F,0.2992242722349356
CC_C4EC9ACAE8C4,0.7489340104877951
CC_C4FB2ECB13DD,0.3727652682699259
CC_C50467EBCC58,0.08676892524818187
CC_C50C5E2A77CA,0.17426306917166637
CC_C50D7FAA75C1,0.03389663447754141
CC_C51FE3F4D2F3,0.18528844188256172
CC_C5234F4713B7,0.07485185335784686
CC_C55110310E14,0.10312398087835029
CC_C563D509181A,0.092306518276868
CC_C5736F4887D6,0.7552917759190504
CC_C57C4F09442B,0.0888509318492727
CC_C59D2CA55CAD,0.879481154393547
CC_C5AD04ABF022,0.10854544663126199
CC_C5AF7BF4B951,0.015324164688076953
CC_C5C5FD9FCFE4,0.6336487262994348
CC_C5D9A89022EF,0.2032980097404353
CC_C5E1FA10BD6B,0.17372790231761806
CC_C6039EF0459B,0.16196798076252925
CC_C6133F44EB0E,0.10029220258838267
CC_C637C1142503,0.8285238447416465
CC_C65496C86EAE,0.1957310120569217
CC_C67C2B86A807,0.11752079301044675
CC_C690CF8AF3B4,0.11083624018528779
CC_C69204FFED48,0.2828223746199325
CC_C69DD80E5055,0.11833675884674096
CC_C6AE389CA79C,0.05398261856929682
CC_C6AFA8AF33BB,0.0675746611878745
CC_C6B56B2869A6,0.4136443749650764
CC_C6B61E03B42D,0.19859505165269176
CC_C6C2B357FDF2,0.12011620931412495
CC_C6C4A4A318E4,0.11208909201886842
CC_C6DECDCC7956,0.21346591966584358
CC_C6F134ABD932,0.5324954701151728
CC_C6F24128D8D3,0.1710723373393832
CC_C6F8C5E3D746,0.08998041456381903
CC_C6FB2BDCC78F,0.3122679821674218
CC_C70DBEB08378,0.8890280250477022
CC_C71AAC6F9607,0.11680908643134405
CC_C73D1C53BEC0,0.28643562081080765
CC_C7423B380FD2,0.052493731225613294
CC_C747ABF2B4BC,0.08133792039653749
CC_C74F0C45C093,0.11652499989912268
CC_C75307665BCF,0.23463856601024743
CC_C76473DBFF83,0.2880502649579196
CC_C7652C2D1CC7,0.1888780439262926
CC_C77B38900325,0.21458114990875662
CC_C782A94E6754,0.031408544793289875
CC_C786E0FDA098,0.7691191942262926
CC_C794632B3AAC,0.45409452299478337
CC_C795250A7B3F,0.11797658675252272
CC_C79BF5794AD9,0.04576883239289978
CC_C7A2A7BF85C5,0.07870748701060509
CC_C7A2CEDA36CD,0.4397052340131543
CC_C7AAAC514CD0,0.0781999884559606
CC_C7B39AE8206F,0.1605102367323749
CC_C7BA884F8DCA,0.17704610696577502
CC_C7BC592C11DB,0.051109830922087096
CC_C7CB29EBCEE1,0.04073527427204039
CC_C7D2BE35C77A,0.06628079368259646
CC_C7E56C7FFA19,0.15987575380337846
CC_C7ED63E403A8,0.08092242836757324
CC_C7EFF4BBEE1E,0.06154991295254796
CC_C7F1C90A261F,0.16620569352392536
CC_C7F38C2DEDFF,0.17953749342384714
CC_C807F881A35F,0.2707373613283495
CC_C808346EF2A7,0.04279529858299326
CC_C822401D05A0,0.12806250573549713
CC_C82D0EB32984,0.09086743600568403
CC_C82DE4520088,0.19898906728348026
CC_C84080607284,0.07278311136828547
CC_C85DEB66D6EC,0.24604908438414602
CC_C8601860B3AB,0.31681112864603256
CC_C86B56E5B000,0.10295236876505424
CC_C874E7D8B96A,0.05576331826226642
CC_C88F02C38654,0.14675894273235734
CC_C895990DF270,0.1646957594780278
CC_C896D6E93110,0.4070231928441407
CC_C8A57920FB6B,0.09293319921356225
CC_C8C2CEAC6750,0.512559401334119
CC_C8CBB38CF4B6,0.46953904747094166
CC_C8DF2AEC8023,0.15630148287459839
CC_C8E24B1925A2,0.14815462665719187
CC_C8E2F0CA5050,0.7284430520846231
CC_C8E875AAFD58,0.3346898156938712
CC_C8EF7366016A,0.06481403127033408
CC_C8F1FB9C56E5,0.08182359802644866
CC_C8F2FF7E6DAF,0.0944847818975407
CC_C916DC82A00B,0.32207637906082603
CC_C91FF308D57A,0.07742303663987263
CC_C9297D88CD26,0.35562407660543927
CC_C932D885E1AA,0.2175366397162547
CC_C947A66A6A34,0.20610822103331392
CC_C953D19C82A6,0.22158441061069398
CC_C960365C1125,0.3147105630401244
CC_C96221203852,0.22910506077838988
CC_C967937FC81A,0.6765586785070643
CC_C97434767545,0.18598946656079818
CC_C974620D4D4F,0.24972175787116146
CC_C9749B07E3CC,0.11007098630358755
CC_C979F86EC4EB,0.0592087505746433
CC_C9882357496D,0.06934733538919827
CC_C98B5F2B994A,0.07972682238086248
CC_C98CA453DC7F,0.10627331064253674
CC_C996515164AF,0.6827112656356079
CC_C9A1B8F512F3,0.4928048235048032
CC_C9E008678B77,0.11021032368670322
CC_C9E89E3728DA,0.19427343986701737
CC_C9EE0357CF4D,0.18726484021119982
CC_C9F15C15BA6A,0.14217572297971257
CC_C9F3BB887EB9,0.20452293170485872
CC_CA0906B9B58E,0.057293882642856085
CC_CA16B9133E4F,0.3231584951895978
CC_CA2524A5C7AF,0.34177759765999693
CC_CA2A17C9CD44,0.5019546116874433
CC_CA32C61E255B,0.11301947022722802
CC_CA37F92A8BC6,0.17481962089066613
CC_CA3C9D0F42A2,0.6243572364740223
CC_CA4669FF2379,0.10769614473034995
CC_CA486E08F176,0.05679041640704322
CC_CA5CF069C36C,0.05939249581356942
CC_CA6AB58D2C8D,0.2680449219685782
CC_CA6EDCBFA9E3,0.19460312051039816
CC_CA6FB58C11F4,0.07485030753600257
CC_CA7902338F91,0.12316639343590638
CC_CA7BE11DCB92,0.08717782900639791
CC_CA87A148C386,0.07842217552169191
CC_CA8E7E45347C,0.16827995641139226
CC_CA9214D0E170,0.15671408567831963
CC_CAA07EABEF71,0.05856397336833223
CC_CABC0190A9BF,0.5118929447120288
CC_CABF171B8582,0.599533049707917
CC_CAC2F989A2D6,0.2079355540122603
CC_CAC50FF13A43,0.4328618586789076
CC_CAC9C52B6FB8,0.25942822162493734
CC_CAE19DE8446F,0.058286306387627614
CC_CAE5F6D8328C,0.392081245678545
CC_CAFA0C6DBCEB,0.06073797836090568
CC_CAFE5D6E3E1D,0.10557588692970887
CC_CB02A97FAC1F,0.2004052147597669
CC_CB1155AAC7EB,0.13781128621106067
CC_CB1B2FC5769C,0.18759011943839324
CC_CB1BD3C19303,0.17943447241310898
CC_CB2423DD4809,0.8505182477812455
CC_CB33381406F3,0.6821482418599074
CC_CB3CBA971E97,0.08517835830866471
CC_CB45CB5C940D,0.15340797550169485
CC_CB4A2667F8CE,0.1903756253145969
CC_CB4EA92BE238,0.05431486760506918
CC_CB4EE5CC0B09,0.17888410214456857
CC_CB50BDD92A4D,0.22832639745382494
CC_CB6A55831080,0.06589840110354138
CC_CB6CE149111A,0.1279227058705205
CC_CB6F9DA78019,0.03019044491641539
CC_CB722FAA608D,0.2675896677674663
CC_CBA786C05C1C,0.7704484695060996
CC_CBA9A6206DCB,0.15177803279415478
CC_CBB7AE2847B6,0.18774935370328727
CC_CBB9DDEAC819,0.016842516593840937
CC_CBC30D127BA4,0.10592444988673932
CC_CBE67EF0D3C5,0.5149085144075206
CC_CBEC318365B3,0.39121812327171746
CC_CBED6669EDA7,0.04665164166403567
CC_CBF1B052FA7E,0.09264387867898005
CC_CBFC7EFF2F94,0.13176478117139168
CC_CC27394B5E35,0.08716297042055487
CC_CC2A7B3D7A55,0.16585995560440722
CC_CC34B2523794,0.1467894126551352
CC_CC34E9023873,0.6921262728332169
CC_CC37D81F02A7,0.5917337163924876
CC_CC4822AEDB83,0.6935688412753697
CC_CC5D6CAE5ADB,0.21298364685915327
CC_CC6D27804EF0,0.07929766767856088
CC_CC71D4876B90,0.09807773746426333
CC_CC75EA7F2C8F,0.0994705305282995
CC_CC9214A5C0CF,0.07669324195592445
CC_CCA2B8D2446C,0.48032250746249033
CC_CCAB3E56FD92,0.18278465347400502
CC_CCAF321D46D7,0.015201599689204854
CC_CCB46EA56584,0.22177327589670412
CC_CCB60CB8754C,0.1306239718277823
CC_CCD759553325,0.05129843621330388
CC_CCDC28D49832,0.12495905522317605
CC_CCE55029E621,0.6430524454078612
CC_CCEA133D7268,0.641199395872774
CC_CCED6CEBC3D6,0.3771478232744299
CC_CCEE76415B51,0.3121350806823442
CC_CD1326D52AE1,0.6592191049194166
CC_CD35EEA81CE8,0.3139962842579268
CC_CD373485942B,0.10154652855504864
CC_CD379DD39658,0.2587970743262791
CC_CD37D5CF0EB0,0.2084624165798323
CC_CD380545A7A4,0.04989829892315729
CC_CD3A378249BA,0.25725085576455703
CC_CD415B1C7741,0.025377815768562628
CC_CD4976814F28,0.02544530259111176
CC_CD4F5F1C357B,0.24062187715265476
CC_CD54829713AF,0.08809141568623664
CC_CD5E3556D5AB,0.17539895687844276
CC_CD6C797F3C4F,0.08274938220265605
CC_CD7BA8F6C4BD,0.0969279596284118
CC_CD8352F0478D,0.21824056461541408
CC_CD972E578564,0.8529798370482314
CC_CDA1B20179B6,0.14789612829708468
CC_CDA2A36B81B4,0.20690045547200983
CC_CDF6354EC332,0.034054321591982135
CC_CE01E17132E0,0.02731655911299671
CC_CE1280B30475,0.15128414557155476
CC_CE134F878294,0.038487089461726444
CC_CE229894AC00,0.149652810505475
CC_CE26907B9D30,0.41844181901854755
CC_CE2755B42DAC,0.07539302672701166
CC_CE2BD7F74421,0.22957045900131157
CC_CE3784121355,0.08716297042055487
CC_CE41F9FF509E,0.16428591672951187
CC_CE5AF0E9A157,0.07928157679346602
CC_CE5EA019DCAA,0.078871094841412
CC_CE6460FE39F6,0.0883306032026095
CC_CE72D1734761,0.579088670819086
CC_CE7FC560768D,0.37409877524076
CC_CE871DB3950F,0.31939011543671614
CC_CE8D1564C4F1,0.1340497572378766
CC_CE93240526A9,0.24155816276170303
CC_CE980FCAB154,0.3051539769643118
CC_CEA0FAD348F8,0.07829952590400048
CC_CEA369A3451F,0.05747016375198377
CC_CEBA67081418,0.24579347481350652
CC_CEC0C00FE770,0.5785184806278744
CC_CEC3B21D2982,0.38956826433725117
CC_CECEC680F701,0.17193311036633735
CC_CEDB263DB07B,0.03224623563705771
CC_CEDF9C14DC79,0.27340616609853124
CC_CEF23255BE06,0.04665720568871481
CC_CEF8C71C4E8B,0.46616689969488073
CC_CEF91FDD41AE,0.41511196030355335
CC_CF0B68684C3D,0.07768097612612657
CC_CF149865368F,0.09421442460720371
CC_CF2A7A5582C2,0.17715648387010324
CC_CF2B3E37CF2E,0.3802509704347225
CC_CF2F163CE005,0.13622112471822612
CC_CF3C063DF626,0.1553794542722442
CC_CF3E91DB8220,0.3568199925502956
CC_CF3FB5744443,0.7130088849308056
CC_CF4991B8EFE9,0.09644870724485878
CC_CF53FD3AC9AD,0.015201599689204854
CC_CF5A140B279D,0.22196678548758125
CC_CF613A7162B6,0.14438549366614414
CC_CF6A8A460B19,0.10210800172530274
CC_CF792E77A16D,0.043335948015929306
CC_CF7BAF373E0A,0.024157705576671996
CC_CF8B1D0015C4,0.14653875595178315
CC_CF8D0517B79F,0.06836332099698127
CC_CF92037ACA93,0.20699609536162353
CC_CF960A300F40,0.3068570234852477
CC_CF96B6335E6C,0.19332480803246066
CC_CF9880D67A7D,0.20432986570864156
CC_CF9B249283A7,0.7221979677370048
CC_CFABF7407978,0.21262596976127765
CC_CFB2AE99EABF,0.18634294758448197
CC_CFC0BC440771,0.17524910950926298
CC_CFC235739F25,0.5437782561702801
CC_CFC6E8954325,0.04239272147095175
CC_CFD37EDB214D,0.22965662712464768
CC_CFD93C04478A,0.5448007919343629
CC_CFE0AA5381FD,0.6816318617241857
CC_CFEB021AA137,0.05837550373310035
CC_CFF6E2A6A3F9,0.2938914542088882
CC_CFFDC4947256,0.15334425044942462
CC_D009368CE434,0.033602204825076885
CC_D02E59E08B02,0.017301924877235374
CC_D03848B7353E,0.053018007189244494
CC_D03A69B1563D,0.15603158871852854
CC_D0576802096E,0.08843563874303194
CC_D0582E0F3440,0.04215124421193284
CC_D059D0BEC5D5,0.37584451817609715
CC_D05C4A8F2A25,0.1277774304838115
CC_D05FBA9B9040,0.706517087965608
CC_D0653EA71CAD,0.2017654480542056
CC_D076A984B786,0.17031002579317545
CC_D08FC2D99CF5,0.16017269334778927
CC_D09942A02904,0.1334464033683001
CC_D0A8EA2D37F2,0.15067436679971202
CC_D0AAD35C800F,0.117268474085872
CC_D0D666EC0244,0.08655286839796461
CC_D0F3F68F4452,0.4790118900203596
CC_D0FBDE8ABAA7,0.10459537277465106
CC_D103D50237D9,0.26956950094429993
CC_D11E5A30CF3B,0.3193670463420876
CC_D122B30AE7CB,0.5144401024984486
CC_D1679B40D83A,0.08351048445849242
CC_D1760785D631,0.2187639542890894
CC_D18088587757,0.23752053058853115
CC_D184160042B7,0.3201896243056057
CC_D1886485E8B4,0.13857130849519592
CC_D1893DD5B4D4,0.08242321293463473
CC_D18B60E035CE,0.7135523718702705
CC_D191D099789D,0.08556213009023082
CC_D1BDB41E7FF6,0.07758962940402815
CC_D1BE2E6E9C9F,0.17606339508882582
CC_D1BFB29BF61C,0.05566815945992207
CC_D1C259F80E13,0.08945462938868254
CC_D1C63DA9CA93,0.15964106895287172
CC_D1C931E4F305,0.07963334895502562
CC_D1CE25F271BE,0.19840332057798243
CC_D1D2127A0C67,0.055935256750611284
CC_D1D31EA359F4,0.1196638929427819
CC_D1DB888BD9B0,0.11864032845316513
CC_D1E82B9DD102,0.16145331436132077
CC_D1EF68A649AA,0.09792433878405996
CC_D1F05E69F80F,0.053819073631054
CC_D1F6FE158DCF,0.26276324068678564
CC_D205612FD566,0.6927041957127276
CC_D21474C31E3C,0.7197656425484866
CC_D2195A061A0E,0.6789263577829323
CC_D2199CC1CB08,0.018536696881891603
CC_D21FCD9DFE53,0.5198849380546622
CC_D233B2C8062B,0.47657052206025147
CC_D234CF2C21AE,0.6823289433864048
CC_D2373015DF41,0.03904022636023236
CC_D239CBE1012A,0.1020949366637924
CC_D2591377E980,0.7677819478344513
CC_D25E25C831B5,0.06052034411044627
CC_D262BB13DAAF,0.35717948031813646
CC_D272BC699F38,0.04076608704190806
CC_D2813C835750,0.7874547443644209
CC_D285B0D67016,0.015201599689204854
CC_D28FB525E310,0.23821587791909454
CC_D2AFEE04E96F,0.019183317267124692
CC_D2BBAA423304,0.1382193991488705
CC_D2BE8B4011D7,0.0407489595283756
CC_D2C49D2FEBF8,0.19264222943856724
CC_D2D09498D333,0.14680501803554435
CC_D2D187DA334A,0.18633249907530255
CC_D2D47A5386CE,0.29365216073878403
CC_D2E98F50621A,0.033591719408907386
CC_D2F265035F0A,0.03486962362250761
CC_D2F91355C6D0,0.20455392968698907
CC_D2FC934F8324,0.12850023894691234
CC_D3044C67CFFB,0.051272576747836245
CC_D313F2C49E46,0.4374831433394169
CC_D31FFB053D60,0.12810423520991263
CC_D336DB6323BB,0.26760923372485323
CC_D343A7CBA377,0.07166672516403756
CC_D345AF4C4B61,0.19366799658209097
CC_D34FA9410740,0.0850475956638817
CC_D354C5D1665A,0.15500422175232287
CC_D35E96480AF8,0.26889025038517045
CC_D3616386D6D2,0.14514008794949876
CC_D365173E852D,0.8111628379224998
CC_D3683C6CFC5C,0.5316687177695434
CC_D373463038E0,0.053454576867878675
CC_D379CF8E3FAB,0.7064734215736533
CC_D37B4CA7F3D8,0.04709993640028363
CC_D37B5B3CA4BE,0.6833052843395405
CC_D39265D7B6C9,0.047703516820701494
CC_D39E3F732408,0.07192123410723109
CC_D3A7B21165B3,0.3718811519127308
CC_D3A9028A4660,0.03687535728566516
CC_D3A948322BD5,0.7102451930358857
CC_D3B95DB5E6C1,0.29022929544568954
CC_D3C8C5014D5C,0.208627179295402
CC_D3D80929AF52,0.08515862723623407
CC_D3F25136073A,0.16971497076684394
CC_D4102AD032BE,0.201940829495565
CC_D416EFCEAD89,0.055855896276403506
CC_D41C5030494A,0.6635585453384856
CC_D42E477596A3,0.059519877909611225
CC_D432C89BADA8,0.13993877094792312
CC_D434638E9569,0.15236530465315273
CC_D4518F98BB77,0.0730232386191048
CC_D452847F2A4C,0.04901504517222801
CC_D454056F92E6,0.22102536815676746
CC_D461FB973AB2,0.802031855091249
CC_D462250B13D3,0.4457604085159577
CC_D48E686A834A,0.6386696109295351
CC_D48FFD985E51,0.1013869804202468
CC_D49263A1BDF7,0.14304224916115907
CC_D49668C65C33,0.015201599689204854
CC_D49D9C57A849,0.09162691455024219
CC_D4A029A150E4,0.15811776226821586
CC_D4AC998C0BC8,0.7045097547944675
CC_D4B02AAFC697,0.14697600329888394
CC_D4BDF0F4FE9E,0.11042576904397407
CC_D4BF2778371B,0.12141134304608552
CC_D4C0F4DB3501,0.1728485402205496
CC_D4C6DD8A364F,0.12254672557333153
CC_D4CDE2A1E174,0.16032381108569876
CC_D4E7EE35695B,0.1579332192162742
CC_D4ED652E86DF,0.27348716333832146
CC_D4F844B54B84,0.0328172079842398
CC_D4FA0055DB4A,0.039468050390944316
CC_D4FDCBAFEC74,0.7337345783323143
CC_D517D90E105F,0.09805083604893658
CC_D52B87A01028,0.20611627117939801
CC_D530C3D1DBF8,0.6991362585169383
CC_D5327E41EBA2,0.13458794581968933
CC_D53C8BCA531F,0.07367826751626796
CC_D540C7ABF683,0.6715168172791673
CC_D54105FC1349,0.32951020908348405
CC_D550CE8B9313,0.7467521422094424
CC_D55C5B432387,0.16366969012587662
CC_D5646FCC5E14,0.5274338822735098
CC_D56F34613338,0.12525452770475595
CC_D573AF0F1674,0.08405596287530463
CC_D586E2C2B3EF,0.21878470475654982
CC_D589E388CA02,0.05764407251537747
CC_D58EBD954E68,0.38515321149785586
CC_D59AFE884BDD,0.49464237653480253
CC_D5AC596A85E1,0.1835242552633433
CC_D5B99B578573,0.03162653008564134
CC_D5CBF4A4D3B3,0.1309514253789294
CC_D5CE05EAA837,0.2034405089097238
CC_D5D36A6C8DB3,0.06880592131677907
CC_D5D8D545736F,0.09033477499933762
CC_D5ECFAF8C1A3,0.0736431231295588
CC_D605715F737A,0.1664945753362594
CC_D617428B4B0E,0.3622868988097473
CC_D61E8E5C4414,0.10180062654833873
CC_D652B5F05769,0.17017878210332782
CC_D6564D0CB9A8,0.1704177002137105
CC_D66183657419,0.06311867483767855
CC_D66BDD3E1AA7,0.10617157270878198
CC_D66DA331534A,0.09426865180287834
CC_D687A780C0E6,0.051593256194926794
CC_D6AE871A4C9C,0.1130722594801286
CC_D6B7AF1FBDD4,0.5090357361446012
CC_D6B874308353,0.6274911706911623
CC_D6B8F47FE484,0.4966508920169568
CC_D6CB1BFDCEEA,0.17820299281063945
CC_D6D47D7E1C51,0.02968801182375166
CC_D6DE060699C6,0.1366716928648681
CC_D6E06014457F,0.9217546495893604
CC_D6E8E17EA449,0.30704122020399877
CC_D6F216AB1C4A,0.1635181328788918
CC_D6F5E3A51C8A,0.08766110851971161
CC_D6FB3B76D7A0,0.5738220002817354
CC_D6FBCD4BA3DA,0.27450874144972465
CC_D70918916097,0.48304688114467365
CC_D73B1B9B81A5,0.04310241908054448
CC_D73E9E24BB48,0.10775288403409558
CC_D74AA0F20466,0.11880417982768543
CC_D750070C44BB,0.7251291550707339
CC_D7529675CB7D,0.18329366033539454
CC_D75C8CDB510B,0.6362259832883754
CC_D76009C47709,0.30024056083434064
CC_D771775A58F5,0.2393232233834074
CC_D77F9D613EF7,0.1745903811050511
CC_D7999C3EDE22,0.18722936851698
CC_D79BF1D26499,0.2279729210741208
CC_D79C05885899,0.1094224950717095
CC_D79D4F15D10C,0.03146085571696321
CC_D7A11E3512D2,0.04241178007156742
CC_D7AD7A7279C4,0.17259703347576844
CC_D7B35055AF0D,0.16700174695994804
CC_D7D99409D57E,0.31052416440593134
CC_D7E403181D8F,0.1366872572418068
CC_D808C7BA9399,0.12446715917578641
CC_D80DE8B544F3,0.02200978233386552
CC_D81D19AEFB77,0.015201599689204854
CC_D81F317F6384,0.11202203869633097
CC_D844D9DF962C,0.09651689425847539
CC_D847D978387D,0.051788775328677046
CC_D85C7B85C440,0.3135568195899991
CC_D885591596E7,0.08052286206346031
CC_D887D07BDE23,0.43395548134856776
CC_D88ACC0CFDA5,0.11252497998510057
CC_D88BDD0F510C,0.03947696048961725
CC_D8956424CB37,0.3623515926616177
CC_D8959BB99A7F,0.2906810472075986
CC_D89A9A14B5E8,0.04533951835779678
CC_D8AD01F3CCE7,0.03964858574763472
CC_D8B4122DC296,0.11359984423386112
CC_D8C38B187875,0.7070741797611901
CC_D8E55509595E,0.05673340401539746
CC_D8E6B90C37A3,0.1270827796939042
CC_D8F1AECFCC2F,0.05577102136240566
CC_D8F7672C70D7,0.03984038605966609
CC_D8F7E904E7DF,0.1870217066367085
CC_D8FEF1C99F88,0.6822450501951741
CC_D90761F9E9C9,0.45937829617016035
CC_D90D9D5C8FEB,0.08871505765417644
CC_D912917A4F4E,0.771568516704779
CC_D91ECE64FD0C,0.12442115359681294
CC_D9325E5695D5,0.047390089210525815
CC_D9563654A397,0.17975238627902168
CC_D95766A6C24F,0.15762706765127726
CC_D95939B1BBFA,0.07237794598656433
CC_D96729C38BC9,0.0941337668885284
CC_D9791EFF766C,0.2301878885670215
CC_D97AA7C54F6D,0.12528279838758477
CC_D98BA5CE8EE6,0.5478348974766478
CC_D991DAD5413D,0.15004233345035842
CC_D995C89AA359,0.24969841141461332
CC_D9A54F55AD6A,0.08293204869067139
CC_D9B87A96C353,0.2393747434616468
CC_D9C42B0B6A0C,0.18265270192450495
CC_D9D487E78FAF,0.6485320376687658
CC_D9D744A66B09,0.09452275811799017
CC_D9DA3F6E2E7E,0.13223764240614672
CC_D9E5792258E4,0.09850750380473995
CC_D9E6B9CBEB77,0.04835050594433015
CC_D9F0CDB02AC6,0.1430328661092215
CC_DA0201D1BCF2,0.08126039983124211
CC_DA0500AFE692,0.05335021105225312
CC_DA0E0BD3880D,0.549037099378452
CC_DA10F53AE655,0.650513689482122
CC_DA1643A835A2,0.09328582405904047
CC_DA1C5BAB7E35,0.4391055744029559
CC_DA1DC6A6371D,0.20031890498377616
CC_DA1E6B31DD2A,0.6991257982798461
CC_DA1F282809D0,0.02529620852060765
CC_DA226442D919,0.7303649616408001
CC_DA31EC318B1F,0.06246755488912126
CC_DA33597C6459,0.13434849952866781
CC_DA43CFB5CC2F,0.1972592258259541
CC_DA481C72B8A4,0.2506117944917533
CC_DA55447636EB,0.036445351179110186
CC_DA5AE34842E3,0.08270817726170009
CC_DA6880B018AC,0.20115528963910964
CC_DA700A961616,0.14655005645752833
CC_DA7E65F1E6AA,0.07020335236059949
CC_DA80FAA7FE30,0.08660451565392524
CC_DA8DCCC1199D,0.31364007473222116
CC_DA8EA724C1D3,0.4286739533415373
CC_DA8FA65D1924,0.015201599689204854
CC_DA99D1E41C3E,0.05523767280991542
CC_DA9C3BEFD0B3,0.17989676531339205
CC_DAA3B7FE1C62,0.07959176264364683
CC_DAACE4211B34,0.16917293428530478
CC_DAD239E56638,0.8056919907284045
CC_DAD4BC090253,0.06071782949613609
CC_DAEDBA26BA12,0.26070483051747945
CC_DB1EB08EB40E,0.13232136690435936
CC_DB2314ED6960,0.0830437440255678
CC_DB25E05EC5CD,0.5038435532080191
CC_DB3BE0C87882,0.05163283907953589
CC_DB44628BC147,0.15449854391896764
CC_DB562E602BA8,0.14037582147277622
CC_DB61D7F5F8F2,0.6992110416227617
CC_DB6498598C32,0.17240066439786428
CC_DB6B59FB6E30,0.023075574211754338
CC_DB801B947698,0.2858838020174892
CC_DBB8C467FF1D,0.09289573041554161
CC_DBCD21C2C322,0.07663449868363062
CC_DBDB148E45DD,0.08454673751342032
CC_DBDF9BFA7E87,0.1148478110576025
CC_DBF5CD2D854F,0.18783823690942708
CC_DC0077DE6E39,0.2263385865284241
CC_DC23159A1F99,0.06591409654921565
CC_DC2458827FD8,0.22817214387497
CC_DC2BE35D58AC,0.27438042599177015
CC_DC49C8D3F7EC,0.601724623288326
CC_DC5DE66826E9,0.1068555280335434
CC_DC6063FC6464,0.0732651363014348
CC_DC771AE1B4BA,0.6991695889890086
CC_DC7DEBC30E17,0.4078250553860331
CC_DC978F3A711F,0.6732053802857995
CC_DCA2140C7BC4,0.21670612138616135
CC_DCA5CE7C9DC3,0.13031833136224363
CC_DCB5798049B2,0.1459411357266468
CC_DCD10C95C942,0.5464116565590227
CC_DCD145E8E729,0.29029135665206623
CC_DCE0BFC03B86,0.04150628732875129
CC_DCE75AE2FB52,0.060310043180089805
CC_DCFCEEF21BA7,0.3133258911306435
CC_DD12A8C462FA,0.0815620373416631
CC_DD14867350AC,0.17458559804182514
CC_DD232BC8881D,0.19440576137932547
CC_DD2473D34D68,0.19359078915470523
CC_DD2B5C4CD318,0.058707797476888805
CC_DD4EC06C3A92,0.2825082700921001
CC_DD5299DA8C1C,0.06755020829970373
CC_DD59BFF18ABC,0.17841520654789902
CC_DD6777E1B05C,0.04451068925233877
CC_DD6EE1501B89,0.07801958267076042
CC_DD78B52AE022,0.11811871516981642
CC_DD7983A07B43,0.7099493679170638
CC_DD80B5CC495F,0.10978562840225824
CC_DD8956B71825,0.6904601174156499
CC_DD8D40E7E2A9,0.09644047175476407
CC_DD9972D0B63E,0.15321003284818685
CC_DDAE70634ED3,0.10094299239073445
CC_DDB4A9FF2B03,0.1137744548977178
CC_DDB68302DA2A,0.1485831684261245
CC_DDB9DEC9C037,0.06372286990349954
CC_DDC610D2B2F0,0.06217373365935543
CC_DDCAEC6BD9F0,0.21322285250578443
CC_DDDF665EBD93,0.34735716774729025
CC_DDE66EBF2157,0.05998533361096032
CC_DDE8B7E9C7F4,0.30160150625683635
CC_DE019FC36D28,0.38206028044660223
CC_DE07076B04D5,0.150204937023206
CC_DE07AECD2361,0.017370948808027413
CC_DE08A4514010,0.5904383985286525
CC_DE093FAC5293,0.3748455465488482
CC_DE17BC1C2324,0.041916937464937125
CC_DE1B13B3E504,0.023615469779940567
CC_DE4264861B73,0.08544467258013401
CC_DE4810B88C51,0.3064974022075453
CC_DE4EE8A16896,0.14834762026406
CC_DE523A2403BB,0.08807117694498595
CC_DE52860CFBBE,0.23725734853590205
CC_DE593193FB9C,0.1886781374786388
CC_DE5A9B499ED4,0.07776713708246083
CC_DE6AFFA63ABD,0.08827320000547975
CC_DE7CEC14CCD5,0.6853506683393611
CC_DE7D7B5BBB14,0.6841464547616447
CC_DE81AAB7BF48,0.051040609476025095
CC_DE8956D433E2,0.6516808818324417
CC_DE8FB8D1CB71,0.3750110666752537
CC_DE90D07B269D,0.19243229329530936
CC_DE9A62529780,0.17778107222767864
CC_DEA425EA8441,0.09293319921356225
CC_DEBE01582EFF,0.2413365704459772
CC_DEBFD4E79A38,0.029640869240108166
CC_DEC97F13CB8C,0.17910925157377683
CC_DECF1507C86D,0.16437972445885182
CC_DED24C8D047A,0.13221788307629084
CC_DEF4AEBD31C8,0.22443116511181582
CC_DF062F698349,0.09530374557980804
CC_DF13D5CB626A,0.09399424565507226
CC_DF15C526CDC5,0.05160115937477813
CC_DF1F6C68F7D2,0.1560848084590758
CC_DF3EB88F509B,0.0927921701477924
CC_DF4E332C886F,0.015201599689204854
CC_DF514171DC30,0.17253663460447582
CC_DF536CEAE5C0,0.04020975655986814
CC_DF5806CC2CFF,0.1301785751244286
CC_DF715690EF20,0.2502791542851615
CC_DF718A37AF15,0.09581854726869948
CC_DF7276DD74AA,0.086515207585838
CC_DF750B2D6872,0.3620064181858329
CC_DF9FB6670627,0.06916133823804914
CC_DFA65A0125D9,0.061004379787599906
CC_DFAE355359B8,0.20797078063161953
CC_DFEA562F7BCF,0.30517456644314095
CC_DFEDAF0F0D6E,0.021869679864592647
CC_DFF6F74C64B5,0.669699069844466
CC_DFF87DF16763,0.1230274767869406
CC_E00D8ECE9FA9,0.152330357831571
CC_E027E36615C0,0.566107142340871
CC_E02E23CE49A8,0.09309167605790714
CC_E030B3AEBF19,0.16193062481368778
CC_E031A4C862C1,0.1606728999670695
CC_E0339B331F4F,0.08343716872386632
CC_E038981B2FEE,0.10583693549180448
CC_E0463868968B,0.16693439757944148
CC_E05A8621B581,0.31907801832156607
CC_E07FB0312232,0.156268274222639
CC_E088594E0624,0.2088646159918602
CC_E09AC3B1E534,0.09230433124459096
CC_E0AC29AFCF97,0.19583723378360335
CC_E0BAC6E0D0DA,0.03548013666591592
CC_E0DDDA07F0A1,0.1629462414373815
CC_E0DF45AB72B6,0.2038674179649287
CC_E0E1F8E7379E,0.09433796809019146
CC_E0EF095444A5,0.18453217335940078
CC_E102E4F7F8B4,0.16372219587447742
CC_E109B4CA6A8D,0.13307696343605363
CC_E11470A2D92C,0.42201081229890475
CC_E117B8A6ADC6,0.015201599689204854
CC_E128015073F3,0.07322548926667755
CC_E131D5EB9237,0.17480777355862642
CC_E14A24095E9F,0.13956319311766693
CC_E14CADF89123,0.5134266996151573
CC_E16876025011,0.05137093571173662
CC_E16C71C15D04,0.6935688412753697
CC_E16F1BB83653,0.0429948837906216
CC_E17448FB08EF,0.5743926299134894
CC_E17AAACEB07D,0.08802335654442701
CC_E1875522DC57,0.15537696304461046
CC_E18A0734641A,0.12083783824171306
CC_E18A22453843,0.07455580473631263
CC_E1B4E3360C0F,0.16795407642668955
CC_E1B5AE645169,0.04819407045363409
CC_E1B71F6B7DD2,0.3949328128687902
CC_E1D073F693A2,0.3528057889589181
CC_E1EA83C31C66,0.08778777892396043
CC_E1ECAE226485,0.23364655650200783
CC_E1F0C5076481,0.07853204594538603
CC_E1F78CE289D8,0.028924152078088194
CC_E1FBCECE0A54,0.2269180285652872
CC_E1FD46CA26D5,0.07498051543696378
CC_E20E7C7164A6,0.7284737796263768
CC_E211E2698C14,0.017930175207086018
CC_E21B4F587C45,0.17105005884359642
CC_E22A278A1386,0.06836332099698127
CC_E24078C03B7C,0.13588906525464528
CC_E2452737F950,0.17103843640972421
CC_E246119AA09C,0.6442196812139149
CC_E246942C7310,0.07815509108539295
CC_E2474A334F3D,0.08943754576692536
CC_E2489637D0E8,0.13973217306084798
CC_E2521AF9C2A2,0.08936357592892878
CC_E253F4AC4762,0.5849942791720895
CC_E257805D0F0A,0.18218659429087236
CC_E25A924EDB70,0.10018270214926964
CC_E25B5D5502AD,0.10659952323460556
CC_E2619E24BEDD,0.6691103104710837
CC_E274DAF3C064,0.06431158450962658
CC_E2787CBDFBF1,0.14199109823228065
CC_E28AE2E68BB7,0.7009578617062296
CC_E2C3E272D059,0.2336445565212594
CC_E2D653061523,0.4324917807775066
CC_E2ECDC7D23EE,0.1481560013887172
CC_E2F0E725C3AB,0.05041922129673016
CC_E2F7712CD056,0.17764870508790692
CC_E2FD7FCF0AD5,0.815660951655369
CC_E308C7DFB2F2,0.11273850824969005
CC_E30B791D5F11,0.24997992409656578
CC_E315F7A94400,0.3298625900770523
CC_E31DAB1E73F5,0.05390620697594421
CC_E32034C97E83,0.21739016927802088
CC_E32DBED5EAC1,0.2417805454878251
CC_E32DDDDEE3CB,0.18612773587961798
CC_E343EC3EB052,0.7138581438713022
CC_E34A04E78D60,0.10159058729710703
CC_E3503B565AD0,0.2521739949662512
CC_E356B05ADD56,0.19109431161087986
CC_E35D02BE6780,0.015201599689204854
CC_E369AAECB2B1,0.4965022447739606
CC_E36ACDB4F96F,0.4493029466167096
CC_E36C7F0E1657,0.8973651310503131
CC_E381FD4674D5,0.030573944144257875
CC_E38E3835121E,0.036737606326403556
CC_E3A70438A0C1,0.3551805084604366
CC_E3B5C76189F3,0.2509565971773815
CC_E3B7B7E57889,0.18302111352263015
CC_E3CCC0D886D9,0.2025925274050658
CC_E3DD8AD10171,0.2857249211976909
CC_E3E230CF20A1,0.22718792749756123
CC_E3E4B2543CCB,0.06062258453620428
CC_E3E5DF01E014,0.1708257106517226
CC_E3EB157288A2,0.09312562036920496
CC_E3FBDA203EDF,0.18504114832022964
CC_E404FCA6CB2B,0.6904396599835315
CC_E4054F9C8442,0.4094051946045494
CC_E405D808772F,0.0338576969539743
CC_E4137B250609,0.25448526251599124
CC_E41482A7E968,0.07309488566242678
CC_E421FA1874F4,0.07565590502622045
CC_E42C38BBBD04,0.18168432386977562
CC_E42D90BFB285,0.04512563416735101
CC_E42EFC05C891,0.08716297042055487
CC_E430F3C75969,0.10999205878088987
CC_E4576D6B6478,0.08941689468891068
CC_E46B27A13728,0.45783814199922673
CC_E4783FB590D4,0.17681974220503835
CC_E489009C6500,0.1571297956750595
CC_E493CB46177D,0.12691932130953976
CC_E496AFA9B40A,0.33429969444454377
CC_E4A2FFE0EE1F,0.11693777992558785
CC_E4C553538385,0.32512393221374186
CC_E4C7B5501ED1,0.20430945317068802
CC_E4C8A5A60F51,0.18803064118901097
CC_E4C94AB69214,0.4270557811315955
CC_E4D75244E8B8,0.24348454971030312
CC_E4D9A8EEDBAE,0.22650467082195447
CC_E4DF787730AA,0.12301650719842287
CC_E4E0DC070132,0.15098018476269953
CC_E4E3C08B7F86,0.05658597265678834
CC_E4FEEB4389C9,0.4573890370788094
CC_E50598344DD9,0.3867925636434938
CC_E50C634A9A18,0.015338594640185808
CC_E5107337FDD7,0.039466976180314806
CC_E511BFCFEC9E,0.6724785941884612
CC_E51318749E09,0.12299900936156691
CC_E53FE6708AD9,0.6987661656763317
CC_E54290FEA34D,0.09367429269663155
CC_E54B723C018B,0.031954821032216814
CC_E554618F383B,0.0840602670361132
CC_E557336955A2,0.10057320952650212
CC_E55B48E73651,0.20080955476800172
CC_E55D8DC645B9,0.046556491519543296
CC_E575DA02C575,0.22277020154516203
CC_E576BD98A727,0.1831284164396868
CC_E578DC77656B,0.1334783742058274
CC_E57F3EAFD9A3,0.15595494366290782
CC_E59A01603B7D,0.2662728582505698
CC_E59B2D974CB3,0.16525169453098001
CC_E5A1C44F0F07,0.6655686164662876
CC_E5A8BDF6BFC1,0.1790227239730969
CC_E5B284DA0E5D,0.08827320000547975
CC_E5B8363BB378,0.536813746717472
CC_E5D8BFFA5F88,0.06235723609370978
CC_E5DA04902EFD,0.3025071777271175
CC_E5F53CFC20EC,0.08920878857921813
CC_E5FAECE63C59,0.444480581143146
CC_E5FB6E872C58,0.05242360931077032
CC_E6045565E7ED,0.08291267391036143
CC_E60845ADC7F1,0.03631059775337628
CC_E61567D6B392,0.1220343614700669
CC_E62174AFA94C,0.14088562443418023
CC_E6247DD14641,0.091086592658591
CC_E6289A61F0ED,0.11713609349857035
CC_E62E32FB6FBB,0.015201599689204854
CC_E62F6BE942DC,0.23513645786919596
CC_E63E49B128AE,0.0778593983264004
CC_E63F89885A3E,0.8219354109882057
CC_E6466E6A92CB,0.24106687520143996
CC_E64BC95F8B2A,0.9563399980039593
CC_E64C652BBAB2,0.06301218872859791
CC_E659DB355476,0.18098148740289688
CC_E65C8BA5A7CE,0.06065335691803381
CC_E65F39446752,0.36661621330272365
CC_E67395791589,0.1806987168978361
CC_E67622A69EEF,0.0795313520250894
CC_E680830CAEF3,0.053855539217137434
CC_E6823643AC4C,0.6368966143486218
CC_E683F33931BB,0.13097068278047472
CC_E68841DEB163,0.11499613345634682
CC_E68B2C33D180,0.11530424997001959
CC_E68EE6EC2618,0.047820060433331577
CC_E69508D3D3F1,0.2274208396001198
CC_E698F1348426,0.18433916429285133
CC_E6A178F3709D,0.14821326063096937
CC_E6A4B6E8619C,0.7004738045689901
CC_E6B3887C66BB,0.2668940140313937
CC_E6B6BBBDBEDB,0.2764543485247781
CC_E6DBD0F9DC3B,0.0785721351917671
CC_E6F090F70DDD,0.25258191980969874
CC_E6F2D8CB45C6,0.10318295308703945
CC_E6F8FBEDA2A7,0.09716665996156497
CC_E70854CDFE9C,0.058443814483370805
CC_E71C05F07F85,0.06710737377428498
CC_E72797CABC60,0.06422617669741243
CC_E727C1153226,0.08747408033624962
CC_E73489D828C7,0.14533708457119
CC_E7355465CE6A,0.08547028102216943
CC_E73CDBC743FF,0.20008742627927653
CC_E74F00E75A4F,0.0688009262817954
CC_E751F7E19192,0.1458039165342457
CC_E7522AD6431A,0.5213051803866582
CC_E7523630D2D9,0.23592490146803896
CC_E767372DD95A,0.670331652109157
CC_E76C5DFD3BA6,0.22083212844074984
CC_E77326438575,0.21799471860658143
CC_E77E29E11EB1,0.15596692938061715
CC_E78F20B3223F,0.7251273129588731
CC_E79A23E64518,0.11435815404057041
CC_E7AC69AEA182,0.7257959969171647
CC_E7B754CA9668,0.04494043368578763
CC_E7BA60365AE8,0.18294240645297857
CC_E7C95D4A741C,0.07958544170787035
CC_E7D3D728EC5B,0.21536997748197056
CC_E7E4D5F851D3,0.05460825227735047
CC_E7EA49D37B64,0.3588038230804925
CC_E7EF11A24F73,0.7964321381005491
CC_E7F6F9A7EC65,0.07484641583116447
CC_E7FBC7F69DBB,0.20821888230170793
CC_E80B1A55A74D,0.15202520911812525
CC_E824AB0AFDBB,0.21055329268580128
CC_E826DAC92D9D,0.2365747427543899
CC_E83AB7100D06,0.10644528478882945
CC_E83E6D31EC76,0.2184124073436854
CC_E86650461FBE,0.17163707697179298
CC_E868A3754B11,0.9107653714118008
CC_E86A993F7D05,0.07733119550601412
CC_E87992FBEE80,0.6309287774715935
CC_E87B909C4DDD,0.20475286446991664
CC_E8828BA7EE08,0.13493998714275593
CC_E886157F6FBD,0.31004878370345346
CC_E88711C5C98E,0.10554448786930304
CC_E887680BB6CC,0.15734915302378116
CC_E8909BF77D8D,0.10425745338514614
CC_E8A82DA3A246,0.1584609652791241
CC_E8AC7545DBD3,0.08484384014867505
CC_E8BA6B224C3E,0.0930221282123865
CC_E8C6CA45BF72,0.24183356892371558
CC_E8D2E3126A8F,0.7020569815473326
CC_E8E55DAC4FF9,0.04620470277630647
CC_E8EB77AF3F78,0.928498570797848
CC_E8F2C6905503,0.44516268444900803
CC_E90831F897A9,0.16506867593638452
CC_E90B14D51185,0.5254857721603544
CC_E9188329C9E7,0.0952495354363895
CC_E91E1C0C0C61,0.6616831561137178
CC_E91E9D34C5F3,0.10504590286928146
CC_E91F555DBA96,0.13195033420572014
CC_E932CFF4B4A4,0.20821228614739531
CC_E93643CB34CA,0.16234038934544068
CC_E937CA493910,0.17051178165366276
CC_E9409A50B4BF,0.5373183981625044
CC_E96711AD5512,0.04224511143370475
CC_E96A3E6912B4,0.5158646994536698
CC_E98AEE74B9BC,0.18828369243720103
CC_E992FB78BC2D,0.2670319692016652
CC_E9A3AECEE3A9,0.07535966443657854
CC_E9BDA7766728,0.2843511204598657
CC_E9BF1AFE86C3,0.18110408915933257
CC_E9CA055AD1A3,0.08199094808726178
CC_E9CA0A56E917,0.16912075809414764
CC_E9D3453F53AC,0.5843083335586506
CC_E9D46EFFA839,0.19326536778066722
CC_E9ED872B6037,0.029387696430383543
CC_E9F40C1B559E,0.14809698001155577
CC_EA06928C0AA9,0.2483756584714554
CC_EA0A46F64C80,0.16846493891400918
CC_EA114B15FC04,0.6138068541505924
CC_EA1F3F67BA2E,0.08744952912238046
CC_EA21618614D1,0.7240872715782575
CC_EA26B5A89181,0.20121995287971345
CC_EA26C6C27662,0.18828369243720103
CC_EA3B5AC76649,0.22768400469918537
CC_EA4E669C8528,0.08481124970927544
CC_EA6917E7A5C2,0.7338493574238275
CC_EA8A25862433,0.15277107945127527
CC_EA901D7CA670,0.1819645648585613
CC_EAA2BCE323EE,0.694319567880207
CC_EAA6D5189190,0.13935735867213073
CC_EAAA8DD7FAAF,0.13161334737786728
CC_EAB7408CCE0E,0.42775011917483124
CC_EABEDB3C4827,0.14638474297405776
CC_EAC6D83D1BFC,0.015201599689204854
CC_EAD7F3E9DAD1,0.06525715442035568
CC_EADC7D8196C2,0.29698317493040427
CC_EAE608E24E29,0.025157341947157092
CC_EB05AD2C7C27,0.02731655911299671
CC_EB1DA337E2D1,0.1693418293731013
CC_EB1F425EC937,0.1230099059632444
CC_EB2FE764BF6D,0.14160541783752653
CC_EB55483587DE,0.09494429178608009
CC_EB569B3E2E12,0.6879452651830124
CC_EB57E6E6C96C,0.19075172322024472
CC_EB5A0FE0605C,0.13676004990193463
CC_EB64EC97D01D,0.14722953513337533
CC_EB691249B91A,0.16613981483536666
CC_EB7C50A7D4C1,0.44561786070244097
CC_EB7C52FDBEC3,0.21001647045560703
CC_EB86FED24535,0.27700367399303716
CC_EB89DECC2021,0.13356082814148923
CC_EB999F9D6095,0.1915349569136999
CC_EBA2F85924CE,0.08119173673695965
CC_EBAC5A53FD11,0.08003716740351526
CC_EBB109EF7619,0.17732296817454873
CC_EBBD00C18763,0.024662853698952398
CC_EBCA68C7854D,0.06137427100407123
CC_EBCBDE122879,0.16609500073999273
CC_EBDF6C88BBA5,0.08114341982418767
CC_EBEDAC91ED43,0.08738929469741981
CC_EBEEC4183FDE,0.036922507012038475
CC_EBFD9D007253,0.4960729499340052
CC_EC1ABC58E09A,0.18774935370328727
CC_EC26EABA68DC,0.8444202978595405
CC_EC2A485A3E71,0.22239994595833457
CC_EC3B9E2FE47B,0.0786043518567438
CC_EC505F03EE5F,0.015201599689204854
CC_EC5317EC6706,0.18745002038811132
CC_EC5B7FBD1EA7,0.1386866419837323
CC_EC5C7471FFC5,0.04845941258248317
CC_EC5D92B3617B,0.1925347517147798
CC_EC5E214BFED0,0.6439437388192376
CC_EC6406527201,0.09288231078340277
CC_EC79022358C6,0.2988870862311762
CC_EC831A90189F,0.08801412081952856
CC_EC87C131FADC,0.03705726312074587
CC_EC88785D6F39,0.22506748931304163
CC_EC9173F5284E,0.015201599689204854
CC_ECB7B3B6272E,0.058699510568300625
CC_ECBF4CED56D1,0.11639128271257922
CC_ECBF80B94EAE,0.8209342268188559
CC_ECC78B7AE3F1,0.5468219677760298
CC_ECC7E9E691F5,0.15155169957680523
CC_ECC9235F612E,0.25014141327472117
CC_ECCB0BD557DC,0.17501425534557666
CC_ECCCB1B4EA8F,0.07006270364064106
CC_ECDDF4983DD9,0.0376586362026534
CC_ECEE93C4F564,0.650286465686425
CC_ED07BD8B2CB3,0.04809817463378159
CC_ED0F4A02A01C,0.3440667409692558
CC_ED11D72A1D3B,0.06079867624267696
CC_ED165FC5A06F,0.04665720568871481
CC_ED2B6A40ABC7,0.2200618361569248
CC_ED390F22A931,0.08641857993402288
CC_ED40E7CE5177,0.20218359159645563
CC_ED4E4B13DB1A,0.024081215727291834
CC_ED4F22572419,0.1565984443656073
CC_ED5AE5CB1DC5,0.04919641587932083
CC_ED6090A4E6E4,0.2079445101970563
CC_ED645D91E6A5,0.10236767732022133
CC_ED6B045B6075,0.17844708988652186
CC_ED9313C71C57,0.15498194654621228
CC_ED9BCE7C776F,0.7453517663261092
CC_ED9D4644716C,0.1950826392195243
CC_EDA794402358,0.24185360801467512
CC_EDAADACD4DED,0.133752943805654
CC_EDBAD2E989FB,0.15722687424506918
CC_EDC98B474E76,0.3043796425085507
CC_EDD1FD49A66A,0.7812120858420609
CC_EDD448008C0C,0.7296297550549928
CC_EDDA3B790095,0.05405969915772977
CC_EDF95BF0E3D6,0.20797078063161953
CC_EE03D7C2BC69,0.05594493808897337
CC_EE0D95184E81,0.033034272602824356
CC_EE0FF690C214,0.4971487612081147
CC_EE2412C352D5,0.09000726453360985
CC_EE2A010019CF,0.0674238782668104
CC_EE2AC730827E,0.05415667996963215
CC_EE3236E6A9FD,0.12761267167641005
CC_EE3759EA49FF,0.16032521719144435
CC_EE38C78AD88B,0.41347578604155033
CC_EE3CE0FD6B77,0.4976317616959677
CC_EE6B7E58FC63,0.024314469554970977
CC_EE6E02464067,0.2996591471063313
CC_EE6E1FA7A753,0.17414509887285795
CC_EE6FCE6C233A,0.20444659623415604
CC_EE88C07B9333,0.07922425515253474
CC_EE9004165810,0.06978265281165837
CC_EE9BD17AD343,0.04363204793524991
CC_EEA608D5A455,0.16044740320030423
CC_EEAFDB1BB486,0.5494250742265122
CC_EEB482736C41,0.26868693831749657
CC_EEBD9DA093E1,0.03010653960023764
CC_EEF23DDD2262,0.13473534214063287
CC_EEFBDC9AD94A,0.07577576129720166
CC_EF05000895F4,0.5384837664073966
CC_EF16B2CE0988,0.3707055768130215
CC_EF1DD3F0CBDF,0.062150188953708774
CC_EF2D82085BB9,0.08958200795936061
CC_EF2DBE79D656,0.26677733502239653
CC_EF3000C48A4C,0.05624770390699922
CC_EF359AF608EA,0.03461509953937962
CC_EF362432D758,0.27599936635716965
CC_EF548B30F1B6,0.21732906871858026
CC_EF5B403DFD7E,0.1120773219676463
CC_EF66DA0DDF9C,0.33200090292114814
CC_EF70BA4AEEC4,0.2057903716686273
CC_EF83DD56FCC5,0.060167026777178584
CC_EF8B642A6F8D,0.05128279285628812
CC_EFA1EB27DA19,0.029926425617840587
CC_EFAE84EA9BDE,0.09379465421548046
CC_EFB26BEA106E,0.2922753549998023
CC_EFBB51CD8502,0.22600429373966566
CC_EFC18E9B3B55,0.10700738993162474
CC_EFC4B0020E2D,0.15261008250995836
CC_EFC9FA5108D9,0.19366652677335436
CC_EFE45D9B9D9C,0.037603489437291866
CC_EFF27FA98DF1,0.05311077032475296
CC_F000DA497736,0.23291510493240863
CC_F00107DE219E,0.6425221632828401
CC_F009FC54A64B,0.7630081443727744
CC_F01DF28C6BFF,0.09210662088905203
CC_F037C91F63BF,0.15663256049360855
CC_F03FADA95A03,0.750554893281506
CC_F05235F3C894,0.10818549920854985
CC_F0649FEBFEB8,0.5077443907387785
CC_F066C78B5C0D,0.14695277061918288
CC_F07313626618,0.644377549536814
CC_F0783F6A56F5,0.810254735709309
CC_F0791523691A,0.1848728754248069
CC_F080750455CE,0.04068795798733723
CC_F0809EBB0B51,0.015201599689204854
CC_F08259F86E23,0.171746350676324
CC_F0929F859702,0.19331565341605358
CC_F0A7203CCA39,0.09988647087500414
CC_F0CD4DD9C63C,0.1276564181757987
CC_F0D29AD328E5,0.16394494439575472
CC_F0D339E5B80C,0.07356060076231392
CC_F0D3BC14FA77,0.08281520124367661
CC_F0E16D28D49D,0.1716716484809985
CC_F0EBE2C00A7B,0.06294727409985054
CC_F0F137758DC2,0.047390089210525815
CC_F0F6BD40CA43,0.3823414041735575
CC_F0F6FCF6010F,0.17978440917463573
CC_F0FBC9D4ECA1,0.015201599689204854
CC_F0FEE924096C,0.25510340187333547
CC_F1074E035DE6,0.06231336269548438
CC_F108D26930FF,0.38310969945814777
CC_F10DB853B9DF,0.4377520518687778
CC_F10E06D52D76,0.1200913920083731
CC_F11F5F477B91,0.6887116022093946
CC_F14913B5BE1B,0.7650847714604833
CC_F156C1647E3D,0.08280458518021871
CC_F1598097E314,0.7076830884680156
CC_F1641E3AAB3C,0.0419012668263331
CC_F166878FB959,0.046168921716326645
CC_F17540FE7C9F,0.12173887345817734
CC_F175BB08B29E,0.04475781102039688
CC_F1782AF286D0,0.42472460644012544
CC_F1796AD4B774,0.6498133537713948
CC_F17B3A3A5E56,0.6316568926395045
CC_F1858D6F0080,0.1387730377181325
CC_F18689FA8E29,0.06383416612952067
CC_F18A82B0F153,0.1080825404457894
CC_F1AE7142A128,0.10583957211458728
CC_F1B43DD57C9C,0.1158234373901463
CC_F1BCB7676492,0.09011317418345681
CC_F1C8B8BB90AE,0.12998081499584727
CC_F1E044CD2D75,0.2569959245642442
CC_F1FCB96B5E14,0.2577665923569186
CC_F2067E92A939,0.1288412886863741
CC_F21512554CC9,0.0814314281472895
CC_F243956B7575,0.10376307008797228
CC_F24FBC9FD3F7,0.3123767752239495
CC_F252EB3F208B,0.07461516117760353
CC_F25D793346CA,0.3924566408277823
CC_F25EB1ED5AD9,0.07460758801279078
CC_F265A0AE845F,0.7154287569207886
CC_F274BB4AEBE0,0.0395400073281297
CC_F28BF2185131,0.10782314497531596
CC_F29077E45AF0,0.28324588962803177
CC_F2988560CAB8,0.3833308222692692
CC_F2993AB36C56,0.09450745109025306
CC_F29D6C65779E,0.08306794601590878
CC_F2D2BADD0000,0.049939772054776684
CC_F2E4AEB73D57,0.14740223262071275
CC_F2E630BAF431,0.03690535562951752
CC_F2EFCB40AE74,0.1521839669256207
CC_F2F085891915,0.7162707504706304
CC_F3030E2C80A0,0.19616344640733105
CC_F3044C7C16BB,0.06496723788609257
CC_F30B21CB4603,0.09227959985035775
CC_F3140FCE870A,0.09415764329967849
CC_F32A84B321FC,0.1824537663390199
CC_F339FF584607,0.269989861951889
CC_F33CEE0F6DBE,0.4704555072811582
CC_F33DAF3E9CF0,0.11375926271200898
CC_F34EC3FF202F,0.08114174013044216
CC_F35A6C383B39,0.20300954676816005
CC_F360E0FF27CA,0.05490279802264963
CC_F36B7AEC0086,0.14885760412926824
CC_F370665BECB8,0.5894759972968115
CC_F373A60E53E8,0.05284015488571287
CC_F373BDAE18B2,0.06985226783252316
CC_F3745BC63340,0.07848450372445981
CC_F37DC9169301,0.10439185066113636
CC_F394E57C5243,0.2191464484174506
CC_F39E98FD418D,0.06808311929281825
CC_F39F51452381,0.023374284763295
CC_F3A52465664E,0.06155416164291304
CC_F3A8CF761A0F,0.24856875792491792
CC_F3BF1709E29A,0.418034525305991
CC_F3BF72C29211,0.07223630665520415
CC_F3CF35465CF1,0.04310241908054448
CC_F3E2186DBD4F,0.26644256600617333
CC_F3F0F9B9B56E,0.1513742059664129
CC_F3F185395BE1,0.11035369644878096
CC_F3F68E6599E7,0.07180089454220177
CC_F3F7763C9DFE,0.18166729394843986
CC_F3FFF13592CE,0.05066675107396843
CC_F410C3CE89E1,0.16255947069083798
CC_F410C8B811FE,0.05052882958377248
CC_F4132072D78E,0.09959365322472484
CC_F4157B8E5B32,0.5426031634751917
CC_F41CF067E828,0.11985218814058157
CC_F41DC456E539,0.03773214349713657
CC_F41EEF55A0EC,0.024875898663459156
CC_F426B5C1F07D,0.30870145213725114
CC_F437875F9000,0.19150447538843346
CC_F43C961F8A30,0.1416763479228558
CC_F43D9BF23472,0.049102319828877035
CC_F444BE033109,0.16991536594934742
CC_F4481124F17A,0.182997962969144
CC_F44EAAF80F70,0.08584535454930975
CC_F4521F6D3492,0.5225899345307321
CC_F46BD9AB1B68,0.15710588840063008
CC_F4763AA0B824,0.6258985862644459
CC_F47976F33E20,0.20847977595541825
CC_F47E588D4470,0.1859773095575285
CC_F4A2777912C2,0.11172783845437716
CC_F4A6C2B23685,0.06741772021141765
CC_F4B3EAEEEA8B,0.019707331901985065
CC_F4C6CD1E720C,0.06543699834369736
CC_F4D05DA98C83,0.07611000368542988
CC_F4D15889CDE0,0.157628160016563
CC_F4DEC1E6173D,0.030777422458490935
CC_F4EFAD6AF8BD,0.3049589834567578
CC_F4F7835A1FA2,0.24492896140815673
CC_F500597795FB,0.2055793220535093
CC_F5197FA9580F,0.6767458585104738
CC_F5240F59146F,0.08732155650288724
CC_F534A0B87C3B,0.16476533597649848
CC_F536972BFE98,0.1429173475134997
CC_F54FDFE5A5C8,0.07133396839008517
CC_F55727F65F86,0.19245489048270883
CC_F558EBDCDD6D,0.1380776373959055
CC_F56D569AC51F,0.0782785309441091
CC_F5714D180EE1,0.13506750928286204
CC_F576ED9554AD,0.4271794738312791
CC_F57C2559358E,0.20154568145116736
CC_F5AA72FC0972,0.08716506788612352
CC_F5AE7DEA2B48,0.08544467258013401
CC_F5C6A5E9D495,0.17512117432054589
CC_F5E0731F2181,0.21675998240681388
CC_F5F4F3B03FE8,0.7736500241690473
CC_F604D7B9CBD9,0.21618325431288635
CC_F60F13391D61,0.18928872703899238
CC_F618D72DF162,0.07272849397551964
CC_F620B15ACC5D,0.08093789191581417
CC_F62D426D6614,0.14074215813154384
CC_F634999D5C1D,0.015201599689204854
CC_F636E5BAEE47,0.1914375545750067
CC_F6461B692240,0.7327071043619751
CC_F65BAD63AED0,0.17022944218880642
CC_F65DD2AC57E8,0.26047545796891564
CC_F66C6577674C,0.039415306940595585
CC_F670896FE959,0.18262080546477896
CC_F67376F272EA,0.6751239209476888
CC_F67FFE9E884E,0.263686250734246
CC_F683C99F06C1,0.14652523311384888
CC_F68523E2CE7A,0.7577830422519775
CC_F68E62F9AA0F,0.015201599689204854
CC_F69604E05962,0.07858215506769091
CC_F6B8913740B3,0.0837387427534376
CC_F6BB4952DD35,0.2927900870707731
CC_F6C0B7AC57B5,0.5635506412659024
CC_F6D2B06E6E8B,0.5485155648039165
CC_F6EB30A84C9F,0.26002393163265713
CC_F70345A4792A,0.10829064234450389
CC_F7068C1F77B3,0.3394743052404977
CC_F70B0EA8C0E7,0.06838185325378793
CC_F71CC97FCE83,0.1170278801146917
CC_F722224A84F4,0.7323752416165805
CC_F72D1046063A,0.20821880336368123
CC_F72DAB32A281,0.06384903927075856
CC_F733AA5C0ED9,0.06075060915166145
CC_F74043C1BBEB,0.07671797970121619
CC_F74A31E36137,0.04523533486856399
CC_F756B167634F,0.17609466658503747
CC_F75CBE8E1B92,0.3609062947290745
CC_F761F7EEAD39,0.1770133901174566
CC_F79303D62FCD,0.08174017899100171
CC_F795134B52E6,0.6394591814250583
CC_F79533E83ECA,0.09753784348913905
CC_F79F9A7ED432,0.7041543740472208
CC_F7B2FC73E020,0.03160713203976171
CC_F7CF24594B20,0.06682127460989322
CC_F7D31937AA89,0.04771431746142703
CC_F7EFD378035D,0.36095908804555216
CC_F8014B1E00D6,0.03893882209404757
CC_F80ADE95A7C8,0.0525822267779915
CC_F82E58E476A9,0.1269743169172874
CC_F82EB123CC19,0.19893694513965204
CC_F83088660331,0.08917461640799154
CC_F83C6DF6A815,0.5603554961441264
CC_F8620C4F7581,0.1793188598375983
CC_F869F4DA5077,0.828060519674876
CC_F86B1C53EAF4,0.24358490643856137
CC_F87B7F26FF51,0.24851031624457134
CC_F8803D1C899B,0.06337524476139256
CC_F892E51AC9DD,0.03559547839532923
CC_F89C185743F0,0.15840603404395856
CC_F8A4D45C3769,0.09253582481407614
CC_F8AD68EA5A16,0.22438144351070266
CC_F8B4DBD0CE8A,0.34031552876012416
CC_F8F3E551F166,0.26002393163265713
CC_F8F9FE2C9B65,0.30643074320929203
CC_F912A50D0DD1,0.14278413943894214
CC_F91B7C2B1AFD,0.09651813809869107
CC_F925251D4BF0,0.44329512472535926
CC_F925ADD60E7B,0.04193278070254449
CC_F9282C144479,0.06640466538431936
CC_F92EE3287CC8,0.08376637070241491
CC_F93332608FE1,0.16595504532181693
CC_F94070DE3B81,0.038962931484057606
CC_F94C81428D20,0.18782617251488062
CC_F95DFFDA9B12,0.4627044753340315
CC_F96A53B02447,0.5665797456638212
CC_F96A965CDCB0,0.6604674520647522
CC_F9721FEDBE9E,0.17190105958728355
CC_F97C3E145882,0.22340551354501906
CC_F97C64C64052,0.0729179989566945
CC_F98660A07E6A,0.8603958689324767
CC_F98BA4B13724,0.07107142159884065
CC_F9A3F3A76B1A,0.13923154492015022
CC_F9A8E2B3A703,0.12581262980974545
CC_F9B3E7E7F2A9,0.46107589091982054
CC_F9D7D0B1E4A8,0.6817917142950998
CC_F9EDA4EDDD44,0.036995941278585916
CC_F9F2176B12FE,0.038007782397909015
CC_F9F90E76CA5B,0.12264417781918778
CC_FA0157249C01,0.0876314052153299
CC_FA169BCA835F,0.07699284792481949
CC_FA19B61BCABB,0.12621514269966763
CC_FA1DD203C293,0.26492067574942346
CC_FA2E30269BC1,0.1928535612683776
CC_FA304CE8E045,0.2486104654339769
CC_FA310759A257,0.6393661950507837
CC_FA32397E7B8C,0.14285931601127655
CC_FA33D97B84D4,0.09807773746426333
CC_FA38991B9434,0.015201599689204854
CC_FA4079FFF1E5,0.17635047283411728
CC_FA716665CD8F,0.06692432280928305
CC_FA770268B207,0.1758060152775305
CC_FA7A2F59245B,0.5015662935613768
CC_FA8205104EBF,0.06758579065540683
CC_FA8370AF8740,0.04272249546534046
CC_FA858F1025FF,0.13843040605895915
CC_FA86320CF6B0,0.03256316332629623
CC_FA8B341CD3EA,0.2882814449319344
CC_FA9057AAF95B,0.12623527800165443
CC_FA97314C666C,0.062281200016203346
CC_FA974C1D91AD,0.36979174314547497
CC_FAA0E5BC9F44,0.7278116258686876
CC_FAA2694D8578,0.30181353660716825
CC_FAAFFC74BC35,0.6947362770036383
CC_FABA6DCF8E45,0.015201599689204854
CC_FABC53294AC1,0.19418626404424474
CC_FAC52B8E66DA,0.09189185073422805
CC_FAD284D8DAC8,0.9570429643732705
CC_FAE70CA5999C,0.13080148588396817
CC_FAF1CCB40132,0.08660451565392524
CC_FAF93D8B3B59,0.04204806466676563
CC_FB09E5481B64,0.14198873355731817
CC_FB150A1F7C3B,0.14245501658242532
CC_FB1808471515,0.38732218857845013
CC_FB296D823CF6,0.08256954988323245
CC_FB301E1FA7FF,0.03555961205459442
CC_FB33C958A19E,0.47955611033742634
CC_FB40D63FC3D3,0.16019077812294996
CC_FB45A1837AD7,0.10401433220350277
CC_FB45B79CED15,0.09585525249279853
CC_FB52260232E3,0.050069641106904275
CC_FB6A0A7B8813,0.2558509718474837
CC_FB6ED10D82D2,0.07758962940402815
CC_FB78DE84AF05,0.017485203815229788
CC_FB8DF8F93E7F,0.20822068894125034
CC_FB8F89048B89,0.08630362261887888
CC_FB9C3E77A49E,0.1187244958647291
CC_FBA40CEAEA18,0.0994525498861696
CC_FBA998938FE5,0.153192852080801
CC_FBADBAFCD1B3,0.258865556964923
CC_FBCB85E21ADD,0.1527287869528905
CC_FBCD00EE4402,0.09285458062482987
CC_FBD40DFBA5D5,0.2421618455913685
CC_FBDECF3DACAE,0.2226344652005972
CC_FBE4E2F652EB,0.19411176165754607
CC_FBEA9510C687,0.257073054142244
CC_FBED1E2E1CC0,0.15830438446535924
CC_FBF54E48EB13,0.035036570646054394
CC_FC1E279EF320,0.04645074132793357
CC_FC2E1D460089,0.07870605636763468
CC_FC31CBD20CDF,0.1831225992775891
CC_FC41D8134A1C,0.0785805138315658
CC_FC44D7EF257E,0.04585537370243191
CC_FC4A649BDD07,0.20082640685853345
CC_FC51BCDBB6B2,0.14084244411357005
CC_FC57B6E79AAC,0.21084835635025523
CC_FC6AA879D9CF,0.13337948580127149
CC_FC7A926F3A64,0.6947950739624786
CC_FC83CB9C71CD,0.03337864147004987
CC_FC9E6D511294,0.1297913020603103
CC_FCA657E69930,0.44966835619255163
CC_FCB451237214,0.7897777061335975
CC_FCC7E51DF812,0.41469590333392725
CC_FCD42ECC012B,0.0562385258990634
CC_FCE8FAEAAEF1,0.09188030730863506
CC_FCFAE9BE2522,0.37217991240459064
CC_FCFDB5DFE5D4,0.08334165938977156
CC_FD24FC7961A5,0.08843081556544348
CC_FD2793DCB5EF,0.12253376059480722
CC_FD2EEF724088,0.1273265653326469
CC_FD3205367675,0.10530495257277235
CC_FD3A21CDCA7C,0.08843081556544348
CC_FD3C4C2FB68C,0.18873700410185998
CC_FD41687DC1A0,0.1217715824459627
CC_FD44B4E31EFE,0.07349854845584469
CC_FD5721556AB7,0.0851072686187696
CC_FD643C174587,0.2792908079718071
CC_FD6BFA30DD9E,0.2390358851573278
CC_FD7C9DD7F11B,0.1461364540558331
CC_FD7F2D90CF8C,0.06154991295254796
CC_FD8C4F601909,0.053454576867878675
CC_FD90B45AA24E,0.1217830144103527
CC_FD95457772AB,0.06339878868971285
CC_FD9D9B58DB1A,0.21009618762497367
CC_FDA918AEB5D6,0.6285229681560023
CC_FDD4C2065540,0.37587887511159757
CC_FDE57A2C5156,0.17281119523956195
CC_FDE9920975F6,0.2237339051263547
CC_FDEC856F9C6D,0.06326145382544522
CC_FDEED2AA92A3,0.38082365059247714
CC_FDF5607ECC1B,0.05973306410099353
CC_FDFED3D7E70E,0.14942562309475432
CC_FE0324F99784,0.09795838671551076
CC_FE0A18D6570D,0.036694547959342086
CC_FE0DACAC84BC,0.22651622560808812
CC_FE16586C9FAB,0.2564700192135483
CC_FE16FBC86237,0.17836724987708216
CC_FE1C808C4515,0.05630049186805118
CC_FE1E64201B9F,0.1036524267800356
CC_FE33D60E29EB,0.015201599689204854
CC_FE3ACE674BEA,0.15613677393415176
CC_FE468E9AA9D9,0.01924795338162576
CC_FE5AA923C220,0.1704186849674407
CC_FE6C777DDC19,0.06249465158685807
CC_FE6DD8C8EC90,0.22426011000182347
CC_FE7A84AAA8F7,0.1363204588637665
CC_FE7DB6B410A4,0.1262142927587567
CC_FE8691B1F3D9,0.07849733182329531
CC_FE874279A94B,0.10545614867756163
CC_FEA61499305D,0.16962408864326892
CC_FEC22B334AC5,0.14581076590121836
CC_FF045F9508F2,0.17405889085124587
CC_FF0EFF711598,0.23592563535852518
CC_FF12F53D5676,0.03974260219837701
CC_FF13D426EC1C,0.16445280389748257
CC_FF16A7C8600F,0.20100545262553432
CC_FF2236DC115C,0.4131992849937675
CC_FF2725428B6F,0.058534549052641834
CC_FF3176D91690,0.10776390656676899
CC_FF393D295D66,0.0417576184265422
CC_FF4598202C5F,0.692513140037062
CC_FF463A4B3D04,0.2668665875208613
CC_FF4703F7664E,0.05295087816338632
CC_FF86EC3C0851,0.49511857492001604
CC_FF8A580DD831,0.141663134176301
CC_FF8BD8697ADE,0.1208435474028601
CC_FFA681A2054A,0.04272249546534046
CC_FFB6B2D2BB2A,0.36261305053650933
CC_FFBFA27643F8,0.16338576743276303
CC_FFC81CC80F9D,0.1473545636421379
CC_FFCC9C0763D4,0.10287977224377615
CC_FFD4E33DC920,0.547103941737448
CC_FFDE11143038,0.05098559823944257
CC_FFEF28047C4F,0.40937557388514534
